;tribunnews;metrotv;detik;kompas;viva;pikiranrakyat;jawapos;tvone;tempo;bisnisindonesia;antaranews;cnbcindonesia;republika;disway;kumparan;suara;sindo;liputan6;cnnindonesia;detikx
anies;0.2684095860566449;0.6614173228346457;0.22982131854590265;0.2850467289719626;0.28370786516853935;0.2610062893081761;0.22127139364303178;0.32666666666666666;0.26508226691042047;0.2909090909090909;0.19914651493598862;0.3673469387755102;0.2818991097922849;0.4397590361445783;0.3;0.3626373626373626;0.03360370799536501;0.15204678362573099;0.10526315789473684;0.2
prabowo;0.33681917211328977;0.18503937007874016;0.3943314849044978;0.3543613707165109;0.5037453183520599;0.4329140461215933;0.3643031784841076;0.39555555555555555;0.3857404021937843;0.3393939393939394;0.31436699857752487;0.336734693877551;0.44510385756676557;0.3674698795180723;0.46;0.43956043956043955;0.06488991888760139;0.32748538011695905;0.42105263157894735;0.4
ganjar;0.39477124183006534;0.15354330708661418;0.3758471965495995;0.3605919003115265;0.21254681647940074;0.3060796645702306;0.41442542787286063;0.2777777777777778;0.3491773308957952;0.3696969696969697;0.4864864864864865;0.29591836734693877;0.27299703264094954;0.1927710843373494;0.24;0.1978021978021978;0.9015063731170336;0.52046783625731;0.47368421052631576;0.4
imin;0.23138297872340424;0.4412532637075718;0.2;0.2883435582822086;0.19588875453446192;0.18097014925373134;0.15543071161048688;0.14836795252225518;0.17096018735362997;0.2020460358056266;0.14964788732394366;0.2185430463576159;0.16733067729083664;0.3333333333333333;0.22;0.18333333333333332;0.01576182136602452;0.13636363636363635;0.23076923076923078;0.0
gibran;0.44481382978723405;0.381201044386423;0.4716312056737589;0.3936605316973415;0.535671100362757;0.4701492537313433;0.5037453183520599;0.543026706231454;0.48243559718969553;0.46547314578005117;0.448943661971831;0.3973509933774834;0.5537848605577689;0.5072463768115942;0.5866666666666667;0.38333333333333336;0.09632224168126094;0.19696969696969696;0.19230769230769232;0.75
mahfud;0.3238031914893617;0.17754569190600522;0.3283687943262411;0.3179959100204499;0.26844014510278114;0.34888059701492535;0.3408239700374532;0.3086053412462908;0.34660421545667447;0.33248081841432225;0.4014084507042254;0.3841059602649007;0.2788844621513944;0.15942028985507245;0.19333333333333333;0.43333333333333335;0.8879159369527145;0.6666666666666666;0.5769230769230769;0.25
