;suara;liputan6;viva;bisnisindonesia;kompas;tempo;antaranews;tribunnews;mediaindonesia;cnnindonesia;detik;metrotv;jawapos;sindo;disway;tvone;idntimes;pikiranrakyat;katadata;tirto;kontan;republika;cnbcindonesia;rri;kumparan;kumparanplus;detikx
anies;0.0864600326264274;0.1;0.1037037037037037;0.11781609195402298;0.08888888888888889;0.07311827956989247;0.08524590163934426;0.061855670103092786;0.08633093525179857;0.07407407407407407;0.059375;0.08900523560209424;0.1111111111111111;0.06763285024154589;0.1;0.11214953271028037;0.04150943396226415;0.06134969325153374;0.07142857142857142;0.08264462809917356;0.05;0.030927835051546393;0.012861736334405145;0.06060606060606061;0.038461538461538464;0.0;0.0
prabowo;0.7487765089722676;0.8551020408163266;0.8049382716049382;0.7988505747126436;0.8533333333333334;0.7806451612903226;0.8622950819672132;0.7628865979381443;0.841726618705036;0.7777777777777778;0.84375;0.8429319371727748;0.8496732026143791;0.8502415458937198;0.8642857142857143;0.8130841121495327;0.8867924528301887;0.7730061349693251;0.8428571428571429;0.8016528925619835;0.9285714285714286;0.8711340206185567;0.932475884244373;0.9090909090909091;0.6730769230769231;1.0;0.5
ganjar;0.16476345840130505;0.044897959183673466;0.09135802469135802;0.08333333333333333;0.057777777777777775;0.14623655913978495;0.05245901639344262;0.17525773195876287;0.07194244604316546;0.14814814814814814;0.096875;0.06806282722513089;0.0392156862745098;0.0821256038647343;0.03571428571428571;0.07476635514018691;0.07169811320754717;0.1656441717791411;0.08571428571428572;0.11570247933884298;0.02142857142857143;0.0979381443298969;0.05466237942122187;0.030303030303030304;0.28846153846153844;0.0;0.5
imin;0.03389830508474576;0.0;0.0;0.0;0.0;0.0;0.0;0.3333333333333333;;0.05263157894736842;0.0;0.125;0.5;0.2;0.0;0.0;0.0;0.0;0.0;0.0;;0.0;0.0;0.0;0.0;;
gibran;0.23728813559322035;0.2;0.6;0.3333333333333333;0.09836065573770492;0.07692307692307693;0.0;0.5;;0.10526315789473684;0.1111111111111111;0.125;0.0;0.6;0.5;0.0;0.14285714285714285;0.2857142857142857;0.5;0.0;;0.09090909090909091;0.0;0.0;0.25;;
mahfud;0.7288135593220338;0.8;0.4;0.6666666666666666;0.9016393442622951;0.9230769230769231;1.0;0.16666666666666666;;0.8421052631578947;0.8888888888888888;0.75;0.5;0.2;0.5;1.0;0.8571428571428571;0.7142857142857143;0.5;1.0;;0.9090909090909091;1.0;1.0;0.75;;
