;tribunnews;metrotv;detik;kompas;viva;pikiranrakyat;jawapos;antaranews;tvone;tempo;bisnisindonesia;cnbcindonesia;disway;republika;kumparan;suara;sindo;liputan6;detikx;cnnindonesia
anies;0.2630045776113192;0.6816431322207959;0.22342342342342342;0.2800620636152056;0.2842003853564547;0.26772616136919314;0.21487603305785125;0.20200892857142858;0.330078125;0.2608695652173913;0.301255230125523;0.3973941368078176;0.4662576687116564;0.2757352941176471;0.3333333333333333;0.3425925925925926;0.032397408207343416;0.15060240963855423;0.2;0.0
prabowo;0.3283395755305868;0.17458279845956354;0.3987987987987988;0.35764158262218776;0.5317919075144508;0.4315403422982885;0.3730814639905549;0.33482142857142855;0.41015625;0.3826086956521739;0.34309623430962344;0.2964169381107492;0.36809815950920244;0.47058823529411764;0.4228855721393035;0.48148148148148145;0.05183585313174946;0.3614457831325301;0.4;0.45454545454545453
ganjar;0.40865584685809403;0.14377406931964057;0.37777777777777777;0.36229635376260666;0.18400770712909442;0.30073349633251834;0.41204250295159384;0.46316964285714285;0.259765625;0.3565217391304348;0.35564853556485354;0.30618892508143325;0.1656441717791411;0.2536764705882353;0.24378109452736318;0.17592592592592593;0.9157667386609071;0.4879518072289157;0.4;0.5454545454545454
imin;0.2384318766066838;0.46919431279620855;0.21807065217391305;0.30828516377649323;0.1942098914354644;0.1973392461197339;0.18214285714285713;0.16569767441860464;0.18134715025906736;0.1591928251121076;0.2123456790123457;0.23076923076923078;0.3611111111111111;0.17307692307692307;0.2261904761904762;0.20634920634920634;0.017064846416382253;0.12698412698412698;0.0;0.2857142857142857
gibran;0.4383033419023136;0.35545023696682465;0.47622282608695654;0.4055876685934489;0.5500603136308806;0.43680709534368073;0.4857142857142857;0.46075581395348836;0.5155440414507773;0.47085201793721976;0.4666666666666667;0.40384615384615385;0.4722222222222222;0.5480769230769231;0.5714285714285714;0.3492063492063492;0.08020477815699659;0.19047619047619047;0.75;0.19047619047619047
mahfud;0.3232647814910026;0.17535545023696683;0.30570652173913043;0.2861271676300578;0.255729794933655;0.36585365853658536;0.33214285714285713;0.373546511627907;0.30310880829015546;0.36995515695067266;0.32098765432098764;0.36538461538461536;0.16666666666666666;0.27884615384615385;0.20238095238095238;0.4444444444444444;0.9027303754266212;0.6825396825396826;0.25;0.5238095238095238
