;tribunnews;metrotv;detik;kompas;viva;pikiranrakyat;jawapos;antaranews;tvone;tempo;bisnisindonesia;cnbcindonesia;republika;disway;kumparan;suara;sindo;liputan6;detikx;cnnindonesia
anies;0.26359832635983266;0.6817010309278351;0.2220205686630369;0.28095975232198145;0.2835249042145594;0.265625;0.21971496437054633;0.20112994350282487;0.33398821218074654;0.26537785588752194;0.29521829521829523;0.3941368078175896;0.2773722627737226;0.46296296296296297;0.32663316582914576;0.3425925925925926;0.032502708559046585;0.1524390243902439;0.2;0.0
prabowo;0.3322175732217573;0.17783505154639176;0.3986690865093769;0.3606811145510836;0.5344827586206896;0.4338942307692308;0.3752969121140142;0.3333333333333333;0.4086444007858546;0.3866432337434095;0.34303534303534305;0.30293159609120524;0.4744525547445255;0.37037037037037035;0.4271356783919598;0.48148148148148145;0.050920910075839654;0.36585365853658536;0.4;0.45454545454545453
ganjar;0.40418410041841;0.1404639175257732;0.3793103448275862;0.35835913312693496;0.18199233716475097;0.3004807692307692;0.40498812351543945;0.4655367231638418;0.25736738703339884;0.34797891036906853;0.36174636174636177;0.30293159609120524;0.24817518248175183;0.16666666666666666;0.24623115577889448;0.17592592592592593;0.9165763813651138;0.4817073170731707;0.4;0.5454545454545454
imin;0.23987138263665594;0.4666666666666667;0.21889870836165873;0.30694980694980695;0.19975786924939468;0.20088300220750552;0.18345323741007194;0.16323529411764706;0.18324607329842932;0.16780045351473924;0.21182266009852216;0.23684210526315788;0.16981132075471697;0.36363636363636365;0.2275449101796407;0.20634920634920634;0.017094017094017096;0.13333333333333333;0.0;0.2857142857142857
gibran;0.4360128617363344;0.3619047619047619;0.47314751869476546;0.40540540540540543;0.5508474576271186;0.434878587196468;0.4892086330935252;0.4602941176470588;0.518324607329843;0.46938775510204084;0.46798029556650245;0.39473684210526316;0.5566037735849056;0.4755244755244755;0.5688622754491018;0.3492063492063492;0.08034188034188035;0.2;0.75;0.19047619047619047
mahfud;0.32411575562700967;0.17142857142857143;0.3079537729435758;0.2876447876447876;0.24939467312348668;0.36423841059602646;0.3273381294964029;0.3764705882352941;0.29842931937172773;0.36281179138321995;0.32019704433497537;0.3684210526315789;0.27358490566037735;0.16083916083916083;0.20359281437125748;0.4444444444444444;0.9025641025641026;0.6666666666666666;0.25;0.5238095238095238
