;tribunnews;metrotv;detik;kompas;viva;pikiranrakyat;antaranews;tvone;jawapos;bisnisindonesia;tempo;cnbcindonesia;disway;kumparan;republika;suara;sindo;liputan6;detikx;cnnindonesia
anies;0.26062773142630113;0.6807692307692308;0.21481028151774786;0.2542372881355932;0.2744323790720632;0.2651048088779285;0.19198312236286919;0.32884615384615384;0.20194647201946472;0.294238683127572;0.24310344827586206;0.4027777777777778;0.44886363636363635;0.34080717488789236;0.2540322580645161;0.34615384615384615;0.03289473684210526;0.1242603550295858;0.25;0.0
prabowo;0.33253873659118;0.1717948717948718;0.40024479804161567;0.3659476117103236;0.543928923988154;0.436498150431566;0.35548523206751054;0.40384615384615385;0.38321167883211676;0.3436213991769547;0.36724137931034484;0.28125;0.38636363636363635;0.4260089686098655;0.4959677419354839;0.47115384615384615;0.0537280701754386;0.35502958579881655;0.25;0.4444444444444444
ganjar;0.40683353198251887;0.14743589743589744;0.3849449204406365;0.3798151001540832;0.18163869693978282;0.29839704069050554;0.4525316455696203;0.2673076923076923;0.4148418491484185;0.36213991769547327;0.3896551724137931;0.3159722222222222;0.16477272727272727;0.23318385650224216;0.25;0.18269230769230768;0.9133771929824561;0.5207100591715976;0.5;0.5555555555555556
imin;0.22878228782287824;0.4346895074946467;0.2269979852249832;0.30833333333333335;0.1927144535840188;0.20758928571428573;0.17890520694259013;0.18229166666666666;0.17773788150807898;0.21184510250569477;0.14870689655172414;0.21875;0.3125;0.23204419889502761;0.17587939698492464;0.20967741935483872;0.01680672268907563;0.1125;0.0;0.2857142857142857
gibran;0.45448954489544896;0.4004282655246253;0.4714573539288113;0.40555555555555556;0.5558166862514688;0.4419642857142857;0.4712950600801068;0.5130208333333334;0.5008976660682226;0.4715261958997722;0.4698275862068966;0.4;0.525;0.569060773480663;0.5376884422110553;0.3387096774193548;0.08235294117647059;0.225;0.6666666666666666;0.23809523809523808
mahfud;0.3167281672816728;0.16488222698072805;0.3015446608462055;0.2861111111111111;0.25146886016451236;0.35044642857142855;0.34979973297730305;0.3046875;0.3213644524236984;0.31662870159453305;0.38146551724137934;0.38125;0.1625;0.19889502762430938;0.2864321608040201;0.45161290322580644;0.9008403361344538;0.6625;0.3333333333333333;0.47619047619047616
