;tribunnews;metrotv;detik;kompas;viva;pikiranrakyat;jawapos;tvone;antaranews;tempo;bisnisindonesia;cnbcindonesia;republika;disway;kumparan;suara;sindo;liputan6;detikx;cnnindonesia
anies;0.26762346981848883;0.6772068511198946;0.22386223862238622;0.28515318146111546;0.28151658767772514;0.26218097447795824;0.22650602409638554;0.35040983606557374;0.1923536439665472;0.2671353251318102;0.29568788501026694;0.3973941368078176;0.27526132404181186;0.46107784431137727;0.3389830508474576;0.36538461538461536;0.03425414364640884;0.13836477987421383;0.2;0.06666666666666667
prabowo;0.3368509919797383;0.18181818181818182;0.4015990159901599;0.3582089552238806;0.5279620853080569;0.4385150812064965;0.38072289156626504;0.3975409836065574;0.33811230585424135;0.39718804920913886;0.3408624229979466;0.30618892508143325;0.47038327526132406;0.3592814371257485;0.4406779661016949;0.5096153846153846;0.05856353591160221;0.3710691823899371;0.4;0.4
ganjar;0.3955255382017729;0.14097496706192358;0.37453874538745385;0.3566378633150039;0.190521327014218;0.29930394431554525;0.3927710843373494;0.2520491803278688;0.46953405017921146;0.335676625659051;0.36344969199178645;0.2964169381107492;0.25435540069686413;0.17964071856287425;0.22033898305084745;0.125;0.907182320441989;0.49056603773584906;0.4;0.5333333333333333
imin;0.238973008558262;0.45363408521303256;0.21363952679192763;0.29891838741396265;0.19614921780986763;0.19574468085106383;0.1750465549348231;0.184;0.15514592933947774;0.17312072892938496;0.21144278606965175;0.2468354430379747;0.16363636363636364;0.35251798561151076;0.23417721518987342;0.2033898305084746;0.01916376306620209;0.11864406779661017;0.0;0.28
gibran;0.4423963133640553;0.37593984962406013;0.4711203897007655;0.4031465093411996;0.5487364620938628;0.4425531914893617;0.5046554934823091;0.512;0.4592933947772657;0.4783599088838269;0.46766169154228854;0.379746835443038;0.5590909090909091;0.48201438848920863;0.569620253164557;0.3728813559322034;0.08885017421602788;0.22033898305084745;0.75;0.16
mahfud;0.3186306780776827;0.17042606516290726;0.31524008350730687;0.29793510324483774;0.25511432009626955;0.3617021276595745;0.3202979515828678;0.304;0.38556067588325654;0.34851936218678814;0.3208955223880597;0.37341772151898733;0.2772727272727273;0.16546762589928057;0.1962025316455696;0.423728813559322;0.89198606271777;0.6610169491525424;0.25;0.56
