;tribunnews;metrotv;detik;kompas;viva;pikiranrakyat;jawapos;tvone;tempo;bisnisindonesia;antaranews;cnbcindonesia;republika;disway;kumparan;suara;sindo;liputan6;cnnindonesia;detikx
anies;0.259927797833935;0.6438172043010753;0.23119266055045873;0.27265625;0.2747952684258417;0.26679841897233203;0.2170263788968825;0.3169164882226981;0.25486725663716814;0.28830645161290325;0.18441971383147854;0.3538961038961039;0.28083989501312334;0.4557823129251701;0.3202614379084967;0.34285714285714286;0.03592814371257485;0.14367816091954022;0.1;0.2
prabowo;0.3434115523465704;0.1881720430107527;0.40428134556574924;0.36953125;0.5031847133757962;0.4268774703557312;0.3597122302158273;0.3961456102783726;0.40176991150442476;0.33669354838709675;0.3322734499205087;0.36363636363636365;0.42782152230971127;0.3673469387755102;0.43137254901960786;0.41904761904761906;0.06347305389221557;0.3390804597701149;0.45;0.4
ganjar;0.39666064981949456;0.16801075268817203;0.36452599388379203;0.3578125;0.22202001819836215;0.30632411067193677;0.42326139088729015;0.28693790149892934;0.3433628318584071;0.375;0.48330683624801274;0.2824675324675325;0.29133858267716534;0.17687074829931973;0.24836601307189543;0.23809523809523808;0.9005988023952096;0.5172413793103449;0.45;0.4
imin;0.20525869380831213;0.43050847457627117;0.20860927152317882;0.2809123649459784;0.18834688346883469;0.18035714285714285;0.15058823529411763;0.13768115942028986;0.13858695652173914;0.18012422360248448;0.13033175355450238;0.2054794520547945;0.17669172932330826;0.3225806451612903;0.1794871794871795;0.17307692307692307;0.019011406844106463;0.13432835820895522;0.21428571428571427;0.0
gibran;0.4546225614927905;0.39661016949152544;0.4478476821192053;0.38415366146458585;0.5230352303523035;0.4625;0.4588235294117647;0.532608695652174;0.5027173913043478;0.4503105590062112;0.43364928909952605;0.4383561643835616;0.5037593984962406;0.5376344086021505;0.5726495726495726;0.40384615384615385;0.07224334600760456;0.19402985074626866;0.21428571428571427;0.6666666666666666
mahfud;0.34011874469889736;0.17288135593220338;0.3435430463576159;0.3349339735894358;0.2886178861788618;0.35714285714285715;0.3905882352941176;0.32971014492753625;0.358695652173913;0.3695652173913043;0.43601895734597157;0.3561643835616438;0.31954887218045114;0.13978494623655913;0.24786324786324787;0.4230769230769231;0.908745247148289;0.6716417910447762;0.5714285714285714;0.3333333333333333
