;tribunnews;metrotv;detik;kompas;viva;pikiranrakyat;jawapos;tempo;bisnisindonesia;republika;tvone;antaranews;cnbcindonesia;disway;kumparan;liputan6;sindo;suara;cnnindonesia;detikx
anies;0.23535851122058019;0.5883306320907618;0.22551724137931034;0.28230980751604035;0.24874118831822759;0.26916524701873934;0.2034805890227577;0.25263157894736843;0.26573426573426573;0.23768736616702354;0.27873563218390807;0.1845841784989858;0.25752508361204013;0.3076923076923077;0.3008130081300813;0.12060301507537688;0.035346097201767304;0.19801980198019803;0.23076923076923078;0.0
prabowo;0.3864258347016968;0.21231766612641814;0.4393103448275862;0.38038496791934007;0.473313192346425;0.40034071550255534;0.3333333333333333;0.4126315789473684;0.38694638694638694;0.4817987152034261;0.3936781609195402;0.36105476673427994;0.41471571906354515;0.4230769230769231;0.4796747967479675;0.3417085427135678;0.061855670103092786;0.43564356435643564;0.5;1.0
ganjar;0.37821565407772306;0.1993517017828201;0.3351724137931035;0.3373052245646196;0.27794561933534745;0.33049403747870526;0.46318607764390896;0.33473684210526317;0.3473193473193473;0.28051391862955033;0.3275862068965517;0.4543610547667343;0.3277591973244147;0.2692307692307692;0.21951219512195122;0.5376884422110553;0.9027982326951399;0.36633663366336633;0.2692307692307692;0.0
imin;0.16896024464831805;0.3412969283276451;0.20683760683760682;0.2529137529137529;0.18044077134986225;0.1400437636761488;0.1366906474820144;0.13262599469496023;0.15432098765432098;0.1518324607329843;0.1484375;0.11363636363636363;0.2125;0.22115384615384615;0.1640625;0.10989010989010989;0.02620967741935484;0.1095890410958904;0.28125;0.0
gibran;0.5451070336391437;0.4812286689419795;0.5017094017094017;0.4219114219114219;0.5289256198347108;0.5361050328227571;0.4556354916067146;0.5729442970822282;0.5277777777777778;0.6047120418848168;0.546875;0.48579545454545453;0.5;0.5673076923076923;0.640625;0.31868131868131866;0.125;0.4246575342465753;0.3125;1.0
mahfud;0.28593272171253825;0.17747440273037543;0.2914529914529915;0.32517482517482516;0.290633608815427;0.3238512035010941;0.407673860911271;0.29442970822281167;0.31790123456790126;0.24345549738219896;0.3046875;0.4005681818181818;0.2875;0.21153846153846154;0.1953125;0.5714285714285714;0.8487903225806451;0.4657534246575342;0.40625;0.0
