;tribunnews;metrotv;detik;kompas;viva;pikiranrakyat;antaranews;tvone;jawapos;tempo;bisnisindonesia;cnbcindonesia;kumparan;disway;republika;suara;sindo;liputan6;detikx;cnnindonesia
anies;0.26233968130586865;0.6811224489795918;0.2054470100651273;0.248868778280543;0.27166504381694256;0.26666666666666666;0.1906653426017875;0.32821497120921306;0.19527363184079602;0.2372322899505766;0.28888888888888886;0.39501779359430605;0.34309623430962344;0.46987951807228917;0.24696356275303644;0.3469387755102041;0.03336921420882669;0.12727272727272726;0.25;0.0
prabowo;0.33929265448892343;0.1760204081632653;0.41503848431024276;0.3733031674208145;0.5598831548198637;0.43452380952380953;0.3634558093346574;0.40307101727447214;0.3880597014925373;0.36902800658978585;0.34949494949494947;0.298932384341637;0.42677824267782427;0.3795180722891566;0.5060728744939271;0.47959183673469385;0.0581270182992465;0.3696969696969697;0.25;0.5
ganjar;0.3983676642052079;0.14285714285714285;0.37951450562462996;0.3778280542986425;0.16845180136319376;0.2988095238095238;0.4458788480635551;0.2687140115163148;0.4166666666666667;0.39373970345963755;0.3616161616161616;0.30604982206405695;0.2301255230125523;0.15060240963855423;0.24696356275303644;0.17346938775510204;0.9085037674919269;0.503030303030303;0.5;0.5
imin;0.23404255319148937;0.4472573839662447;0.22655217965653898;0.30558096980786825;0.19721577726218098;0.22340425531914893;0.17766497461928935;0.18717948717948718;0.18330308529945555;0.15677966101694915;0.2152777777777778;0.2236024844720497;0.23243243243243245;0.3310810810810811;0.17412935323383086;0.22413793103448276;0.017741935483870968;0.125;0.0;0.3
gibran;0.4553191489361702;0.39029535864978904;0.47556142668428003;0.41079597438243365;0.5626450116009281;0.4297872340425532;0.4720812182741117;0.5;0.5009074410163339;0.4597457627118644;0.4675925925925926;0.40993788819875776;0.5621621621621622;0.527027027027027;0.5422885572139303;0.3103448275862069;0.08225806451612903;0.225;0.6666666666666666;0.25
mahfud;0.31063829787234043;0.16244725738396623;0.29788639365918096;0.2836230558096981;0.24013921113689096;0.3468085106382979;0.350253807106599;0.3128205128205128;0.3157894736842105;0.3834745762711864;0.31712962962962965;0.36645962732919257;0.20540540540540542;0.14189189189189189;0.2835820895522388;0.46551724137931033;0.9;0.65;0.3333333333333333;0.45
