;tribunnews;metrotv;detik;kompas;pikiranrakyat;viva;antaranews;tvone;tempo;jawapos;cnbcindonesia;bisnisindonesia;disway;kumparan;suara;republika;sindo;liputan6;cnnindonesia;detikx
anies;0.2661422484431334;0.6386083052749719;0.22807906741003547;0.26286072772898367;0.2921074043938161;0.26248941574936496;0.22195318805488298;0.3416252072968491;0.26790450928381965;0.21748878923766815;0.38177874186550975;0.2787456445993031;0.46502057613168724;0.3488372093023256;0.33916083916083917;0.2694805194805195;0.04540540540540541;0.16022099447513813;0.1875;0.16666666666666666
prabowo;0.36184857423795475;0.21885521885521886;0.4262544348707552;0.3851944792973651;0.45565500406834825;0.5664690939881456;0.37530266343825663;0.40298507462686567;0.39389920424403185;0.40582959641255606;0.3600867678958785;0.3606271777003484;0.3991769547325103;0.4418604651162791;0.4125874125874126;0.4967532467532468;0.08324324324324324;0.3701657458563536;0.5;0.5
ganjar;0.3720091773189118;0.1425364758698092;0.3456664977192093;0.35194479297365117;0.25223759153783565;0.1710414902624894;0.40274414850686036;0.25538971807628524;0.33819628647214856;0.37668161434977576;0.25813449023861174;0.3606271777003484;0.13580246913580246;0.20930232558139536;0.24825174825174826;0.23376623376623376;0.8713513513513513;0.4696132596685083;0.3125;0.3333333333333333
imin;0.22772898368883313;0.4714285714285714;0.2126038781163435;0.3259779338014042;0.2611464968152866;0.18789407313997478;0.17704517704517705;0.19086021505376344;0.16666666666666666;0.1796875;0.22151898734177214;0.21558441558441557;0.3356164383561644;0.23863636363636365;0.1981981981981982;0.18324607329842932;0.021311475409836064;0.14666666666666667;0.29411764705882354;0.0
gibran;0.45796737766624845;0.3653061224489796;0.48130193905817176;0.3981945837512538;0.4140127388535032;0.5611601513240857;0.4700854700854701;0.4838709677419355;0.4458874458874459;0.490234375;0.3924050632911392;0.44675324675324674;0.5273972602739726;0.5568181818181818;0.3963963963963964;0.5392670157068062;0.09016393442622951;0.24;0.35294117647058826;0.75
mahfud;0.31430363864491845;0.16326530612244897;0.3060941828254848;0.275827482447342;0.3248407643312102;0.2509457755359395;0.3528693528693529;0.32526881720430106;0.3874458874458874;0.330078125;0.3860759493670886;0.33766233766233766;0.136986301369863;0.20454545454545456;0.40540540540540543;0.2774869109947644;0.8885245901639345;0.6133333333333333;0.35294117647058826;0.25
