;tribunnews;metrotv;detik;kompas;viva;pikiranrakyat;jawapos;tempo;bisnisindonesia;tvone;cnbcindonesia;republika;antaranews;disway;kumparan;suara;sindo;liputan6;cnnindonesia;detikx
anies;0.2661668228678538;0.6244952893674294;0.24045084533500313;0.2807443365695793;0.2736363636363636;0.2734553775743707;0.22288438617401668;0.26286764705882354;0.2839506172839506;0.3090909090909091;0.34527687296416937;0.2656641604010025;0.19694072657743786;0.425531914893617;0.3287671232876712;0.3063063063063063;0.03909205548549811;0.12571428571428572;0.09523809523809523;0.3333333333333333
prabowo;0.3402061855670103;0.2032301480484522;0.4107701941139637;0.3681229773462783;0.4809090909090909;0.42105263157894735;0.34445768772348034;0.3860294117647059;0.3497942386831276;0.3795454545454545;0.36482084690553745;0.43859649122807015;0.32504780114722753;0.3546099290780142;0.410958904109589;0.40540540540540543;0.05422446406052964;0.34285714285714286;0.47619047619047616;0.3333333333333333
ganjar;0.3936269915651359;0.17227456258411844;0.3487789605510332;0.3511326860841424;0.24545454545454545;0.30549199084668194;0.432657926102503;0.35110294117647056;0.3662551440329218;0.31136363636363634;0.2899022801302932;0.2957393483709273;0.4780114722753346;0.2198581560283688;0.2602739726027397;0.2882882882882883;0.9066834804539723;0.5314285714285715;0.42857142857142855;0.3333333333333333
imin;0.20373376623376624;0.4084967320261438;0.20885547201336674;0.2688296639629201;0.18242343541944075;0.158953722334004;0.15625;0.15258855585831063;0.17133956386292834;0.14233576642335766;0.24324324324324326;0.17966101694915254;0.11351351351351352;0.29473684210526313;0.1652892561983471;0.1509433962264151;0.02448210922787194;0.12307692307692308;0.23076923076923078;0.0
gibran;0.46185064935064934;0.42483660130718953;0.4569757727652464;0.3904982618771727;0.525965379494008;0.47484909456740443;0.44419642857142855;0.5286103542234333;0.470404984423676;0.5291970802919708;0.44594594594594594;0.5322033898305085;0.46216216216216216;0.5263157894736842;0.6198347107438017;0.39622641509433965;0.08097928436911488;0.23076923076923078;0.23076923076923078;1.0
mahfud;0.3344155844155844;0.16666666666666666;0.3341687552213868;0.3406720741599073;0.29161118508655126;0.36619718309859156;0.39955357142857145;0.3188010899182561;0.3582554517133956;0.3284671532846715;0.3108108108108108;0.288135593220339;0.4243243243243243;0.17894736842105263;0.21487603305785125;0.4528301886792453;0.8945386064030132;0.6461538461538462;0.5384615384615384;0.0
