;suara;liputan6;kompas;viva;bisnisindonesia;tempo;antaranews;tribunnews;mediaindonesia;cnnindonesia;metrotv;detik;jawapos;sindo;disway;tvone;idntimes;pikiranrakyat;katadata;tirto;kontan;republika;cnbcindonesia;rri;kumparan;kumparanplus;detikx
anies;0.08603896103896104;0.09959349593495935;0.09817351598173515;0.10421836228287841;0.11647727272727272;0.07407407407407407;0.08278145695364239;0.06266318537859007;0.08664259927797834;0.07692307692307693;0.0913978494623656;0.057432432432432436;0.11258278145695365;0.06796116504854369;0.0979020979020979;0.11650485436893204;0.04198473282442748;0.05952380952380952;0.07092198581560284;0.08130081300813008;0.04861111111111111;0.031088082901554404;0.012944983818770227;0.0625;0.038461538461538464;0.0;0.0
prabowo;0.7483766233766234;0.8556910569105691;0.8424657534246576;0.8014888337468983;0.8011363636363636;0.7799564270152506;0.8642384105960265;0.7676240208877284;0.8447653429602888;0.7838827838827839;0.8440860215053764;0.8344594594594594;0.847682119205298;0.8495145631067961;0.8671328671328671;0.8155339805825242;0.8893129770992366;0.7797619047619048;0.8439716312056738;0.8048780487804879;0.9305555555555556;0.8704663212435233;0.9288025889967637;0.90625;0.6730769230769231;1.0;0.5
ganjar;0.16558441558441558;0.044715447154471545;0.0593607305936073;0.09429280397022333;0.08238636363636363;0.14596949891067537;0.052980132450331126;0.16971279373368145;0.06859205776173286;0.1391941391941392;0.06451612903225806;0.10810810810810811;0.039735099337748346;0.0825242718446602;0.03496503496503497;0.06796116504854369;0.06870229007633588;0.16071428571428573;0.0851063829787234;0.11382113821138211;0.020833333333333332;0.09844559585492228;0.05825242718446602;0.03125;0.28846153846153844;0.0;0.5
imin;0.03389830508474576;0.0;0.0;0.0;0.0;0.0;0.0;0.3333333333333333;;0.05263157894736842;0.14285714285714285;0.0;0.5;0.2;0.0;0.0;0.0;0.0;0.0;0.0;;0.0;0.0;0.0;0.0;;
gibran;0.23728813559322035;0.19047619047619047;0.10344827586206896;0.6;0.3333333333333333;0.07936507936507936;0.0;0.5;;0.10526315789473684;0.14285714285714285;0.09090909090909091;0.0;0.6;0.5;0.0;0.14285714285714285;0.2857142857142857;0.5;0.0;;0.09090909090909091;0.0;0.0;0.25;;
mahfud;0.7288135593220338;0.8095238095238095;0.896551724137931;0.4;0.6666666666666666;0.9206349206349206;1.0;0.16666666666666666;;0.8421052631578947;0.7142857142857143;0.9090909090909091;0.5;0.2;0.5;1.0;0.8571428571428571;0.7142857142857143;0.5;1.0;;0.9090909090909091;1.0;1.0;0.75;;
