;tribunnews;metrotv;detik;kompas;pikiranrakyat;viva;antaranews;tvone;jawapos;tempo;bisnisindonesia;cnbcindonesia;disway;kumparan;republika;sindo;suara;liputan6;cnnindonesia;detikx
anies;0.26860382707299785;0.6490825688073395;0.22180248246087425;0.2620502376103191;0.2959927140255009;0.2719928186714542;0.21739130434782608;0.34972677595628415;0.21379310344827587;0.26580459770114945;0.28807339449541286;0.3893129770992366;0.4774774774774775;0.35424354243542433;0.26334519572953735;0.04171122994652406;0.34782608695652173;0.13043478260869565;0.07692307692307693;0.2
prabowo;0.3447909284195606;0.2006880733944954;0.4096060442525634;0.3740665308893415;0.43806921675774135;0.5565529622980251;0.3617391304347826;0.39344262295081966;0.39195402298850573;0.3706896551724138;0.3669724770642202;0.3384223918575064;0.38738738738738737;0.4354243542435424;0.498220640569395;0.07914438502673797;0.4782608695652174;0.37888198757763975;0.5384615384615384;0.4
ganjar;0.38660524450744155;0.15022935779816513;0.36859147328656233;0.36388323150033947;0.2659380692167577;0.17145421903052063;0.42086956521739133;0.2568306010928962;0.39425287356321836;0.3635057471264368;0.344954128440367;0.272264631043257;0.13513513513513514;0.21033210332103322;0.23843416370106763;0.879144385026738;0.17391304347826086;0.4906832298136646;0.38461538461538464;0.4
imin;0.23606762680025048;0.4656964656964657;0.2236024844720497;0.30973451327433627;0.24444444444444444;0.18704156479217604;0.18053777208706787;0.19613259668508287;0.17657992565055763;0.16774193548387098;0.20493827160493827;0.22151898734177214;0.3401360544217687;0.2235294117647059;0.16666666666666666;0.018121911037891267;0.22916666666666666;0.16;0.2857142857142857;0.0
gibran;0.45585472761427676;0.37214137214137216;0.4803312629399586;0.40412979351032446;0.41333333333333333;0.5684596577017115;0.4686299615877081;0.49171270718232046;0.49256505576208176;0.443010752688172;0.47901234567901235;0.3924050632911392;0.5170068027210885;0.5647058823529412;0.546875;0.08896210873146623;0.2916666666666667;0.22666666666666666;0.23809523809523808;0.6666666666666666
mahfud;0.30807764558547274;0.16216216216216217;0.29606625258799174;0.2861356932153392;0.3422222222222222;0.24449877750611246;0.3508322663252241;0.31215469613259667;0.3308550185873606;0.38924731182795697;0.3160493827160494;0.3860759493670886;0.14285714285714285;0.21176470588235294;0.2864583333333333;0.8929159802306426;0.4791666666666667;0.6133333333333333;0.47619047619047616;0.3333333333333333
