;tribunnews;metrotv;kompas;detik;viva;pikiranrakyat;jawapos;tvone;tempo;antaranews;bisnisindonesia;cnbcindonesia;republika;disway;kumparan;suara;sindo;liputan6;cnnindonesia;detikx
anies;0.2698548249359522;0.6697247706422018;0.291699604743083;0.22919254658385094;0.2801519468186135;0.265658747300216;0.2255729794933655;0.33624454148471616;0.2737030411449016;0.20242914979757085;0.29878048780487804;0.3716216216216216;0.2852664576802508;0.4619883040935672;0.31210191082802546;0.3434343434343434;0.03262092238470191;0.15286624203821655;0.05555555555555555;0.2
prabowo;0.3394534585824082;0.18479685452162517;0.3549407114624506;0.3950310559006211;0.5213675213675214;0.4373650107991361;0.3715319662243667;0.39956331877729256;0.3810375670840787;0.31309041835357626;0.3394308943089431;0.32432432432432434;0.4608150470219436;0.36257309941520466;0.445859872611465;0.494949494949495;0.06411698537682789;0.3375796178343949;0.4444444444444444;0.4
ganjar;0.39069171648163964;0.145478374836173;0.3533596837944664;0.37577639751552794;0.19848053181386516;0.296976241900648;0.4028950542822678;0.26419213973799127;0.34525939177101966;0.4844804318488529;0.3617886178861789;0.30405405405405406;0.25391849529780564;0.17543859649122806;0.24203821656050956;0.16161616161616163;0.9032620922384702;0.5095541401273885;0.5;0.4
imin;0.2361842105263158;0.44329896907216493;0.29671457905544146;0.20768136557610242;0.19877300613496932;0.189453125;0.15858208955223882;0.1661807580174927;0.1784037558685446;0.14897260273972604;0.20802005012531327;0.23841059602649006;0.17355371900826447;0.34965034965034963;0.21710526315789475;0.19672131147540983;0.01733102253032929;0.11864406779661017;0.2692307692307692;0.0
gibran;0.4453947368421053;0.38144329896907214;0.3891170431211499;0.46586059743954483;0.5411042944785276;0.4609375;0.5055970149253731;0.5335276967930029;0.4647887323943662;0.4434931506849315;0.46616541353383456;0.3841059602649007;0.5578512396694215;0.48951048951048953;0.5789473684210527;0.3770491803278688;0.09705372616984402;0.2033898305084746;0.15384615384615385;0.75
mahfud;0.31842105263157894;0.17525773195876287;0.3141683778234086;0.3264580369843528;0.26012269938650306;0.349609375;0.3358208955223881;0.30029154518950435;0.3568075117370892;0.4075342465753425;0.3258145363408521;0.37748344370860926;0.26859504132231404;0.16083916083916083;0.20394736842105263;0.4262295081967213;0.8856152512998267;0.6779661016949152;0.5769230769230769;0.25
