;tribunnews;metrotv;detik;kompas;viva;pikiranrakyat;jawapos;tempo;bisnisindonesia;tvone;republika;cnbcindonesia;antaranews;disway;kumparan;suara;sindo;liputan6;cnnindonesia;detikx
anies;0.26544082979726547;0.620457604306864;0.24060150375939848;0.2812755519215045;0.2742230347349177;0.26998841251448435;0.2236842105263158;0.2631578947368421;0.28482328482328484;0.2981651376146789;0.2665036674816626;0.34415584415584416;0.1927710843373494;0.40559440559440557;0.3310344827586207;0.30357142857142855;0.038944723618090454;0.11864406779661017;0.13636363636363635;0.3333333333333333
prabowo;0.3418198962753418;0.20457604306864063;0.41228070175438597;0.3720359771054783;0.4744058500914077;0.42526071842410196;0.3397129186602871;0.38533834586466165;0.35343035343035345;0.3876146788990826;0.4352078239608802;0.36363636363636365;0.3373493975903614;0.34965034965034963;0.4068965517241379;0.4107142857142857;0.05527638190954774;0.3333333333333333;0.45454545454545453;0.3333333333333333
ganjar;0.3927392739273927;0.17496635262449528;0.34711779448621555;0.3466884709730172;0.2513711151736746;0.3047508690614137;0.4366028708133971;0.35150375939849626;0.36174636174636177;0.31422018348623854;0.2982885085574572;0.2922077922077922;0.46987951807228917;0.24475524475524477;0.2620689655172414;0.2857142857142857;0.9057788944723618;0.5480225988700564;0.4090909090909091;0.3333333333333333
imin;0.2014446227929374;0.40594059405940597;0.20683903252710592;0.264947245017585;0.18410596026490067;0.15163934426229508;0.15659955257270694;0.1527777777777778;0.16875;0.1366906474820144;0.1830065359477124;0.23376623376623376;0.10985915492957747;0.27835051546391754;0.1693548387096774;0.14545454545454545;0.024390243902439025;0.12307692307692308;0.25925925925925924;0.0
gibran;0.4654895666131621;0.429042904290429;0.4670558798999166;0.3962485345838218;0.5218543046357615;0.48565573770491804;0.43847874720357943;0.5305555555555556;0.478125;0.539568345323741;0.5294117647058824;0.45454545454545453;0.4676056338028169;0.5257731958762887;0.6209677419354839;0.41818181818181815;0.0825515947467167;0.23076923076923078;0.2222222222222222;1.0
mahfud;0.3330658105939005;0.16501650165016502;0.32610508757297746;0.3388042203985932;0.29403973509933773;0.36270491803278687;0.40492170022371365;0.31666666666666665;0.353125;0.3237410071942446;0.2875816993464052;0.3116883116883117;0.4225352112676056;0.1958762886597938;0.20967741935483872;0.43636363636363634;0.8930581613508443;0.6461538461538462;0.5185185185185185;0.0
