;tribunnews;metrotv;detik;kompas;viva;pikiranrakyat;jawapos;tempo;bisnisindonesia;tvone;republika;cnbcindonesia;antaranews;disway;kumparan;suara;sindo;liputan6;cnnindonesia;detikx
anies;0.25936739659367397;0.6146408839779005;0.23314429741650913;0.28498293515358364;0.2613430127041742;0.27057356608478805;0.21712907117008443;0.25996204933586337;0.2823275862068966;0.2894736842105263;0.2646370023419204;0.3333333333333333;0.19094488188976377;0.3724137931034483;0.3137254901960784;0.29523809523809524;0.03830911492734478;0.11351351351351352;0.17391304347826086;0.3333333333333333
prabowo;0.35766423357664234;0.20441988950276244;0.424700693131695;0.37457337883959047;0.4809437386569873;0.4226932668329177;0.34499396863691195;0.3927893738140417;0.3599137931034483;0.3923444976076555;0.4496487119437939;0.358974358974359;0.34448818897637795;0.36551724137931035;0.43137254901960786;0.4;0.05680317040951123;0.32972972972972975;0.43478260869565216;0.3333333333333333
ganjar;0.3829683698296837;0.18093922651933703;0.34215500945179583;0.34044368600682595;0.2577132486388385;0.30673316708229426;0.4378769601930036;0.34724857685009486;0.3577586206896552;0.3181818181818182;0.2857142857142857;0.3076923076923077;0.4645669291338583;0.2620689655172414;0.2549019607843137;0.3047619047619048;0.904887714663144;0.5567567567567567;0.391304347826087;0.3333333333333333
imin;0.19240097008892482;0.40604026845637586;0.20279146141215107;0.26744186046511625;0.18571428571428572;0.14135021097046413;0.15090090090090091;0.15406162464985995;0.17034700315457413;0.14855072463768115;0.18633540372670807;0.23529411764705882;0.11171662125340599;0.24509803921568626;0.16923076923076924;0.14285714285714285;0.024208566108007448;0.125;0.3333333333333333;0.0
gibran;0.49151172190784154;0.42953020134228187;0.48111658456486045;0.4;0.5233766233766234;0.5042194092827004;0.44144144144144143;0.5350140056022409;0.4794952681388013;0.5434782608695652;0.546583850931677;0.4852941176470588;0.4768392370572207;0.5490196078431373;0.6384615384615384;0.4107142857142857;0.08193668528864059;0.2222222222222222;0.2222222222222222;1.0
mahfud;0.31608730800323365;0.1644295302013423;0.3160919540229885;0.3325581395348837;0.2909090909090909;0.35443037974683544;0.40765765765765766;0.31092436974789917;0.3501577287066246;0.3079710144927536;0.2670807453416149;0.27941176470588236;0.4114441416893733;0.20588235294117646;0.19230769230769232;0.44642857142857145;0.8938547486033519;0.6527777777777778;0.4444444444444444;0.0
