;tribunnews;metrotv;detik;kompas;viva;pikiranrakyat;jawapos;antaranews;tvone;tempo;bisnisindonesia;cnbcindonesia;disway;kumparan;republika;suara;sindo;liputan6;detikx;cnnindonesia
anies;0.2576860841423948;0.677336747759283;0.221001221001221;0.26752072343632255;0.28121927236971483;0.2665832290362954;0.21428571428571427;0.1945945945945946;0.32375478927203066;0.2556131260794473;0.28772635814889336;0.4075342465753425;0.46060606060606063;0.3287037037037037;0.25984251968503935;0.34285714285714286;0.033155080213903745;0.12574850299401197;0.2;0.0
prabowo;0.3244336569579288;0.17157490396927016;0.3894993894993895;0.35644310474755087;0.5319567354965585;0.4292866082603254;0.37142857142857144;0.33405405405405403;0.40229885057471265;0.37132987910189985;0.3440643863179074;0.2876712328767123;0.3696969696969697;0.4305555555555556;0.484251968503937;0.47619047619047616;0.05026737967914439;0.3532934131736527;0.4;0.5
ganjar;0.4178802588996764;0.15108834827144688;0.3894993894993895;0.3760361718161266;0.18682399213372664;0.3041301627033792;0.4142857142857143;0.47135135135135137;0.2739463601532567;0.37305699481865284;0.3682092555331992;0.3047945205479452;0.1696969696969697;0.24074074074074073;0.2559055118110236;0.18095238095238095;0.9165775401069519;0.5209580838323353;0.4;0.5
imin;0.22570532915360503;0.4518348623853211;0.22084195997239475;0.31067044381491976;0.19856459330143542;0.2045977011494253;0.18309859154929578;0.17107093184979139;0.18276762402088773;0.15570175438596492;0.2164705882352941;0.22435897435897437;0.35374149659863946;0.22413793103448276;0.17412935323383086;0.20967741935483872;0.016891891891891893;0.11428571428571428;0.0;0.3
gibran;0.4432601880877743;0.3738532110091743;0.46859903381642515;0.39943342776203966;0.5514354066985646;0.42528735632183906;0.48063380281690143;0.4575799721835883;0.5117493472584856;0.4692982456140351;0.4588235294117647;0.40384615384615385;0.48299319727891155;0.5747126436781609;0.527363184079602;0.3387096774193548;0.07601351351351351;0.17142857142857143;0.75;0.2
mahfud;0.3310344827586207;0.1743119266055046;0.3105590062111801;0.2898961284230406;0.25;0.3701149425287356;0.3362676056338028;0.3713490959666203;0.30548302872062666;0.375;0.3247058823529412;0.3717948717948718;0.16326530612244897;0.20114942528735633;0.29850746268656714;0.45161290322580644;0.9070945945945946;0.7142857142857143;0.25;0.5
