;tribunnews;metrotv;detik;kompas;viva;pikiranrakyat;jawapos;tempo;tvone;bisnisindonesia;cnbcindonesia;antaranews;republika;disway;kumparan;suara;sindo;liputan6;cnnindonesia;detikx
anies;0.266046511627907;0.6243243243243243;0.23803604723430702;0.27932960893854747;0.2725615314494075;0.27293064876957496;0.2226233453670277;0.2640144665461121;0.3131991051454139;0.2830957230142566;0.34527687296416937;0.19557195571955718;0.2607594936708861;0.425531914893617;0.31543624161073824;0.30357142857142855;0.03970223325062035;0.12280701754385964;0.09523809523809523;0.3333333333333333
prabowo;0.34;0.20405405405405405;0.4089496581727781;0.3647246608140463;0.487693710118505;0.4228187919463087;0.34777376654632974;0.39059674502712477;0.378076062639821;0.35030549898167007;0.36482084690553745;0.32656826568265684;0.44050632911392407;0.3546099290780142;0.4228187919463087;0.41964285714285715;0.05459057071960298;0.3508771929824561;0.47619047619047616;0.3333333333333333
ganjar;0.39395348837209304;0.17162162162162162;0.35301429459291483;0.3559457302474062;0.2397447584320875;0.3042505592841163;0.4296028880866426;0.3453887884267631;0.3087248322147651;0.3665987780040733;0.2899022801302932;0.477859778597786;0.29873417721518986;0.2198581560283688;0.26174496644295303;0.2767857142857143;0.9057071960297767;0.5263157894736842;0.42857142857142855;0.3333333333333333
imin;0.2057142857142857;0.4150326797385621;0.20512820512820512;0.2689655172413793;0.18133333333333335;0.16;0.15945330296127563;0.15151515151515152;0.14705882352941177;0.16927899686520376;0.2602739726027397;0.11375661375661375;0.17406143344709898;0.29473684210526313;0.16666666666666666;0.1509433962264151;0.026365348399246705;0.12307692307692308;0.23076923076923078;0.0
gibran;0.4579591836734694;0.41830065359477125;0.4557485525227461;0.3896551724137931;0.528;0.472;0.44419134396355353;0.5261707988980716;0.5257352941176471;0.4702194357366771;0.4246575342465753;0.4603174603174603;0.5324232081911263;0.5263157894736842;0.6166666666666667;0.39622641509433965;0.07721280602636535;0.23076923076923078;0.23076923076923078;1.0
mahfud;0.3363265306122449;0.16666666666666666;0.3391232423490488;0.3413793103448276;0.2906666666666667;0.368;0.39635535307517084;0.32231404958677684;0.3272058823529412;0.3605015673981191;0.3150684931506849;0.42592592592592593;0.2935153583617747;0.17894736842105263;0.21666666666666667;0.4528301886792453;0.896421845574388;0.6461538461538462;0.5384615384615384;0.0
