;tribunnews;metrotv;detik;kompas;pikiranrakyat;viva;antaranews;tempo;tvone;jawapos;cnbcindonesia;bisnisindonesia;disway;suara;kumparan;republika;sindo;liputan6;cnnindonesia;detikx
anies;0.26998730964467005;0.6415094339622641;0.23232323232323232;0.2673860911270983;0.2990580847723705;0.26401299756295693;0.23059185242121444;0.271356783919598;0.334913112164297;0.2259825327510917;0.3880597014925373;0.28907563025210087;0.47265625;0.33636363636363636;0.3438485804416404;0.2709030100334448;0.04984093319194061;0.203125;0.17647058823529413;0.16666666666666666
prabowo;0.36135786802030456;0.21864594894561598;0.42424242424242425;0.3842925659472422;0.4552590266875981;0.5686433793663688;0.3727901614142967;0.3944723618090452;0.4154818325434439;0.4017467248908297;0.3624733475479744;0.3546218487394958;0.39453125;0.41515151515151516;0.4416403785488959;0.5117056856187291;0.08377518557794274;0.3697916666666667;0.5294117647058824;0.5
ganjar;0.3686548223350254;0.13984461709211987;0.3434343434343434;0.34832134292565947;0.2456828885400314;0.16734362307067424;0.39661798616448884;0.3341708542713568;0.24960505529225907;0.3722707423580786;0.24946695095948826;0.3563025210084034;0.1328125;0.24848484848484848;0.21451104100946372;0.21739130434782608;0.8663838812301167;0.4270833333333333;0.29411764705882354;0.3333333333333333
imin;0.22803738317757008;0.47657841140529533;0.20995228357191548;0.32875368007850836;0.27054108216432865;0.18297331639135958;0.16725559481743227;0.16738197424892703;0.18134715025906736;0.18395303326810175;0.22151898734177214;0.21558441558441557;0.32432432432432434;0.16923076923076924;0.23756906077348067;0.18518518518518517;0.022328548644338118;0.14285714285714285;0.29411764705882354;0.0
gibran;0.4517133956386293;0.3604887983706721;0.48193592365371507;0.3994111874386654;0.39478957915831664;0.5616264294790343;0.4664310954063604;0.43776824034334766;0.48704663212435234;0.48532289628180036;0.3987341772151899;0.44155844155844154;0.527027027027027;0.43846153846153846;0.5580110497237569;0.5291005291005291;0.08771929824561403;0.24675324675324675;0.35294117647058826;0.75
mahfud;0.3202492211838006;0.1629327902240326;0.30811179277436945;0.2718351324828263;0.3346693386773547;0.2554002541296061;0.3663133097762073;0.3948497854077253;0.3316062176165803;0.33072407045009783;0.379746835443038;0.34285714285714286;0.14864864864864866;0.3923076923076923;0.20441988950276244;0.2857142857142857;0.8899521531100478;0.6103896103896104;0.35294117647058826;0.25
