;tribunnews;metrotv;detik;kompas;pikiranrakyat;viva;antaranews;tvone;tempo;jawapos;cnbcindonesia;bisnisindonesia;disway;kumparan;suara;republika;sindo;liputan6;cnnindonesia;detikx
anies;0.26364572605561276;0.6405005688282139;0.21590310689836756;0.2577251808021039;0.28668941979522183;0.26666666666666666;0.21494542401343408;0.3435374149659864;0.26422764227642276;0.2139588100686499;0.38534278959810875;0.27708703374777977;0.4608695652173913;0.3541666666666667;0.3598326359832636;0.2651006711409396;0.04246284501061571;0.13609467455621302;0.1875;0.16666666666666666
prabowo;0.3566769653278407;0.21046643913538113;0.4239073196419168;0.38330046022353714;0.44880546075085326;0.5640350877192982;0.3677581863979849;0.3945578231292517;0.3807588075880759;0.39816933638443935;0.35224586288416077;0.3623445825932504;0.4;0.4375;0.41422594142259417;0.49328859060402686;0.08280254777070063;0.3668639053254438;0.5;0.5
ganjar;0.3796773086165465;0.149032992036405;0.36018957345971564;0.358974358974359;0.2645051194539249;0.1692982456140351;0.417296389588581;0.2619047619047619;0.35501355013550134;0.3878718535469107;0.2624113475177305;0.3605683836589698;0.1391304347826087;0.20833333333333334;0.22594142259414227;0.24161073825503357;0.8747346072186837;0.4970414201183432;0.3125;0.3333333333333333
imin;0.22810333963453056;0.46611909650924027;0.2114047287899861;0.3146853146853147;0.24406047516198703;0.19006211180124225;0.17676767676767677;0.1951219512195122;0.16204690831556504;0.17647058823529413;0.2229299363057325;0.21649484536082475;0.33793103448275863;0.23863636363636365;0.21052631578947367;0.1702127659574468;0.01669449081803005;0.14864864864864866;0.3;0.0
gibran;0.4580970384373031;0.37166324435318276;0.4847009735744089;0.4025974025974026;0.4146868250539957;0.5627329192546584;0.4684343434343434;0.4823848238482385;0.44136460554371004;0.4876660341555977;0.4012738853503185;0.45618556701030927;0.5241379310344828;0.5397727272727273;0.4;0.5425531914893617;0.09348914858096828;0.21621621621621623;0.3;0.75
mahfud;0.31379962192816635;0.162217659137577;0.303894297635605;0.2827172827172827;0.3412526997840173;0.24720496894409938;0.3547979797979798;0.3224932249322493;0.39658848614072495;0.33586337760910817;0.37579617834394907;0.327319587628866;0.13793103448275862;0.2215909090909091;0.3894736842105263;0.2872340425531915;0.8898163606010017;0.6351351351351351;0.4;0.25
