;tribunnews;metrotv;detik;kompas;viva;pikiranrakyat;jawapos;tempo;tvone;bisnisindonesia;antaranews;cnbcindonesia;republika;disway;kumparan;suara;sindo;liputan6;cnnindonesia;detikx
anies;0.2656794425087108;0.6548556430446194;0.24031960663798402;0.27889060092449924;0.28375912408759124;0.26452905811623245;0.21660649819494585;0.2594594594594595;0.31291028446389496;0.285140562248996;0.191904047976012;0.3728813559322034;0.2896174863387978;0.4319526627218935;0.310126582278481;0.3434343434343434;0.035545023696682464;0.14367816091954022;0.1111111111111111;0.2
prabowo;0.3401567944250871;0.18766404199475065;0.39397664413030115;0.36363636363636365;0.5009124087591241;0.42985971943887774;0.36462093862815886;0.4018018018018018;0.40700218818380746;0.3393574297188755;0.32533733133433285;0.3423728813559322;0.42896174863387976;0.3727810650887574;0.45569620253164556;0.43434343434343436;0.061611374407582936;0.3448275862068966;0.4444444444444444;0.4
ganjar;0.3941637630662021;0.15748031496062992;0.36570374923171484;0.3574730354391371;0.21532846715328466;0.30561122244488975;0.4187725631768953;0.3387387387387387;0.2800875273522976;0.3755020080321285;0.4827586206896552;0.2847457627118644;0.2814207650273224;0.1952662721893491;0.23417721518987342;0.2222222222222222;0.9028436018957346;0.5114942528735632;0.4444444444444444;0.4
imin;0.22827586206896552;0.43315508021390375;0.19790888722927558;0.27560718057022177;0.19402985074626866;0.18165467625899281;0.15789473684210525;0.15099009900990099;0.14006514657980457;0.19839142091152814;0.1470019342359768;0.2391304347826087;0.18587360594795538;0.33587786259541985;0.1791044776119403;0.1864406779661017;0.017889087656529516;0.1323529411764706;0.23076923076923078;0.0
gibran;0.4406896551724138;0.37967914438502676;0.4607916355489171;0.39809926082365366;0.5298507462686567;0.4676258992805755;0.4834307992202729;0.49257425742574257;0.5342019543973942;0.45308310991957107;0.43907156673114117;0.391304347826087;0.5241635687732342;0.48854961832061067;0.5970149253731343;0.3728813559322034;0.08228980322003578;0.17647058823529413;0.19230769230769232;0.75
mahfud;0.3310344827586207;0.18716577540106952;0.3412994772218073;0.3262935586061246;0.27611940298507465;0.35071942446043164;0.3586744639376218;0.3564356435643564;0.3257328990228013;0.3485254691689008;0.41392649903288203;0.3695652173913043;0.2899628252788104;0.17557251908396945;0.22388059701492538;0.4406779661016949;0.8998211091234347;0.6911764705882353;0.5769230769230769;0.25
