;tribunnews;metrotv;detik;kompas;viva;pikiranrakyat;jawapos;tempo;bisnisindonesia;republika;tvone;antaranews;cnbcindonesia;kumparan;disway;liputan6;suara;sindo;cnnindonesia;detikx
anies;0.23272138228941686;0.5676126878130217;0.2318941504178273;0.27602674307545366;0.24550898203592814;0.2585034013605442;0.2005420054200542;0.2525458248472505;0.28640776699029125;0.22413793103448276;0.25617283950617287;0.182648401826484;0.26013513513513514;0.30714285714285716;0.29133858267716534;0.13839285714285715;0.2440944881889764;0.036544850498338874;0.25;0.3333333333333333
prabowo;0.3963282937365011;0.22370617696160267;0.44428969359331477;0.39350525310410694;0.4491017964071856;0.4217687074829932;0.33739837398373984;0.4215885947046843;0.3859223300970874;0.5191570881226054;0.4166666666666667;0.3858447488584475;0.42905405405405406;0.4785714285714286;0.3858267716535433;0.3705357142857143;0.41732283464566927;0.0681063122923588;0.5357142857142857;0.6666666666666666
ganjar;0.37095032397408206;0.20868113522537562;0.32381615598885793;0.33046800382043934;0.30538922155688625;0.3197278911564626;0.462059620596206;0.3258655804480652;0.3276699029126214;0.2567049808429119;0.3271604938271605;0.4315068493150685;0.3108108108108108;0.21428571428571427;0.3228346456692913;0.49107142857142855;0.33858267716535434;0.8953488372093024;0.21428571428571427;0.0
imin;0.1527165932452276;0.3396825396825397;0.2066326530612245;0.23809523809523808;0.17372881355932204;0.1346153846153846;0.14043583535108958;0.13554987212276215;0.16286644951140064;0.15186915887850466;0.1652542372881356;0.1;0.25263157894736843;0.1796875;0.17142857142857143;0.08823529411764706;0.11235955056179775;0.028017241379310345;0.18181818181818182;0.0
gibran;0.5558002936857562;0.4857142857142857;0.5119047619047619;0.4369047619047619;0.5127118644067796;0.5504807692307693;0.4406779661016949;0.5805626598465473;0.5309446254071661;0.6238317757009346;0.5254237288135594;0.4967741935483871;0.5157894736842106;0.65625;0.5333333333333333;0.37254901960784315;0.449438202247191;0.14439655172413793;0.45454545454545453;1.0
mahfud;0.29148311306901614;0.1746031746031746;0.2814625850340136;0.325;0.3135593220338983;0.31490384615384615;0.4188861985472155;0.28388746803069054;0.30618892508143325;0.22429906542056074;0.3093220338983051;0.4032258064516129;0.23157894736842105;0.1640625;0.29523809523809524;0.5392156862745098;0.43820224719101125;0.8275862068965517;0.36363636363636365;0.0
