;liputan6;suara;kompas;viva;bisnisindonesia;tempo;antaranews;tribunnews;mediaindonesia;cnnindonesia;detik;jawapos;metrotv;sindo;tvone;disway;idntimes;pikiranrakyat;katadata;tirto;kontan;republika;cnbcindonesia;kumparan;rri;kumparanplus;detikx
anies;0.10964912280701754;0.08566433566433566;0.11407766990291263;0.10704960835509138;0.11635220125786164;0.07816091954022988;0.08865248226950355;0.06217616580310881;0.08846153846153847;0.07929515418502203;0.06227106227106227;0.1095890410958904;0.0851063829787234;0.07216494845360824;0.12149532710280374;0.08904109589041095;0.045454545454545456;0.07092198581560284;0.06474820143884892;0.08411214953271028;0.056451612903225805;0.03409090909090909;0.014084507042253521;0.041666666666666664;0.06451612903225806;0.0;0.0
prabowo;0.8552631578947368;0.7517482517482518;0.8470873786407767;0.814621409921671;0.8144654088050315;0.7632183908045977;0.8652482269503546;0.7642487046632125;0.85;0.801762114537445;0.8571428571428571;0.8424657534246576;0.851063829787234;0.8608247422680413;0.8037383177570093;0.8698630136986302;0.8966942148760331;0.7730496453900709;0.8633093525179856;0.8130841121495327;0.9274193548387096;0.8693181818181818;0.9471830985915493;0.7083333333333334;0.9032258064516129;1.0;0.5
ganjar;0.03508771929824561;0.16258741258741258;0.038834951456310676;0.0783289817232376;0.06918238993710692;0.15862068965517243;0.04609929078014184;0.17357512953367876;0.06153846153846154;0.11894273127753303;0.08058608058608059;0.04794520547945205;0.06382978723404255;0.06701030927835051;0.07476635514018691;0.0410958904109589;0.05785123966942149;0.15602836879432624;0.07194244604316546;0.102803738317757;0.016129032258064516;0.09659090909090909;0.03873239436619718;0.25;0.03225806451612903;0.0;0.5
imin;0.0;0.031746031746031744;0.0;0.0;0.0;0.0;0.0;0.2857142857142857;0.0;0.045454545454545456;0.0;0.0;0.0625;0.0;0.0;0.0;0.0;0.0;0.0;0.0;0.0;0.0;0.0;0.0;0.0;;
gibran;0.2727272727272727;0.2222222222222222;0.12280701754385964;0.4;0.3333333333333333;0.07042253521126761;0.0;0.5714285714285714;0.5;0.09090909090909091;0.06060606060606061;0.0;0.25;0.8;0.07692307692307693;0.5;0.14285714285714285;0.25;0.4;0.0;1.0;0.09090909090909091;0.0;0.2;0.0;;
mahfud;0.7272727272727273;0.746031746031746;0.8771929824561403;0.6;0.6666666666666666;0.9295774647887324;1.0;0.14285714285714285;0.5;0.8636363636363636;0.9393939393939394;1.0;0.6875;0.2;0.9230769230769231;0.5;0.8571428571428571;0.75;0.6;1.0;0.0;0.9090909090909091;1.0;0.8;1.0;;
