;tribunnews;metrotv;detik;kompas;viva;pikiranrakyat;jawapos;tempo;tvone;bisnisindonesia;antaranews;cnbcindonesia;republika;disway;kumparan;suara;sindo;liputan6;cnnindonesia;detikx
anies;0.2629409070087036;0.6246684350132626;0.23648648648648649;0.27782162588792425;0.27239819004524884;0.27155172413793105;0.220763723150358;0.2608695652173913;0.3108695652173913;0.285132382892057;0.19073083778966132;0.3464052287581699;0.2675324675324675;0.42758620689655175;0.3137254901960784;0.30434782608695654;0.041463414634146344;0.1286549707602339;0.09523809523809523;0.3333333333333333
prabowo;0.34310581768208886;0.20557029177718833;0.4090909090909091;0.36621941594317287;0.49140271493212667;0.42564655172413796;0.35083532219570407;0.391304347826087;0.3826086956521739;0.34826883910386963;0.33689839572192515;0.3660130718954248;0.43376623376623374;0.3586206896551724;0.43137254901960786;0.4260869565217391;0.05853658536585366;0.3567251461988304;0.47619047619047616;0.3333333333333333
ganjar;0.39395327530920754;0.16976127320954906;0.3544226044226044;0.35595895816890294;0.23619909502262443;0.30280172413793105;0.42840095465393796;0.34782608695652173;0.3065217391304348;0.3665987780040733;0.47237076648841353;0.2875816993464052;0.2987012987012987;0.21379310344827587;0.2549019607843137;0.26956521739130435;0.9;0.5146198830409356;0.42857142857142855;0.3333333333333333
imin;0.2050447518307567;0.42258064516129035;0.20546810273405136;0.2710495963091119;0.18389261744966443;0.16265060240963855;0.1571753986332574;0.14681440443213298;0.14642857142857144;0.17034700315457413;0.10852713178294573;0.25333333333333335;0.17894736842105263;0.3020833333333333;0.16806722689075632;0.1509433962264151;0.026365348399246705;0.125;0.23076923076923078;0.0
gibran;0.45565500406834825;0.4129032258064516;0.45484672742336374;0.3933102652825836;0.5261744966442953;0.4678714859437751;0.44874715261959;0.518005540166205;0.5214285714285715;0.47003154574132494;0.4599483204134367;0.44;0.5228070175438596;0.5208333333333334;0.6134453781512605;0.39622641509433965;0.07344632768361582;0.234375;0.23076923076923078;1.0
mahfud;0.33930024410089504;0.16451612903225807;0.3396851698425849;0.3356401384083045;0.28993288590604027;0.36947791164658633;0.3940774487471526;0.33518005540166207;0.33214285714285713;0.35962145110410093;0.4315245478036176;0.30666666666666664;0.2982456140350877;0.17708333333333334;0.2184873949579832;0.4528301886792453;0.9001883239171374;0.640625;0.5384615384615384;0.0
