;tribunnews;metrotv;detik;kompas;viva;pikiranrakyat;jawapos;tempo;bisnisindonesia;republika;tvone;antaranews;cnbcindonesia;disway;kumparan;liputan6;suara;sindo;cnnindonesia;detikx
anies;0.23487738419618528;0.5826513911620295;0.22558459422283356;0.2776255707762557;0.24748490945674045;0.2639593908629442;0.20615796519410978;0.2551867219917012;0.2733644859813084;0.2359081419624217;0.27714285714285714;0.1816326530612245;0.2591362126245847;0.32575757575757575;0.30708661417322836;0.1330049261083744;0.2358490566037736;0.03576751117734724;0.23076923076923078;0.0
prabowo;0.3885558583106267;0.2176759410801964;0.4401650618982118;0.38447488584474887;0.46981891348088534;0.40439932318104904;0.3293172690763052;0.4107883817427386;0.3855140186915888;0.48434237995824636;0.4;0.36122448979591837;0.4152823920265781;0.4090909090909091;0.4881889763779528;0.3399014778325123;0.41509433962264153;0.06259314456035768;0.5;1.0
ganjar;0.376566757493188;0.19967266775777415;0.3342503438789546;0.3378995433789954;0.28269617706237427;0.3316412859560068;0.464524765729585;0.33402489626556015;0.3411214953271028;0.2797494780793319;0.32285714285714284;0.45714285714285713;0.32558139534883723;0.26515151515151514;0.2047244094488189;0.5270935960591133;0.3490566037735849;0.9016393442622951;0.2692307692307692;0.0
imin;0.1664110429447853;0.339041095890411;0.20966350301984468;0.25;0.17881705639614856;0.141280353200883;0.1386861313868613;0.13577023498694518;0.15673981191222572;0.14871794871794872;0.15139442231075698;0.11594202898550725;0.20987654320987653;0.22330097087378642;0.16260162601626016;0.10989010989010989;0.11267605633802817;0.026970954356846474;0.25806451612903225;0.0
gibran;0.5444785276073619;0.4897260273972603;0.5047454702329595;0.42592592592592593;0.5254470426409904;0.5496688741721855;0.45255474452554745;0.5744125326370757;0.5329153605015674;0.6102564102564103;0.545816733067729;0.48405797101449277;0.5185185185185185;0.5631067961165048;0.6666666666666666;0.31868131868131866;0.43661971830985913;0.12863070539419086;0.3225806451612903;1.0
mahfud;0.28911042944785276;0.17123287671232876;0.28559102674719583;0.32407407407407407;0.29573590096286106;0.3090507726269316;0.40875912408759124;0.2898172323759791;0.3103448275862069;0.24102564102564103;0.30278884462151395;0.4;0.2716049382716049;0.21359223300970873;0.17073170731707318;0.5714285714285714;0.4507042253521127;0.8443983402489627;0.41935483870967744;0.0
