;tribunnews;antaranews;kompas;viva;suara;cnnindonesia;detik;republika;tvone;liputan6;tempo;mediaindonesia;bisnisindonesia;jawapos;sindo;disway;tirto;cnbcindonesia;rri;idntimes;metrotv;pikiranrakyat;kumparan;bloombergtechnoz;katadata;cna;kontan;kumparanplus
anies;0.0673469387755102;0.10248447204968944;0.08333333333333333;0.12048192771084337;0.08171206225680934;0.06859205776173286;0.0821256038647343;0.30434782608695654;0.1111111111111111;0.053811659192825115;0.03363914373088685;0.08088235294117647;0.05235602094240838;0.04794520547945205;0.03431372549019608;0.041379310344827586;0.04411764705882353;0.019672131147540985;0.08771929824561403;0.042735042735042736;0.03773584905660377;0.06153846153846154;0.0375;0.011627906976744186;0.008130081300813009;0.0625;0.0;0.0
prabowo;0.6795918367346939;0.8881987577639752;0.8020833333333334;0.8353413654618473;0.7704280155642024;0.7328519855595668;0.8454106280193237;0.5434782608695652;0.75;0.8923766816143498;0.8715596330275229;0.8897058823529411;0.93717277486911;0.8424657534246576;0.803921568627451;0.9379310344827586;0.8970588235294118;0.9639344262295082;0.9122807017543859;0.9230769230769231;0.9433962264150944;0.8769230769230769;0.8375;0.9767441860465116;0.967479674796748;0.9375;1.0;1.0
ganjar;0.2530612244897959;0.009316770186335404;0.11458333333333333;0.04417670682730924;0.14785992217898833;0.19855595667870035;0.07246376811594203;0.15217391304347827;0.1388888888888889;0.053811659192825115;0.09480122324159021;0.029411764705882353;0.010471204188481676;0.1095890410958904;0.16176470588235295;0.020689655172413793;0.058823529411764705;0.01639344262295082;0.0;0.03418803418803419;0.018867924528301886;0.06153846153846154;0.125;0.011627906976744186;0.024390243902439025;0.0;0.0;0.0
imin;0.0;0.0;0.047619047619047616;0.25;0.0;0.0;0.0;0.0;0.0;0.0;0.0;;;0.0;0.0;0.0;0.0;0.0;0.0;0.0;0.0;0.0;0.0;;0.0;;0.0;
gibran;0.75;1.0;0.16666666666666666;0.5;0.4375;0.0;0.03125;0.03333333333333333;0.08695652173913043;0.08333333333333333;0.5;;;0.3333333333333333;1.0;0.5;0.08333333333333333;0.0;0.0;0.0;0.0;0.0;0.0;;0.0;;1.0;
mahfud;0.25;0.0;0.7857142857142857;0.25;0.5625;1.0;0.96875;0.9666666666666667;0.9130434782608695;0.9166666666666666;0.5;;;0.6666666666666666;0.0;0.5;0.9166666666666666;1.0;1.0;1.0;1.0;1.0;1.0;;1.0;;0.0;
