;tribunnews;metrotv;kompas;detik;viva;pikiranrakyat;jawapos;tempo;tvone;antaranews;bisnisindonesia;cnbcindonesia;republika;disway;kumparan;suara;sindo;liputan6;detikx;cnnindonesia
anies;0.270362473347548;0.6745718050065876;0.2935126582278481;0.23115264797507787;0.28125;0.2685589519650655;0.2250300842358604;0.27495621716287216;0.3369330453563715;0.2010652463382157;0.296969696969697;0.376271186440678;0.2870967741935484;0.4619883040935672;0.3271604938271605;0.3434343434343434;0.032329988851727984;0.14634146341463414;0.2;0.05263157894736842
prabowo;0.3381663113006397;0.1844532279314888;0.35205696202531644;0.39314641744548284;0.5208333333333334;0.4344978165938865;0.3730445246690734;0.38178633975481613;0.4017278617710583;0.31424766977363516;0.3414141414141414;0.31864406779661014;0.45161290322580644;0.36257309941520466;0.4382716049382716;0.494949494949495;0.06465997770345597;0.35365853658536583;0.4;0.42105263157894735
ganjar;0.39147121535181234;0.14097496706192358;0.35443037974683544;0.37570093457943926;0.19791666666666666;0.29694323144104806;0.4019253910950662;0.3432574430823117;0.2613390928725702;0.48468708388814913;0.3616161616161616;0.3050847457627119;0.26129032258064516;0.17543859649122806;0.2345679012345679;0.16161616161616163;0.903010033444816;0.5;0.4;0.5263157894736842
imin;0.2361842105263158;0.4479166666666667;0.29835390946502055;0.20756062767475036;0.20048899755501223;0.19322709163346613;0.160075329566855;0.18097447795823665;0.1676300578034682;0.14991482112436116;0.20947630922693267;0.24183006535947713;0.16883116883116883;0.34965034965034963;0.21568627450980393;0.19672131147540983;0.01730103806228374;0.11864406779661017;0.0;0.2692307692307692
gibran;0.44342105263157894;0.3802083333333333;0.38580246913580246;0.4664764621968616;0.5403422982885085;0.450199203187251;0.504708097928437;0.46635730858468677;0.5346820809248555;0.44122657580919933;0.46633416458852867;0.38562091503267976;0.5584415584415584;0.48951048951048953;0.5816993464052288;0.3770491803278688;0.09688581314878893;0.2033898305084746;0.75;0.15384615384615385
mahfud;0.3203947368421053;0.171875;0.31584362139917693;0.325962910128388;0.2591687041564792;0.3565737051792829;0.3352165725047081;0.35266821345707655;0.2976878612716763;0.4088586030664395;0.32418952618453867;0.37254901960784315;0.2727272727272727;0.16083916083916083;0.20261437908496732;0.4262295081967213;0.8858131487889274;0.6779661016949152;0.25;0.5769230769230769
