;tribunnews;metrotv;pikiranrakyat;viva;kompas;antaranews;detik;tvone;tempo;jawapos;bisnisindonesia;cnbcindonesia;disway;kumparan;suara;republika;sindo;liputan6;cnnindonesia;detikx
anies;0.26589327146171693;0.641755634638197;0.30284552845528456;0.2654275092936803;0.2878289473684211;0.22675585284280936;0.2587800369685767;0.3411764705882353;0.26939655172413796;0.2204155374887082;0.3002754820936639;0.38415841584158417;0.4639175257731959;0.35014005602240894;0.32114882506527415;0.25925925925925924;0.04218362282878412;0.19230769230769232;0.17647058823529413;0.16666666666666666
prabowo;0.35962877030162416;0.21352313167259787;0.4329268292682927;0.5687732342007435;0.3692434210526316;0.3612040133779264;0.4399260628465804;0.4091503267973856;0.3911637931034483;0.3956639566395664;0.35399449035812675;0.3564356435643564;0.4020618556701031;0.4369747899159664;0.4177545691906005;0.5123456790123457;0.07196029776674938;0.3504273504273504;0.5294117647058824;0.5
ganjar;0.3744779582366589;0.14472123368920523;0.26422764227642276;0.1657992565055762;0.34292763157894735;0.41204013377926424;0.30129390018484287;0.2496732026143791;0.3394396551724138;0.3839205058717254;0.34573002754820936;0.2594059405940594;0.13402061855670103;0.21288515406162464;0.26109660574412535;0.22839506172839505;0.8858560794044665;0.45726495726495725;0.29411764705882354;0.3333333333333333
imin;0.2268760907504363;0.4762979683972912;0.24393939393939393;0.18100558659217877;0.34047919293820933;0.16666666666666666;0.2350674373795761;0.17558886509635974;0.15331010452961671;0.16666666666666666;0.20496894409937888;0.22941176470588234;0.3050847457627119;0.2191780821917808;0.15625;0.178743961352657;0.01978891820580475;0.15306122448979592;0.2916666666666667;0.0
gibran;0.45287958115183247;0.3544018058690745;0.4166666666666667;0.5687150837988827;0.39596469104665827;0.4626262626262626;0.4701348747591522;0.5010706638115632;0.45993031358885017;0.505;0.45962732919254656;0.3941176470588235;0.5480225988700564;0.5707762557077626;0.45;0.5314009661835749;0.08575197889182058;0.23469387755102042;0.2916666666666667;0.75
mahfud;0.32024432809773123;0.16930022573363432;0.3393939393939394;0.25027932960893856;0.2635561160151324;0.3707070707070707;0.2947976878612717;0.3233404710920771;0.3867595818815331;0.3283333333333333;0.33540372670807456;0.3764705882352941;0.14689265536723164;0.2100456621004566;0.39375;0.2898550724637681;0.8944591029023746;0.6122448979591837;0.4166666666666667;0.25
