;tribunnews;metrotv;detik;kompas;viva;pikiranrakyat;jawapos;tempo;bisnisindonesia;republika;tvone;antaranews;cnbcindonesia;kumparan;disway;suara;liputan6;sindo;cnnindonesia;detikx
anies;0.23455440131219246;0.5733333333333334;0.23173277661795408;0.276555023923445;0.24874118831822759;0.2652388797364086;0.2064343163538874;0.2613168724279835;0.2860520094562648;0.22983870967741934;0.2727272727272727;0.1870967741935484;0.26101694915254237;0.30434782608695654;0.3228346456692913;0.25;0.13615023474178403;0.03639240506329114;0.25;0.5
prabowo;0.39475123018042646;0.21833333333333332;0.4384133611691023;0.39425837320574164;0.4551863041289023;0.41186161449752884;0.3351206434316354;0.4176954732510288;0.3877068557919622;0.5120967741935484;0.4;0.36774193548387096;0.4271186440677966;0.4855072463768116;0.3858267716535433;0.4166666666666667;0.36619718309859156;0.06645569620253164;0.5357142857142857;0.5
ganjar;0.3706943685073811;0.20833333333333334;0.3298538622129436;0.3291866028708134;0.29607250755287007;0.3228995057660626;0.4584450402144772;0.32098765432098764;0.3262411347517731;0.25806451612903225;0.32727272727272727;0.44516129032258067;0.31186440677966104;0.21014492753623187;0.29133858267716534;0.3333333333333333;0.49765258215962443;0.8971518987341772;0.21428571428571427;0.0
imin;0.1592787377911345;0.34415584415584416;0.2141623488773748;0.2485207100591716;0.1777150916784203;0.13625866050808313;0.14634146341463414;0.14285714285714285;0.1639871382636656;0.1570048309178744;0.1638655462184874;0.10802469135802469;0.23076923076923078;0.171875;0.19801980198019803;0.11392405063291139;0.10752688172043011;0.028077753779697623;0.2;0.0
gibran;0.555221637866266;0.4805194805194805;0.5086355785837651;0.43550295857988164;0.5190409026798307;0.5496535796766744;0.44634146341463415;0.574025974025974;0.5337620578778135;0.6159420289855072;0.5210084033613446;0.48148148148148145;0.5274725274725275;0.6640625;0.5544554455445545;0.45569620253164556;0.34408602150537637;0.14254859611231102;0.42857142857142855;1.0
mahfud;0.28549962434259957;0.17532467532467533;0.2772020725388601;0.31597633136094677;0.3032440056417489;0.3140877598152425;0.4073170731707317;0.2831168831168831;0.3022508038585209;0.22705314009661837;0.31512605042016806;0.4104938271604938;0.24175824175824176;0.1640625;0.24752475247524752;0.43037974683544306;0.5483870967741935;0.8293736501079914;0.37142857142857144;0.0
