;tribunnews;metrotv;pikiranrakyat;viva;kompas;antaranews;detik;tvone;tempo;jawapos;bisnisindonesia;cnbcindonesia;disway;suara;kumparan;republika;sindo;liputan6;cnnindonesia;detikx
anies;0.2702222222222222;0.640661938534279;0.301952580195258;0.26849112426035504;0.2883031301482702;0.22694094226940942;0.25359712230215825;0.34172185430463575;0.2677595628415301;0.21911632100991885;0.3016759776536313;0.3869047619047619;0.4666666666666667;0.3288409703504043;0.3438395415472779;0.25149700598802394;0.04296545914069082;0.19130434782608696;0.17647058823529413;0.16666666666666666
prabowo;0.35644444444444445;0.21513002364066194;0.4372384937238494;0.5650887573964497;0.37067545304777594;0.36164565361645656;0.43884892086330934;0.4105960264900662;0.3912568306010929;0.3931469792605951;0.35335195530726254;0.3531746031746032;0.39649122807017545;0.40970350404312667;0.44126074498567336;0.5239520958083832;0.07245155855096883;0.3565217391304348;0.5294117647058824;0.5
ganjar;0.37333333333333335;0.14420803782505912;0.2608089260808926;0.16642011834319526;0.34102141680395387;0.411413404114134;0.30755395683453235;0.247682119205298;0.34098360655737703;0.38773669972948605;0.34497206703910616;0.25992063492063494;0.1368421052631579;0.261455525606469;0.2148997134670487;0.2245508982035928;0.8845829823083403;0.45217391304347826;0.29411764705882354;0.3333333333333333
imin;0.23270440251572327;0.47404063205417607;0.24566929133858267;0.18322295805739514;0.35131744040150564;0.1691842900302115;0.2388888888888889;0.17608695652173914;0.15480427046263345;0.17109634551495018;0.20502092050209206;0.21764705882352942;0.313953488372093;0.1503267973856209;0.21296296296296297;0.18309859154929578;0.020026702269692925;0.15789473684210525;0.2916666666666667;0.0
gibran;0.4520440251572327;0.35665914221218964;0.4094488188976378;0.5640176600441501;0.39021329987452946;0.4602215508559919;0.4648148148148148;0.5;0.45907473309608543;0.4983388704318937;0.4602510460251046;0.4;0.5406976744186046;0.43790849673202614;0.5740740740740741;0.5352112676056338;0.08544726301735647;0.24210526315789474;0.2916666666666667;0.75
mahfud;0.31525157232704404;0.16930022573363432;0.34488188976377954;0.25275938189845476;0.2584692597239649;0.37059415911379656;0.2962962962962963;0.3239130434782609;0.3861209964412811;0.33056478405315615;0.33472803347280333;0.38235294117647056;0.14534883720930233;0.4117647058823529;0.21296296296296297;0.28169014084507044;0.8945260347129506;0.6;0.4166666666666667;0.25
