;tribunnews;metrotv;detik;kompas;pikiranrakyat;viva;antaranews;tvone;tempo;jawapos;bisnisindonesia;cnbcindonesia;disway;kumparan;republika;suara;sindo;liputan6;cnnindonesia;detikx
anies;0.2686725663716814;0.6486796785304249;0.22113821138211381;0.2645861601085482;0.2966333030027298;0.27141568981064024;0.21853146853146854;0.3490909090909091;0.26571428571428574;0.21511627906976744;0.2857142857142857;0.39;0.4796380090497738;0.35294117647058826;0.26480836236933797;0.35714285714285715;0.042391304347826085;0.13043478260869565;0.07692307692307693;0.2
prabowo;0.3465486725663717;0.20091848450057406;0.4092140921409214;0.37177747625508817;0.4385805277525023;0.5590622182146078;0.3583916083916084;0.39454545454545453;0.37285714285714283;0.3918604651162791;0.3663003663003663;0.3375;0.38461538461538464;0.4375;0.49477351916376305;0.45454545454545453;0.0782608695652174;0.37888198757763975;0.5384615384615384;0.4
ganjar;0.3847787610619469;0.15040183696900114;0.36964769647696477;0.36363636363636365;0.26478616924476794;0.16952209197475204;0.4230769230769231;0.25636363636363635;0.36142857142857143;0.3930232558139535;0.34798534798534797;0.2725;0.13574660633484162;0.20955882352941177;0.24041811846689895;0.18831168831168832;0.8793478260869565;0.4906832298136646;0.38461538461538464;0.4
imin;0.23566477630749844;0.46680497925311204;0.22229916897506924;0.3103448275862069;0.24444444444444444;0.18618988902589395;0.1810012836970475;0.19559228650137742;0.1670235546038544;0.17657992565055763;0.2044334975369458;0.22012578616352202;0.3401360544217687;0.2235294117647059;0.16580310880829016;0.208955223880597;0.018333333333333333;0.15789473684210525;0.2857142857142857;0.0
gibran;0.45746691871455575;0.37136929460580914;0.47991689750692523;0.40295566502463054;0.41333333333333333;0.5684340320591862;0.46983311938382544;0.4931129476584022;0.4411134903640257;0.4888475836431227;0.47783251231527096;0.389937106918239;0.5170068027210885;0.5647058823529412;0.5440414507772021;0.3283582089552239;0.08833333333333333;0.2236842105263158;0.23809523809523808;0.6666666666666666
mahfud;0.3068683049779458;0.16182572614107885;0.29778393351800553;0.28669950738916256;0.3422222222222222;0.24537607891491986;0.3491655969191271;0.31129476584022037;0.39186295503211993;0.3345724907063197;0.31773399014778325;0.389937106918239;0.14285714285714285;0.21176470588235294;0.29015544041450775;0.4626865671641791;0.8933333333333333;0.618421052631579;0.47619047619047616;0.3333333333333333
