;tribunnews;metrotv;detik;kompas;viva;pikiranrakyat;jawapos;tempo;bisnisindonesia;tvone;republika;cnbcindonesia;antaranews;disway;kumparan;suara;sindo;liputan6;cnnindonesia;detikx
anies;0.25666834423754403;0.611032531824611;0.2337334175615919;0.2883116883116883;0.26175115207373273;0.2700534759358289;0.21588089330024815;0.26407766990291265;0.2875816993464052;0.2860635696821516;0.2638888888888889;0.3322884012539185;0.18992248062015504;0.3669064748201439;0.31333333333333335;0.30097087378640774;0.03768506056527591;0.10326086956521739;0.2;0.3333333333333333
prabowo;0.35430296930045296;0.19943422913719944;0.4232469993682881;0.3696969696969697;0.4737327188940092;0.4184491978609626;0.3424317617866005;0.3941747572815534;0.3616557734204793;0.39853300733496333;0.4444444444444444;0.3573667711598746;0.3449612403100775;0.3597122302158273;0.43333333333333335;0.36893203883495146;0.05652759084791386;0.32065217391304346;0.44;0.3333333333333333
ganjar;0.389028686462003;0.18953323903818953;0.34301958307012004;0.341991341991342;0.2645161290322581;0.3114973262032086;0.44168734491315137;0.341747572815534;0.35076252723311546;0.3154034229828851;0.2916666666666667;0.3103448275862069;0.46511627906976744;0.2733812949640288;0.25333333333333335;0.3300970873786408;0.9057873485868102;0.5760869565217391;0.36;0.3333333333333333
imin;0.18951612903225806;0.40202702702702703;0.20411522633744855;0.2675893886966551;0.18311688311688312;0.13800424628450106;0.1461187214611872;0.1510989010989011;0.17080745341614906;0.14855072463768115;0.18562874251497005;0.2318840579710145;0.11021505376344086;0.24;0.17164179104477612;0.15254237288135594;0.024528301886792454;0.1282051282051282;0.3333333333333333;0.0
gibran;0.49274193548387096;0.42905405405405406;0.48477366255144033;0.3990772779700115;0.522077922077922;0.505307855626327;0.4452054794520548;0.532967032967033;0.4782608695652174;0.5434782608695652;0.5419161676646707;0.4782608695652174;0.47580645161290325;0.55;0.6417910447761194;0.3898305084745763;0.08679245283018867;0.23076923076923078;0.2222222222222222;1.0
mahfud;0.317741935483871;0.16891891891891891;0.3111111111111111;0.3333333333333333;0.2948051948051948;0.35668789808917195;0.408675799086758;0.3159340659340659;0.35093167701863354;0.3079710144927536;0.27245508982035926;0.2898550724637681;0.41397849462365593;0.21;0.1865671641791045;0.4576271186440678;0.8886792452830189;0.6410256410256411;0.4444444444444444;0.0
