;tribunnews;metrotv;detik;kompas;viva;pikiranrakyat;jawapos;antaranews;tvone;tempo;bisnisindonesia;cnbcindonesia;disway;republika;kumparan;suara;sindo;liputan6;detikx;cnnindonesia
anies;0.2624286878565607;0.6844106463878327;0.2200841852074564;0.2723112128146453;0.28185328185328185;0.2642679900744417;0.2169811320754717;0.20176405733186328;0.32751937984496127;0.2542955326460481;0.291497975708502;0.4033898305084746;0.4601226993865031;0.2737642585551331;0.3349282296650718;0.34579439252336447;0.032188841201716736;0.14201183431952663;0.2;0.0
prabowo;0.32599837000814996;0.16983523447401774;0.39506915213469634;0.35774218154080856;0.5299227799227799;0.43300248138957814;0.37028301886792453;0.3340683572216097;0.4050387596899225;0.3797250859106529;0.34210526315789475;0.29152542372881357;0.37423312883435583;0.4790874524714829;0.4258373205741627;0.4766355140186916;0.04935622317596566;0.34911242603550297;0.4;0.45454545454545453
ganjar;0.41157294213528933;0.14575411913814956;0.3848466626578473;0.3699466056445461;0.18822393822393824;0.3027295285359802;0.41273584905660377;0.46416758544652703;0.26744186046511625;0.36597938144329895;0.36639676113360325;0.3050847457627119;0.1656441717791411;0.24714828897338403;0.23923444976076555;0.17757009345794392;0.9184549356223176;0.5088757396449705;0.4;0.5454545454545454
imin;0.23164556962025318;0.46335697399527187;0.21653005464480873;0.30857142857142855;0.19451073985680192;0.19910514541387025;0.18230088495575222;0.16547788873038516;0.1806282722513089;0.1572052401746725;0.2100238663484487;0.22580645161290322;0.3561643835616438;0.17475728155339806;0.2261904761904762;0.20634920634920634;0.01694915254237288;0.11764705882352941;0.0;0.2857142857142857
gibran;0.44050632911392407;0.35933806146572106;0.47404371584699456;0.40285714285714286;0.5477326968973747;0.43400447427293065;0.4831858407079646;0.463623395149786;0.5157068062827225;0.46943231441048033;0.4630071599045346;0.4064516129032258;0.4794520547945205;0.5388349514563107;0.5714285714285714;0.3492063492063492;0.07627118644067797;0.17647058823529413;0.75;0.19047619047619047
mahfud;0.3278481012658228;0.1773049645390071;0.3094262295081967;0.2885714285714286;0.2577565632458234;0.3668903803131991;0.3345132743362832;0.37089871611982883;0.3036649214659686;0.37336244541484714;0.3269689737470167;0.36774193548387096;0.1643835616438356;0.28640776699029125;0.20238095238095238;0.4444444444444444;0.9067796610169492;0.7058823529411765;0.25;0.5238095238095238
