;tribunnews;metrotv;detik;kompas;viva;pikiranrakyat;jawapos;tempo;bisnisindonesia;republika;tvone;antaranews;cnbcindonesia;disway;kumparan;liputan6;sindo;suara;cnnindonesia;detikx
anies;0.2364939360529217;0.586038961038961;0.22596153846153846;0.28127853881278536;0.24824120603015076;0.26825127334465193;0.20372836218375498;0.25260960334029225;0.2651162790697674;0.23717948717948717;0.27873563218390807;0.18309859154929578;0.25675675675675674;0.3076923076923077;0.3008130081300813;0.12060301507537688;0.03519061583577713;0.20588235294117646;0.23076923076923078;0.0
prabowo;0.386438809261301;0.21266233766233766;0.43887362637362637;0.3817351598173516;0.4743718592964824;0.398981324278438;0.33422103861517977;0.4133611691022965;0.3883720930232558;0.4829059829059829;0.3936781609195402;0.36217303822937624;0.4155405405405405;0.4230769230769231;0.4796747967479675;0.3417085427135678;0.06158357771260997;0.43137254901960786;0.5;1.0
ganjar;0.3770672546857773;0.2012987012987013;0.33516483516483514;0.336986301369863;0.27738693467336684;0.33276740237691;0.4620505992010652;0.33402922755741127;0.34651162790697676;0.2799145299145299;0.3275862068965517;0.45472837022132795;0.3277027027027027;0.2692307692307692;0.21951219512195122;0.5376884422110553;0.9032258064516129;0.3627450980392157;0.2692307692307692;0.0
imin;0.16973886328725038;0.3412969283276451;0.20648464163822525;0.2532088681446908;0.18106995884773663;0.1394335511982571;0.13711583924349882;0.13227513227513227;0.15432098765432098;0.1514360313315927;0.14785992217898833;0.11235955056179775;0.2125;0.22115384615384615;0.1640625;0.10989010989010989;0.026052104208416832;0.1095890410958904;0.28125;0.0
gibran;0.5445468509984639;0.4812286689419795;0.5017064846416383;0.42123687281213534;0.5281207133058985;0.5337690631808278;0.4562647754137116;0.5714285714285714;0.5277777777777778;0.6057441253263708;0.5486381322957199;0.4887640449438202;0.5;0.5673076923076923;0.640625;0.31868131868131866;0.12424849699398798;0.4246575342465753;0.3125;1.0
mahfud;0.2857142857142857;0.17747440273037543;0.29180887372013653;0.32555425904317387;0.2908093278463649;0.32679738562091504;0.4066193853427896;0.2962962962962963;0.31790123456790126;0.24281984334203655;0.3035019455252918;0.398876404494382;0.2875;0.21153846153846154;0.1953125;0.5714285714285714;0.8496993987975952;0.4657534246575342;0.40625;0.0
