;tribunnews;metrotv;detik;kompas;viva;pikiranrakyat;jawapos;tempo;republika;bisnisindonesia;tvone;antaranews;cnbcindonesia;disway;kumparan;sindo;liputan6;suara;cnnindonesia;detikx
anies;0.24067063277447268;0.5961844197138315;0.22432432432432434;0.28389444949954507;0.2502482621648461;0.260655737704918;0.20712401055408972;0.2581967213114754;0.24678111587982832;0.26823529411764707;0.28370786516853935;0.1830708661417323;0.26;0.31007751937984496;0.2900763358778626;0.03299856527977044;0.11702127659574468;0.21052631578947367;0.2;0.0
prabowo;0.37209302325581395;0.2082670906200318;0.43716216216216214;0.37670609645131936;0.47765640516385305;0.4163934426229508;0.3324538258575198;0.4016393442622951;0.4699570815450644;0.3788235294117647;0.39325842696629215;0.35039370078740156;0.41;0.4263565891472868;0.48091603053435117;0.058823529411764705;0.34574468085106386;0.42105263157894735;0.5333333333333333;1.0
ganjar;0.38723634396971335;0.19554848966613672;0.3385135135135135;0.3393994540491356;0.27209533267130087;0.32295081967213113;0.4604221635883905;0.3401639344262295;0.2832618025751073;0.35294117647058826;0.32303370786516855;0.46653543307086615;0.33;0.26356589147286824;0.22900763358778625;0.9081779053084649;0.5372340425531915;0.3684210526315789;0.26666666666666666;0.0
imin;0.17683881064162754;0.36156351791530944;0.2059322033898305;0.26173708920187794;0.18206521739130435;0.13606911447084233;0.13657407407407407;0.13297872340425532;0.1622340425531915;0.15755627009646303;0.14671814671814673;0.11263736263736264;0.2236842105263158;0.22330097087378642;0.15441176470588236;0.019646365422396856;0.11235955056179775;0.11428571428571428;0.2727272727272727;0.0
gibran;0.5203442879499217;0.4592833876221498;0.4915254237288136;0.4061032863849765;0.5217391304347826;0.5183585313174947;0.44907407407407407;0.5558510638297872;0.5851063829787234;0.5016077170418006;0.5405405405405406;0.46703296703296704;0.47368421052631576;0.5631067961165048;0.6544117647058824;0.1100196463654224;0.2808988764044944;0.4142857142857143;0.30303030303030304;1.0
mahfud;0.3028169014084507;0.1791530944625407;0.30254237288135594;0.33215962441314556;0.296195652173913;0.34557235421166305;0.41435185185185186;0.31117021276595747;0.2526595744680851;0.3408360128617363;0.3127413127413127;0.42032967032967034;0.3026315789473684;0.21359223300970873;0.19117647058823528;0.8703339882121808;0.6067415730337079;0.4714285714285714;0.42424242424242425;0.0
