;tribunnews;cnnindonesia;tempo;viva;suara;antaranews;bisnisindonesia;idntimes;jawapos;liputan6;mediaindonesia;republika;tvone;kompas;disway;pikiranrakyat;sindo;detik;tirto;cnbcindonesia;rri;katadata;metrotv;bloombergtechnoz;bbc;kumparan;kontan;cna;detikx
anies;0.07441016333938294;0.12738853503184713;0.11280487804878049;0.09944751381215469;0.11742424242424243;0.06956521739130435;0.09956709956709957;0.14960629921259844;0.16964285714285715;0.08962264150943396;0.08121827411167512;0.17647058823529413;0.09259259259259259;0.03488372093023256;0.0821917808219178;0.13580246913580246;0.04;0.030434782608695653;0.0410958904109589;0.01893939393939394;0.040983606557377046;0.02702702702702703;0.02857142857142857;0.03614457831325301;0.2;0.022988505747126436;0.007874015748031496;0.0;0.0
prabowo;0.5081669691470054;0.4745222929936306;0.7225609756097561;0.6933701657458563;0.6590909090909091;0.9130434782608695;0.8528138528138528;0.7795275590551181;0.6875;0.7641509433962265;0.6903553299492385;0.6235294117647059;0.7592592592592593;0.8662790697674418;0.821917808219178;0.6049382716049383;0.6666666666666666;0.9565217391304348;0.8424657534246576;0.9621212121212122;0.9262295081967213;0.9279279279279279;0.9428571428571428;0.8072289156626506;0.6;0.7816091954022989;0.984251968503937;0.25;0.0
ganjar;0.41742286751361163;0.3980891719745223;0.16463414634146342;0.20718232044198895;0.22348484848484848;0.017391304347826087;0.047619047619047616;0.07086614173228346;0.14285714285714285;0.14622641509433962;0.22842639593908629;0.2;0.14814814814814814;0.09883720930232558;0.0958904109589041;0.25925925925925924;0.29333333333333333;0.013043478260869565;0.11643835616438356;0.01893939393939394;0.03278688524590164;0.04504504504504504;0.02857142857142857;0.1566265060240964;0.2;0.19540229885057472;0.007874015748031496;0.75;1.0
imin;0.0;0.13157894736842105;0.0;0.2;0.0;0.0;;0.0;0.0;0.0;0.0;0.0;0.0;0.0;0.0;0.0;;0.04054054054054054;0.0;0.0;0.0;0.0;0.0;;;0.0;;;
gibran;0.2222222222222222;0.02631578947368421;0.09090909090909091;0.2;0.16666666666666666;0.0;;0.0;1.0;0.0;0.0;0.037037037037037035;0.0;0.0;0.0;0.0;;0.013513513513513514;0.0;0.1;0.0;0.0;0.0;;;0.0;;;
mahfud;0.7777777777777778;0.8421052631578947;0.9090909090909091;0.6;0.8333333333333334;1.0;;1.0;0.0;1.0;1.0;0.9629629629629629;1.0;1.0;1.0;1.0;;0.9459459459459459;1.0;0.9;1.0;1.0;1.0;;;1.0;;;
