;suara;liputan6;kompas;viva;bisnisindonesia;tempo;antaranews;tribunnews;mediaindonesia;cnnindonesia;jawapos;metrotv;detik;sindo;disway;idntimes;tvone;tirto;katadata;pikiranrakyat;kontan;republika;cnbcindonesia;rri;kumparan;kumparanplus;detikx
anies;0.08372827804107424;0.09979633401221996;0.10352941176470588;0.1024390243902439;0.11396011396011396;0.08089887640449438;0.08223684210526316;0.06217616580310881;0.08664259927797834;0.07942238267148015;0.11038961038961038;0.08947368421052632;0.05904059040590406;0.06829268292682927;0.09722222222222222;0.048507462686567165;0.11214953271028037;0.0873015873015873;0.06896551724137931;0.05747126436781609;0.0472972972972973;0.033707865168539325;0.012422360248447204;0.0625;0.03571428571428571;0.0;0.0
prabowo;0.7503949447077409;0.8533604887983707;0.8258823529411765;0.8;0.8034188034188035;0.7910112359550562;0.8651315789473685;0.7642487046632125;0.8447653429602888;0.779783393501805;0.8441558441558441;0.8473684210526315;0.8376383763837638;0.8536585365853658;0.8680555555555556;0.8805970149253731;0.822429906542056;0.8015873015873016;0.8482758620689655;0.7816091954022989;0.9324324324324325;0.8707865168539326;0.9254658385093167;0.90625;0.6964285714285714;1.0;0.5
ganjar;0.16587677725118483;0.04684317718940937;0.07058823529411765;0.0975609756097561;0.08262108262108261;0.12808988764044943;0.05263157894736842;0.17357512953367876;0.06859205776173286;0.1407942238267148;0.045454545454545456;0.06315789473684211;0.1033210332103321;0.07804878048780488;0.034722222222222224;0.0708955223880597;0.06542056074766354;0.1111111111111111;0.08275862068965517;0.16091954022988506;0.02027027027027027;0.09550561797752809;0.062111801242236024;0.03125;0.26785714285714285;0.0;0.5
imin;0.034482758620689655;0.0;0.0;0.0;0.0;0.0;0.0;0.3333333333333333;;0.058823529411764705;0.5;0.14285714285714285;0.0;0.16666666666666666;0.0;0.0;0.0;0.0;0.0;0.0;;0.0;0.0;0.0;0.0;;
gibran;0.2413793103448276;0.19047619047619047;0.07547169811320754;0.6;0.3333333333333333;0.06451612903225806;0.0;0.5;;0.11764705882352941;0.0;0.14285714285714285;0.16666666666666666;0.6666666666666666;0.5;0.14285714285714285;0.0;0.0;0.5;0.26666666666666666;;0.1111111111111111;0.5;0.0;0.25;;
mahfud;0.7241379310344828;0.8095238095238095;0.9245283018867925;0.4;0.6666666666666666;0.9354838709677419;1.0;0.16666666666666666;;0.8235294117647058;0.5;0.7142857142857143;0.8333333333333334;0.16666666666666666;0.5;0.8571428571428571;1.0;1.0;0.5;0.7333333333333333;;0.8888888888888888;0.5;1.0;0.75;;
