;tribunnews;metrotv;detik;kompas;pikiranrakyat;viva;antaranews;tempo;tvone;jawapos;cnbcindonesia;bisnisindonesia;disway;kumparan;suara;republika;sindo;liputan6;cnnindonesia;detikx
anies;0.2704683020070086;0.6397306397306397;0.2319262493934983;0.2668298653610771;0.29984051036682613;0.26285714285714284;0.22482435597189696;0.2731893265565438;0.339171974522293;0.22099447513812154;0.3875802997858672;0.28960817717206133;0.4782608695652174;0.34615384615384615;0.34394904458598724;0.26973684210526316;0.04898828541001065;0.18617021276595744;0.17647058823529413;0.16666666666666666
prabowo;0.3615801210576617;0.21997755331088664;0.42503639010189226;0.38310893512851896;0.45454545454545453;0.5714285714285714;0.37861046057767367;0.3926302414231258;0.40764331210191085;0.40331491712707185;0.3640256959314775;0.35604770017035775;0.38735177865612647;0.4423076923076923;0.4140127388535032;0.5032894736842105;0.08413205537806177;0.3723404255319149;0.5294117647058824;0.5
ganjar;0.3679515769353297;0.14029180695847362;0.3430373605046094;0.35006119951040393;0.24561403508771928;0.1657142857142857;0.39656518345042935;0.3341804320203304;0.2531847133757962;0.3756906077348066;0.24839400428265523;0.3543441226575809;0.13438735177865613;0.21153846153846154;0.24203821656050956;0.22697368421052633;0.8668796592119276;0.44148936170212766;0.29411764705882354;0.3333333333333333
imin;0.22880299251870323;0.4733606557377049;0.20876112251882273;0.3273809523809524;0.26283367556468173;0.1861635220125786;0.1684334511189635;0.16594827586206898;0.18489583333333334;0.1821705426356589;0.2229299363057325;0.21705426356589147;0.32653061224489793;0.23595505617977527;0.1746031746031746;0.18518518518518517;0.02073365231259968;0.14473684210526316;0.29411764705882354;0.0
gibran;0.45261845386533667;0.36270491803278687;0.4804928131416838;0.3998015873015873;0.39835728952772076;0.5610062893081761;0.46760895170789163;0.44396551724137934;0.4791666666666667;0.4883720930232558;0.39490445859872614;0.4418604651162791;0.5306122448979592;0.5561797752808989;0.42857142857142855;0.5291005291005291;0.08771929824561403;0.23684210526315788;0.35294117647058826;0.75
mahfud;0.3185785536159601;0.16393442622950818;0.3107460643394935;0.2728174603174603;0.33880903490759756;0.2528301886792453;0.36395759717314485;0.3900862068965517;0.3359375;0.32945736434108525;0.3821656050955414;0.34108527131782945;0.14285714285714285;0.20786516853932585;0.3968253968253968;0.2857142857142857;0.8915470494417863;0.618421052631579;0.35294117647058826;0.25
