;kompas;tribunnews;cnnindonesia;viva;suara;antaranews;tempo;liputan6;bisnisindonesia;detik;jawapos;republika;tvone;idntimes;disway;sindo;mediaindonesia;pikiranrakyat;tirto;rri;kumparan;cnbcindonesia;metrotv;katadata;bbc;kontan;bloombergtechnoz;cna
anies;0.21813031161473087;0.10429447852760736;0.12234042553191489;0.1151685393258427;0.10086455331412104;0.10030395136778116;0.08672086720867209;0.10300429184549356;0.0963302752293578;0.08333333333333333;0.1165644171779141;0.21686746987951808;0.10344827586206896;0.11724137931034483;0.07407407407407407;0.07441860465116279;0.06486486486486487;0.0963855421686747;0.046242774566473986;0.07526881720430108;0.05660377358490566;0.0169971671388102;0.04504504504504504;0.014705882352941176;0.25;0.006756756756756757;0.01;0.0
prabowo;0.6062322946175638;0.6641104294478528;0.5904255319148937;0.797752808988764;0.7752161383285303;0.8844984802431611;0.7831978319783198;0.8326180257510729;0.8899082568807339;0.675;0.7791411042944786;0.6746987951807228;0.7758620689655172;0.8275862068965517;0.8888888888888888;0.7674418604651163;0.7945945945945946;0.8192771084337349;0.9248554913294798;0.8924731182795699;0.8490566037735849;0.9631728045325779;0.8918918918918919;0.9632352941176471;0.5;0.9932432432432432;0.93;0.8823529411764706
ganjar;0.17563739376770537;0.23159509202453987;0.2872340425531915;0.08707865168539326;0.1239193083573487;0.015197568389057751;0.13008130081300814;0.06437768240343347;0.013761467889908258;0.24166666666666667;0.10429447852760736;0.10843373493975904;0.1206896551724138;0.05517241379310345;0.037037037037037035;0.15813953488372093;0.14054054054054055;0.08433734939759036;0.028901734104046242;0.03225806451612903;0.09433962264150944;0.019830028328611898;0.06306306306306306;0.022058823529411766;0.25;0.0;0.06;0.11764705882352941
imin;0.0;0.0;0.0;0.14285714285714285;0.0;1.0;0.0;0.0;;0.0;0.0;0.0;0.0;0.0;0.0;0.0;;0.0;0.0;0.0;0.0;0.0;0.0;0.0;;0.0;;
gibran;0.0;0.6666666666666666;0.0;0.42857142857142855;0.35294117647058826;0.0;0.25;0.05263157894736842;;0.0;1.0;0.043478260869565216;0.1;0.05;1.0;1.0;;0.0;0.0;0.0;0.0;0.0;0.0;0.25;;1.0;;
mahfud;1.0;0.3333333333333333;1.0;0.42857142857142855;0.6470588235294118;0.0;0.75;0.9473684210526315;;1.0;0.0;0.9565217391304348;0.9;0.95;0.0;0.0;;1.0;1.0;1.0;1.0;1.0;1.0;0.75;;0.0;;
