;tribunnews;metrotv;detik;kompas;viva;pikiranrakyat;jawapos;tvone;tempo;bisnisindonesia;antaranews;cnbcindonesia;republika;disway;kumparan;suara;sindo;liputan6;cnnindonesia;detikx
anies;0.2637707120465741;0.6464237516869096;0.2348993288590604;0.27634660421545665;0.27636363636363637;0.26673228346456695;0.21540312876052947;0.31896551724137934;0.2565905096660808;0.2903885480572597;0.1873015873015873;0.36212624584717606;0.2804232804232804;0.4594594594594595;0.31788079470198677;0.33653846153846156;0.03699284009546539;0.14124293785310735;0.1111111111111111;0.2
prabowo;0.3407971339005822;0.18893387314439947;0.4002440512507627;0.3692427790788447;0.5027272727272727;0.4271653543307087;0.35980746089049337;0.39439655172413796;0.4024604569420035;0.33537832310838445;0.33174603174603173;0.36212624584717606;0.42592592592592593;0.36486486486486486;0.4370860927152318;0.4326923076923077;0.06324582338902147;0.3446327683615819;0.4444444444444444;0.4
ganjar;0.3954321540528437;0.16464237516869096;0.3648566198901769;0.3544106167056987;0.22090909090909092;0.3061023622047244;0.42478941034897716;0.28663793103448276;0.3409490333919156;0.37423312883435583;0.48095238095238096;0.2757475083056478;0.29365079365079366;0.17567567567567569;0.24503311258278146;0.23076923076923078;0.8997613365155132;0.5141242937853108;0.4444444444444444;0.4
imin;0.20999153259949196;0.4395973154362416;0.21018062397372742;0.2845238095238095;0.19515477792732167;0.1827768014059754;0.1511627906976744;0.14130434782608695;0.14666666666666667;0.184375;0.13380281690140844;0.1917808219178082;0.16730038022813687;0.3404255319148936;0.1826086956521739;0.16666666666666666;0.02091254752851711;0.13043478260869565;0.2222222222222222;0.0
gibran;0.44961896697713805;0.38926174496644295;0.44170771756978655;0.37976190476190474;0.5141318977119784;0.46397188049209137;0.4627906976744186;0.5289855072463768;0.496;0.446875;0.431924882629108;0.4520547945205479;0.5019011406844106;0.5212765957446809;0.5652173913043478;0.3888888888888889;0.07224334600760456;0.2028985507246377;0.2222222222222222;0.6666666666666666
mahfud;0.34038950042337;0.17114093959731544;0.34811165845648606;0.3357142857142857;0.29071332436069985;0.3532513181019332;0.386046511627907;0.32971014492753625;0.35733333333333334;0.36875;0.43427230046948356;0.3561643835616438;0.33079847908745247;0.13829787234042554;0.25217391304347825;0.4444444444444444;0.9068441064638784;0.6666666666666666;0.5555555555555556;0.3333333333333333
