;tribunnews;metrotv;detik;kompas;viva;pikiranrakyat;jawapos;tvone;antaranews;tempo;bisnisindonesia;cnbcindonesia;disway;republika;kumparan;suara;sindo;liputan6;detikx;cnnindonesia
anies;0.2663316582914573;0.6792207792207792;0.22426470588235295;0.2863849765258216;0.282319391634981;0.2627906976744186;0.2247596153846154;0.35330578512396693;0.1983663943990665;0.26573426573426573;0.29690721649484536;0.3954248366013072;0.46107784431137727;0.26855123674911663;0.34269662921348315;0.36893203883495146;0.03425414364640884;0.14285714285714285;0.2;0.0
prabowo;0.3362646566164154;0.17792207792207793;0.4019607843137255;0.3591549295774648;0.5332699619771863;0.43953488372093025;0.38100961538461536;0.3987603305785124;0.3372228704784131;0.3986013986013986;0.3443298969072165;0.3104575163398693;0.3592814371257485;0.4734982332155477;0.43820224719101125;0.5145631067961165;0.05856353591160221;0.37267080745341613;0.4;0.4166666666666667
ganjar;0.3974036850921273;0.14285714285714285;0.3737745098039216;0.3544600938967136;0.1844106463878327;0.29767441860465116;0.3942307692307692;0.24793388429752067;0.4644107351225204;0.3356643356643357;0.35876288659793815;0.29411764705882354;0.17964071856287425;0.2579505300353357;0.21910112359550563;0.11650485436893204;0.907182320441989;0.484472049689441;0.4;0.5833333333333334
imin;0.23772609819121446;0.4576271186440678;0.21739130434782608;0.30146341463414633;0.19662243667068757;0.19658119658119658;0.1752767527675277;0.18867924528301888;0.15915915915915915;0.16968325791855204;0.2119700748129676;0.24025974025974026;0.35714285714285715;0.1588785046728972;0.23125;0.2033898305084746;0.01916376306620209;0.11864406779661017;0.0;0.25
gibran;0.44250645994832044;0.36803874092009686;0.4748102139406487;0.40487804878048783;0.5536791314837153;0.4423076923076923;0.507380073800738;0.5148247978436657;0.46396396396396394;0.4796380090497738;0.47381546134663344;0.38311688311688313;0.4785714285714286;0.5654205607476636;0.575;0.3898305084745763;0.08710801393728224;0.22033898305084745;0.75;0.16666666666666666
mahfud;0.31976744186046513;0.17433414043583534;0.3077984817115252;0.29365853658536584;0.24969843184559712;0.3611111111111111;0.3173431734317343;0.29649595687331537;0.3768768768768769;0.3506787330316742;0.314214463840399;0.37662337662337664;0.16428571428571428;0.2757009345794392;0.19375;0.4067796610169492;0.8937282229965157;0.6610169491525424;0.25;0.5833333333333334
