;tribunnews;cnnindonesia;tempo;viva;suara;antaranews;bisnisindonesia;jawapos;liputan6;idntimes;mediaindonesia;tvone;republika;disway;pikiranrakyat;sindo;tirto;kompas;metrotv;cnbcindonesia;rri;kumparan;detik;bloombergtechnoz;bbc;katadata;kontan;cna;detikx
anies;0.10614525139664804;0.1288135593220339;0.1021021021021021;0.093841642228739;0.11952191235059761;0.06832298136645963;0.10047846889952153;0.1619047619047619;0.08947368421052632;0.13333333333333333;0.07734806629834254;0.08484848484848485;0.16883116883116883;0.07333333333333333;0.1527777777777778;0.04739336492890995;0.045454545454545456;0.020618556701030927;0.06315789473684211;0.019157088122605363;0.035398230088495575;0.033707865168539325;0.014218009478672985;0.037037037037037035;0.2222222222222222;0.02040816326530612;0.008064516129032258;0.0;0.0
prabowo;0.45623836126629425;0.4271186440677966;0.7327327327327328;0.6950146627565983;0.6414342629482072;0.9130434782608695;0.8516746411483254;0.6857142857142857;0.7578947368421053;0.7833333333333333;0.6795580110497238;0.7636363636363637;0.6363636363636364;0.8266666666666667;0.5694444444444444;0.6682464454976303;0.8506493506493507;0.8419243986254296;0.8842105263157894;0.9540229885057471;0.9292035398230089;0.797752808988764;0.8578199052132701;0.8024691358024691;0.5555555555555556;0.9285714285714286;0.9838709677419355;0.42857142857142855;0.0
ganjar;0.4376163873370577;0.4440677966101695;0.16516516516516516;0.21114369501466276;0.23904382470119523;0.018633540372670808;0.04784688995215311;0.1523809523809524;0.15263157894736842;0.08333333333333333;0.2430939226519337;0.15151515151515152;0.19480519480519481;0.1;0.2777777777777778;0.2843601895734597;0.1038961038961039;0.13745704467353953;0.05263157894736842;0.02681992337164751;0.035398230088495575;0.16853932584269662;0.12796208530805686;0.16049382716049382;0.2222222222222222;0.05102040816326531;0.008064516129032258;0.5714285714285714;1.0
imin;0.0;0.12195121951219512;0.0;0.2;0.0;1.0;;;0.0;0.0;0.0;0.0;0.0;0.0;;;0.0;0.0;0.0;0.0;0.0;0.0;0.04225352112676056;;;0.0;;;
gibran;0.3333333333333333;0.0;0.034482758620689655;0.0;0.16666666666666666;0.0;;;0.0;0.0;0.0;0.0;0.0;0.0;;;0.0;0.0;0.0;0.0;0.0;0.0;0.0;;;0.0;;;
mahfud;0.6666666666666666;0.8780487804878049;0.9655172413793104;0.8;0.8333333333333334;0.0;;;1.0;1.0;1.0;1.0;1.0;1.0;;;1.0;1.0;1.0;1.0;1.0;1.0;0.9577464788732394;;;1.0;;;
