;tribunnews;metrotv;detik;kompas;viva;pikiranrakyat;jawapos;tempo;bisnisindonesia;republika;tvone;antaranews;cnbcindonesia;disway;kumparan;sindo;liputan6;suara;cnnindonesia;detikx
anies;0.23933009184224743;0.5907643312101911;0.22471147318397827;0.28233151183970856;0.24876604146100692;0.26666666666666666;0.20639147802929428;0.257201646090535;0.26744186046511625;0.23931623931623933;0.2804532577903683;0.18110236220472442;0.25838926174496646;0.31007751937984496;0.2992125984251969;0.034532374100719423;0.1164021164021164;0.20618556701030927;0.21428571428571427;0.0
prabowo;0.37925445705024313;0.21178343949044587;0.4378818737270876;0.3797814207650273;0.4768015794669299;0.4033333333333333;0.33288948069241014;0.40329218106995884;0.38372093023255816;0.47649572649572647;0.3937677053824363;0.35826771653543305;0.412751677852349;0.4263565891472868;0.47244094488188976;0.06330935251798561;0.3439153439153439;0.4329896907216495;0.5;1.0
ganjar;0.38141545110750946;0.19745222929936307;0.33740665308893414;0.33788706739526414;0.2744323790720632;0.33;0.4607190412782956;0.3395061728395062;0.3488372093023256;0.2841880341880342;0.32577903682719545;0.46062992125984253;0.3288590604026846;0.26356589147286824;0.2283464566929134;0.902158273381295;0.5396825396825397;0.36082474226804123;0.2857142857142857;0.0
imin;0.17297297297297298;0.35;0.20575783234546993;0.2585596221959858;0.18267929634641408;0.13882863340563992;0.13752913752913754;0.13192612137203166;0.15772870662460567;0.1544502617801047;0.14285714285714285;0.1095890410958904;0.21794871794871795;0.22115384615384615;0.16153846153846155;0.023483365949119372;0.10989010989010989;0.1095890410958904;0.3;0.0
gibran;0.5312741312741313;0.47333333333333333;0.4944961896697714;0.40968122786304606;0.5263870094722598;0.5206073752711496;0.44755244755244755;0.5593667546174143;0.5110410094637224;0.5968586387434555;0.5444015444015444;0.4794520547945205;0.48717948717948717;0.5673076923076923;0.6461538461538462;0.1232876712328767;0.2967032967032967;0.4246575342465753;0.26666666666666666;1.0
mahfud;0.29575289575289576;0.17666666666666667;0.29974597798475866;0.3317591499409681;0.29093369418132614;0.3405639913232104;0.4149184149184149;0.3087071240105541;0.3312302839116719;0.2486910994764398;0.3127413127413127;0.410958904109589;0.2948717948717949;0.21153846153846154;0.19230769230769232;0.8532289628180039;0.5934065934065934;0.4657534246575342;0.43333333333333335;0.0
