;tribunnews;metrotv;detik;kompas;viva;pikiranrakyat;jawapos;tempo;bisnisindonesia;republika;tvone;antaranews;cnbcindonesia;kumparan;disway;suara;sindo;liputan6;cnnindonesia;detikx
anies;0.0;0.0;0.0;0.0;0.0;0.0;0.0;0.0;0.0;0.0;0.0;0.0;0.0;0.0;0.0;0.0;0.0;0.0;0.0;0.0
prabowo;0.0;0.0;0.0;0.0;0.0;0.0;0.0;0.0;0.0;0.0;0.0;0.0;0.0;0.0;0.0;0.0;0.0;0.0;0.0;0.0
ganjar;0.0;0.0;0.0;0.0;0.0;0.0;0.0;0.0;0.0;0.0;0.0;0.0;0.0;0.0;0.0;0.0;0.0;0.0;0.0;0.0
imin;0.18595371109337588;0.39933993399339934;0.2014863748967795;0.2655172413793103;0.18359375;0.13742071881606766;0.14617169373549885;0.14705882352941177;0.16358024691358025;0.17663817663817663;0.14545454545454545;0.10846560846560846;0.22972972972972974;0.16546762589928057;0.24242424242424243;0.16923076923076924;0.02462121212121212;0.125;0.32142857142857145;0.0
gibran;0.49561053471668;0.429042904290429;0.48720066061106526;0.4057471264367816;0.5234375;0.507399577167019;0.44547563805104406;0.5374331550802139;0.4783950617283951;0.5555555555555556;0.5454545454545454;0.47619047619047616;0.44594594594594594;0.6330935251798561;0.5454545454545454;0.35384615384615387;0.09090909090909091;0.2375;0.21428571428571427;1.0
mahfud;0.31843575418994413;0.1716171617161716;0.31131296449215523;0.32873563218390806;0.29296875;0.35517970401691334;0.40835266821345706;0.3155080213903743;0.35802469135802467;0.2678062678062678;0.3090909090909091;0.41534391534391535;0.32432432432432434;0.2014388489208633;0.21212121212121213;0.47692307692307695;0.884469696969697;0.6375;0.4642857142857143;0.0
