;tribunnews;metrotv;detik;kompas;viva;pikiranrakyat;jawapos;tvone;tempo;bisnisindonesia;antaranews;cnbcindonesia;republika;disway;kumparan;suara;sindo;liputan6;cnnindonesia;detikx
anies;0.26036036036036037;0.6429530201342282;0.2310513447432763;0.2715179968701095;0.27379873073436084;0.26593625498007967;0.2170263788968825;0.31556503198294245;0.2530755711775044;0.28830645161290325;0.18441971383147854;0.3550488599348534;0.2793733681462141;0.4557823129251701;0.3184713375796178;0.34285714285714286;0.035842293906810034;0.14285714285714285;0.1;0.2
prabowo;0.3436936936936937;0.18791946308724833;0.40403422982885084;0.3701095461658842;0.5031731640979148;0.42729083665338646;0.35851318944844124;0.39445628997867804;0.4007029876977153;0.33669354838709675;0.33068362480127184;0.36156351791530944;0.4255874673629243;0.3673469387755102;0.43312101910828027;0.41904761904761906;0.06332138590203107;0.33714285714285713;0.45;0.4
ganjar;0.39594594594594595;0.1691275167785235;0.36491442542787283;0.35837245696400627;0.2230281051677244;0.30677290836653387;0.4244604316546763;0.2899786780383795;0.3462214411247803;0.375;0.4848966613672496;0.28338762214983715;0.2950391644908616;0.17687074829931973;0.2484076433121019;0.23809523809523808;0.9008363201911589;0.52;0.45;0.4
imin;0.20525869380831213;0.42905405405405406;0.20826446280991737;0.28177458033573144;0.1880108991825613;0.18;0.15023474178403756;0.14285714285714285;0.13821138211382114;0.18012422360248448;0.13002364066193853;0.2054794520547945;0.17472118959107807;0.3225806451612903;0.18333333333333332;0.17307692307692307;0.01893939393939394;0.13432835820895522;0.21428571428571427;0.0
gibran;0.453774385072095;0.3952702702702703;0.4479338842975207;0.38369304556354916;0.5272479564032697;0.4636363636363636;0.460093896713615;0.5285714285714286;0.5013550135501355;0.4503105590062112;0.43498817966903075;0.4383561643835616;0.5092936802973977;0.5376344086021505;0.575;0.40384615384615385;0.07196969696969698;0.19402985074626866;0.21428571428571427;0.6666666666666666
mahfud;0.34096692111959287;0.17567567567567569;0.343801652892562;0.3345323741007194;0.2847411444141689;0.3563636363636364;0.38967136150234744;0.32857142857142857;0.3604336043360434;0.3695652173913043;0.43498817966903075;0.3561643835616438;0.3159851301115242;0.13978494623655913;0.24166666666666667;0.4230769230769231;0.9090909090909091;0.6716417910447762;0.5714285714285714;0.3333333333333333
