;tribunnews;metrotv;detik;kompas;pikiranrakyat;viva;antaranews;tempo;tvone;jawapos;cnbcindonesia;bisnisindonesia;disway;kumparan;suara;republika;sindo;liputan6;cnnindonesia;detikx
anies;0.26834788231490464;0.6404867256637168;0.23186975826344353;0.26965601965601965;0.2980456026058632;0.2633333333333333;0.22562893081761007;0.27483870967741936;0.3442088091353997;0.22073578595317725;0.38444924406047515;0.28793103448275864;0.47808764940239046;0.3517915309446254;0.34415584415584416;0.26973684210526316;0.047261009667024706;0.16111111111111112;0.17647058823529413;0.16666666666666666
prabowo;0.3621079857743291;0.21902654867256638;0.4257523433645782;0.3820638820638821;0.4560260586319218;0.5683333333333334;0.37657232704402516;0.3935483870967742;0.4029363784665579;0.4057971014492754;0.36285097192224625;0.35517241379310344;0.38645418326693226;0.44299674267100975;0.41233766233766234;0.5;0.08378088077336197;0.37777777777777777;0.5294117647058824;0.5
ganjar;0.36954413191076624;0.1404867256637168;0.3423778983719783;0.34828009828009826;0.24592833876221498;0.16833333333333333;0.3977987421383648;0.33161290322580644;0.2528548123980424;0.3734671125975474;0.2526997840172786;0.3568965517241379;0.13545816733067728;0.20521172638436483;0.2435064935064935;0.23026315789473684;0.8689581095596133;0.46111111111111114;0.29411764705882354;0.3333333333333333
imin;0.2278401997503121;0.47346938775510206;0.21182943603851445;0.3300099700897308;0.2642706131078224;0.18710493046776233;0.1724137931034483;0.1648590021691974;0.18933333333333333;0.1793372319688109;0.2229299363057325;0.21705426356589147;0.3287671232876712;0.23728813559322035;0.18487394957983194;0.18421052631578946;0.021103896103896104;0.14666666666666667;0.29411764705882354;0.0
gibran;0.4556803995006242;0.363265306122449;0.4779917469050894;0.3968095712861416;0.40169133192389006;0.5638432364096081;0.46730083234244946;0.44685466377440347;0.4826666666666667;0.49122807017543857;0.39490445859872614;0.4392764857881137;0.5273972602739726;0.5536723163841808;0.4117647058823529;0.531578947368421;0.08928571428571429;0.24;0.35294117647058826;0.75
mahfud;0.31647940074906367;0.16326530612244897;0.31017881705639616;0.2731804586241276;0.33403805496828753;0.24905183312262957;0.36028537455410226;0.3882863340563991;0.328;0.32943469785575047;0.3821656050955414;0.34366925064599485;0.14383561643835616;0.20903954802259886;0.40336134453781514;0.28421052631578947;0.8896103896103896;0.6133333333333333;0.35294117647058826;0.25
