;antaranews;tribunnews;viva;kompas;tempo;liputan6;suara;mediaindonesia;bisnisindonesia;sindo;cnnindonesia;republika;disway;tirto;tvone;jawapos;kontan;detik;idntimes;rri;metrotv;bloombergtechnoz;cnbcindonesia;kumparan;katadata;cna;pikiranrakyat
anies;0.0773067331670823;0.06772009029345373;0.09765625;0.0812720848056537;0.04815864022662889;0.04716981132075472;0.06097560975609756;0.07734806629834254;0.058091286307053944;0.05652173913043478;0.05263157894736842;0.10204081632653061;0.06428571428571428;0.04;0.07368421052631578;0.0625;0.030927835051546393;0.034482758620689655;0.05714285714285714;0.1;0.041666666666666664;0.031914893617021274;0.01327433628318584;0.025974025974025976;0.008547008547008548;0.05;0.0
prabowo;0.8753117206982544;0.5665914221218962;0.8046875;0.8127208480565371;0.8413597733711048;0.8647798742138365;0.8252032520325203;0.6740331491712708;0.8713692946058091;0.6782608695652174;0.6558704453441295;0.7653061224489796;0.8714285714285714;0.8685714285714285;0.7368421052631579;0.78125;0.9536082474226805;0.8413793103448276;0.8714285714285714;0.8;0.9166666666666666;0.9042553191489362;0.9557522123893806;0.7922077922077922;0.9658119658119658;0.95;0.8461538461538461
ganjar;0.04738154613466334;0.3656884875846501;0.09765625;0.10600706713780919;0.11048158640226628;0.0880503144654088;0.11382113821138211;0.24861878453038674;0.07053941908713693;0.26521739130434785;0.291497975708502;0.1326530612244898;0.06428571428571428;0.09142857142857143;0.18947368421052632;0.15625;0.015463917525773196;0.12413793103448276;0.07142857142857142;0.1;0.041666666666666664;0.06382978723404255;0.030973451327433628;0.18181818181818182;0.02564102564102564;0.0;0.15384615384615385
imin;0.0;0.0;0.0;0.0;0.0;0.0;0.0;0.0;0.0;0.0;0.018518518518518517;0.0;0.0;0.0;0.08;0.0;0.0;0.0;0.0;0.0;0.0;0.0;0.0;0.125;0.0;0.0;0.0
gibran;0.5;0.7916666666666666;0.3333333333333333;0.3263157894736842;0.38095238095238093;0.15384615384615385;0.6818181818181818;0.6;1.0;1.0;0.09259259259259259;0.03225806451612903;0.5;0.0;0.08;0.3333333333333333;1.0;0.17777777777777778;0.06521739130434782;0.0;0.0;0.0;0.16666666666666666;0.5;0.25;0.0;0.75
mahfud;0.5;0.20833333333333334;0.6666666666666666;0.6736842105263158;0.6190476190476191;0.8461538461538461;0.3181818181818182;0.4;0.0;0.0;0.8888888888888888;0.967741935483871;0.5;1.0;0.84;0.6666666666666666;0.0;0.8222222222222222;0.9347826086956522;1.0;1.0;1.0;0.8333333333333334;0.375;0.75;1.0;0.25
