;tribunnews;metrotv;detik;kompas;viva;pikiranrakyat;jawapos;tempo;tvone;bisnisindonesia;antaranews;cnbcindonesia;republika;disway;kumparan;suara;sindo;liputan6;cnnindonesia;detikx
anies;0.26731363034847816;0.6568364611260054;0.2400744416873449;0.2755659640905542;0.2821691176470588;0.26673228346456695;0.21654501216545013;0.26118067978533094;0.3172866520787746;0.2880324543610548;0.19236641221374046;0.375;0.2918918918918919;0.46496815286624205;0.3137254901960784;0.3434343434343434;0.034606205250596656;0.14124293785310735;0.1111111111111111;0.2
prabowo;0.3383325981473313;0.18900804289544235;0.3945409429280397;0.36768149882903983;0.4990808823529412;0.4271653543307087;0.3613138686131387;0.40250447227191416;0.40043763676148797;0.33468559837728196;0.32213740458015266;0.34121621621621623;0.4189189189189189;0.36942675159235666;0.4444444444444444;0.43434343434343436;0.06205250596658711;0.3502824858757062;0.4444444444444444;0.4
ganjar;0.39435377150419054;0.15415549597855227;0.36538461538461536;0.35675253708040594;0.21875;0.3061023622047244;0.4221411192214112;0.3363148479427549;0.28227571115973743;0.3772819472616633;0.4854961832061069;0.28378378378378377;0.2891891891891892;0.16560509554140126;0.24183006535947713;0.2222222222222222;0.9033412887828163;0.5084745762711864;0.4444444444444444;0.4
imin;0.21565495207667731;0.4444444444444444;0.20475020475020475;0.2752941176470588;0.19302949061662197;0.1827768014059754;0.14578587699316628;0.15025906735751296;0.13937282229965156;0.18911174785100288;0.13004484304932734;0.19444444444444445;0.18045112781954886;0.3333333333333333;0.1794871794871795;0.15789473684210525;0.016885553470919325;0.1323529411764706;0.23076923076923078;0.0
gibran;0.444888178913738;0.38235294117647056;0.4488124488124488;0.38823529411764707;0.514745308310992;0.46397188049209137;0.47380410022779046;0.48704663212435234;0.5331010452961672;0.4469914040114613;0.43946188340807174;0.4027777777777778;0.5037593984962406;0.5392156862745098;0.5811965811965812;0.40350877192982454;0.07129455909943715;0.19117647058823528;0.19230769230769232;0.75
mahfud;0.33945686900958466;0.17320261437908496;0.3464373464373464;0.33647058823529413;0.29222520107238603;0.3532513181019332;0.3804100227790433;0.3626943005181347;0.32752613240418116;0.3638968481375358;0.4304932735426009;0.4027777777777778;0.3157894736842105;0.12745098039215685;0.23931623931623933;0.43859649122807015;0.9118198874296435;0.6764705882352942;0.5769230769230769;0.25
