;kompas;suara;liputan6;viva;bisnisindonesia;tempo;detik;tribunnews;mediaindonesia;antaranews;cnnindonesia;jawapos;sindo;metrotv;tvone;disway;idntimes;pikiranrakyat;tirto;katadata;kontan;republika;cnbcindonesia;kumparan;rri;detikx;kumparanplus
anies;0.14903846153846154;0.08737864077669903;0.1056701030927835;0.11940298507462686;0.10752688172043011;0.07462686567164178;0.09352517985611511;0.0650887573964497;0.09282700421940929;0.09166666666666666;0.0898876404494382;0.11428571428571428;0.09375;0.07643312101910828;0.11;0.08461538461538462;0.05365853658536585;0.07246376811594203;0.09782608695652174;0.0703125;0.058823529411764705;0.03184713375796178;0.014760147601476014;0.06060606060606061;0.037037037037037035;0.0;0.0
prabowo;0.8149038461538461;0.7087378640776699;0.8530927835051546;0.7910447761194029;0.8207885304659498;0.753731343283582;0.8669064748201439;0.7366863905325444;0.8185654008438819;0.8583333333333333;0.7696629213483146;0.8285714285714286;0.8375;0.8471337579617835;0.78;0.8461538461538461;0.8439024390243902;0.6956521739130435;0.75;0.84375;0.9243697478991597;0.8726114649681529;0.959409594095941;0.5454545454545454;0.9259259259259259;0.5;1.0
ganjar;0.036057692307692304;0.20388349514563106;0.041237113402061855;0.08955223880597014;0.07168458781362007;0.17164179104477612;0.039568345323741004;0.19822485207100593;0.08860759493670886;0.05;0.1404494382022472;0.05714285714285714;0.06875;0.07643312101910828;0.11;0.06923076923076923;0.1024390243902439;0.2318840579710145;0.15217391304347827;0.0859375;0.01680672268907563;0.09554140127388536;0.025830258302583026;0.3939393939393939;0.037037037037037035;0.5;0.0
imin;0.0;0.025974025974025976;0.03125;0.1;0.14285714285714285;0.03225806451612903;0.0;0.18181818181818182;0.0;0.0;0.058823529411764705;0.0;0.0;0.04;0.09090909090909091;0.0;0.06976744186046512;0.0;0.0;0.0;0.0;0.1111111111111111;0.0;0.0;0.0;;
gibran;0.09090909090909091;0.16883116883116883;0.25;0.35;0.42857142857142855;0.10752688172043011;0.125;0.6363636363636364;0.5;0.0;0.11764705882352941;0.25;0.75;0.2;0.13636363636363635;0.4;0.06976744186046512;0.2;0.0;0.3333333333333333;1.0;0.1111111111111111;0.125;0.16666666666666666;0.0;;
mahfud;0.9090909090909091;0.8051948051948052;0.71875;0.55;0.42857142857142855;0.8602150537634409;0.875;0.18181818181818182;0.5;1.0;0.8235294117647058;0.75;0.25;0.76;0.7727272727272727;0.6;0.8604651162790697;0.8;1.0;0.6666666666666666;0.0;0.7777777777777778;0.875;0.8333333333333334;1.0;;
