;tribunnews;metrotv;detik;kompas;viva;pikiranrakyat;antaranews;tvone;jawapos;tempo;bisnisindonesia;cnbcindonesia;kumparan;disway;republika;sindo;suara;liputan6;detikx;cnnindonesia
anies;0.264804469273743;0.6604651162790698;0.21222222222222223;0.2539454806312769;0.26648096564531104;0.2762008733624454;0.19850187265917604;0.3295238095238095;0.20023557126030625;0.23885350318471338;0.292;0.38372093023255816;0.3425196850393701;0.4627659574468085;0.23904382470119523;0.039403620873269436;0.3469387755102041;0.13253012048192772;0.25;0.0
prabowo;0.34562383612662945;0.19069767441860466;0.4216666666666667;0.381635581061693;0.5663881151346333;0.4366812227074236;0.3642322097378277;0.4038095238095238;0.3945818610129564;0.3678343949044586;0.352;0.3168604651162791;0.4330708661417323;0.3829787234042553;0.5139442231075697;0.06815761448349308;0.47959183673469385;0.3674698795180723;0.25;0.5454545454545454
ganjar;0.38957169459962754;0.14883720930232558;0.3661111111111111;0.36441893830703015;0.1671309192200557;0.287117903930131;0.43726591760299627;0.26666666666666666;0.40518256772673733;0.39331210191082805;0.356;0.29941860465116277;0.22440944881889763;0.15425531914893617;0.24701195219123506;0.8924387646432375;0.17346938775510204;0.5;0.5;0.45454545454545453
imin;0.2331288343558282;0.4613778705636743;0.2261904761904762;0.3063314711359404;0.19019836639439908;0.2359081419624217;0.17699115044247787;0.18848167539267016;0.17921146953405018;0.15932914046121593;0.21462264150943397;0.21739130434782608;0.21311475409836064;0.32450331125827814;0.175;0.017741935483870968;0.2;0.14814814814814814;0.0;0.3
gibran;0.45950920245398774;0.38413361169102295;0.4808201058201058;0.4134078212290503;0.5647607934655776;0.42379958246346555;0.46776232616940583;0.5;0.5017921146953405;0.4549266247379455;0.4669811320754717;0.40993788819875776;0.5737704918032787;0.5298013245033113;0.54;0.08225806451612903;0.3090909090909091;0.20987654320987653;0.6666666666666666;0.25
mahfud;0.30736196319018405;0.1544885177453027;0.29298941798941797;0.2802607076350093;0.24504084014002334;0.34029227557411273;0.3552465233881163;0.31151832460732987;0.31899641577060933;0.3857442348008386;0.31839622641509435;0.37267080745341613;0.21311475409836064;0.1456953642384106;0.285;0.9;0.4909090909090909;0.6419753086419753;0.3333333333333333;0.45
