;tribunnews;metrotv;detik;kompas;pikiranrakyat;viva;antaranews;tvone;jawapos;tempo;bisnisindonesia;cnbcindonesia;disway;kumparan;republika;sindo;suara;liputan6;cnnindonesia;detikx
anies;0.2675704602211916;0.653272101033295;0.21959095801937567;0.2535496957403651;0.2922636103151863;0.27232142857142855;0.2074468085106383;0.3423913043478261;0.2125;0.2622478386167147;0.28807339449541286;0.38726790450928383;0.4794520547945205;0.34657039711191334;0.25089605734767023;0.041357370095440084;0.34408602150537637;0.13043478260869565;0.07692307692307693;0.2
prabowo;0.3442739921512665;0.19517795637198623;0.41227125941872983;0.3786342123056119;0.437440305635148;0.5580357142857143;0.3617021276595745;0.39855072463768115;0.39204545454545453;0.3703170028818444;0.363302752293578;0.33421750663129973;0.3835616438356164;0.4404332129963899;0.5125448028673835;0.07741251325556733;0.4838709677419355;0.37267080745341613;0.5384615384615384;0.4
ganjar;0.3881555476275419;0.1515499425947187;0.3681377825618945;0.367816091954023;0.2702960840496657;0.16964285714285715;0.4308510638297872;0.25905797101449274;0.39545454545454545;0.36743515850144093;0.3486238532110092;0.27851458885941643;0.136986301369863;0.21299638989169675;0.23655913978494625;0.8812301166489925;0.17204301075268819;0.4968944099378882;0.38461538461538464;0.4
imin;0.23758642363293525;0.4616977225672878;0.22320819112627988;0.3060836501901141;0.24053452115812918;0.18773006134969325;0.1761723700887199;0.1903485254691689;0.1743119266055046;0.16594827586206898;0.20863309352517986;0.21739130434782608;0.3401360544217687;0.20994475138121546;0.1683673469387755;0.017857142857142856;0.22916666666666666;0.16;0.3;0.0
gibran;0.4569453174104337;0.37681159420289856;0.48395904436860065;0.41064638783269963;0.42761692650334077;0.5693251533742332;0.4714828897338403;0.49865951742627346;0.4990825688073395;0.4396551724137931;0.47721822541966424;0.40372670807453415;0.5170068027210885;0.580110497237569;0.5510204081632653;0.08928571428571429;0.2916666666666667;0.22666666666666666;0.25;0.6666666666666666
mahfud;0.30546825895663104;0.16149068322981366;0.29283276450511947;0.2832699619771863;0.33184855233853006;0.24294478527607363;0.3523447401774398;0.3109919571045576;0.326605504587156;0.39439655172413796;0.31414868105515587;0.37888198757763975;0.14285714285714285;0.20994475138121546;0.28061224489795916;0.8928571428571429;0.4791666666666667;0.6133333333333333;0.45;0.3333333333333333
