;tribunnews;metrotv;detik;kompas;viva;pikiranrakyat;antaranews;jawapos;tvone;bisnisindonesia;tempo;cnbcindonesia;kumparan;disway;republika;suara;sindo;liputan6;detikx;cnnindonesia
anies;0.2593625498007968;0.6747141041931385;0.21720561317876755;0.2629179331306991;0.2777777777777778;0.2696774193548387;0.19915254237288135;0.21103117505995203;0.32509505703422054;0.2917505030181087;0.24573378839590443;0.40425531914893614;0.3406113537117904;0.45294117647058824;0.25098039215686274;0.34615384615384615;0.03205128205128205;0.12574850299401197;0.25;0.0
prabowo;0.3282868525896414;0.17153748411689962;0.3947528981086028;0.35714285714285715;0.5360623781676414;0.42838709677419357;0.3379237288135593;0.3776978417266187;0.40304182509505704;0.3440643863179074;0.3651877133105802;0.2872340425531915;0.4279475982532751;0.38235294117647056;0.49411764705882355;0.47115384615384615;0.05128205128205128;0.3592814371257485;0.25;0.5
ganjar;0.4123505976095618;0.15374841168996187;0.38804148871262967;0.3799392097264438;0.1861598440545809;0.30193548387096775;0.4629237288135593;0.41127098321342925;0.2718631178707224;0.3641851106639839;0.3890784982935154;0.30851063829787234;0.2314410480349345;0.16470588235294117;0.2549019607843137;0.18269230769230768;0.9166666666666666;0.5149700598802395;0.5;0.5
imin;0.2234499693063229;0.4344086021505376;0.22388059701492538;0.31220876048462254;0.19437939110070257;0.19904076738609114;0.17914438502673796;0.1786339754816112;0.17754569190600522;0.21541950113378686;0.14468085106382977;0.21604938271604937;0.22404371584699453;0.32051282051282054;0.1724137931034483;0.20967741935483872;0.016474464579901153;0.10126582278481013;0.0;0.2857142857142857
gibran;0.45119705340699817;0.3913978494623656;0.4681139755766621;0.39701770736253494;0.5526932084309133;0.4316546762589928;0.4612299465240642;0.4921190893169877;0.5143603133159269;0.46258503401360546;0.4702127659574468;0.4012345679012346;0.5737704918032787;0.5192307692307693;0.5320197044334976;0.3387096774193548;0.07907742998352553;0.22784810126582278;0.6666666666666666;0.23809523809523808
mahfud;0.32535297728667895;0.17419354838709677;0.30800542740841247;0.2907735321528425;0.2529274004683841;0.36930455635491605;0.35962566844919786;0.329246935201401;0.30809399477806787;0.3219954648526077;0.3851063829787234;0.38271604938271603;0.20218579234972678;0.16025641025641027;0.2955665024630542;0.45161290322580644;0.9044481054365733;0.6708860759493671;0.3333333333333333;0.47619047619047616
