;tribunnews;cnnindonesia;tempo;viva;suara;antaranews;bisnisindonesia;jawapos;liputan6;idntimes;tvone;mediaindonesia;republika;disway;pikiranrakyat;sindo;tirto;metrotv;kompas;cnbcindonesia;rri;kumparan;detik;bloombergtechnoz;bbc;katadata;kontan;cna;detikx
anies;0.09943714821763602;0.11842105263157894;0.10089020771513353;0.09649122807017543;0.11320754716981132;0.06811145510835913;0.0995260663507109;0.1588785046728972;0.08762886597938144;0.1322314049586777;0.09933774834437085;0.07608695652173914;0.15789473684210525;0.0718954248366013;0.1506849315068493;0.046948356807511735;0.0440251572327044;0.06930693069306931;0.016835016835016835;0.018726591760299626;0.037383177570093455;0.031914893617021274;0.0136986301369863;0.03296703296703297;0.2222222222222222;0.018867924528301886;0.00819672131147541;0.0;0.0
prabowo;0.45778611632270166;0.4440789473684211;0.7359050445103857;0.695906432748538;0.6566037735849056;0.913312693498452;0.8530805687203792;0.6915887850467289;0.7628865979381443;0.7851239669421488;0.7350993377483444;0.6847826086956522;0.6447368421052632;0.8300653594771242;0.5753424657534246;0.6713615023474179;0.8553459119496856;0.8811881188118812;0.7912457912457912;0.9550561797752809;0.9252336448598131;0.8085106382978723;0.7899543378995434;0.8241758241758241;0.5555555555555556;0.9339622641509434;0.9836065573770492;0.5;0.0
ganjar;0.4427767354596623;0.4375;0.1632047477744807;0.20760233918128654;0.23018867924528302;0.018575851393188854;0.04739336492890995;0.14953271028037382;0.14948453608247422;0.08264462809917356;0.16556291390728478;0.2391304347826087;0.19736842105263158;0.09803921568627451;0.273972602739726;0.28169014084507044;0.10062893081761007;0.04950495049504951;0.1919191919191919;0.026217228464419477;0.037383177570093455;0.1595744680851064;0.1963470319634703;0.14285714285714285;0.2222222222222222;0.04716981132075472;0.00819672131147541;0.5;1.0
imin;0.0;0.11904761904761904;0.0;0.25;0.0;1.0;;;0.0;0.0;0.0;0.0;0.0;0.0;;;0.0;0.0;0.0;0.0;0.0;0.0;0.04054054054054054;;;0.0;;;
gibran;0.3333333333333333;0.0;0.034482758620689655;0.0;0.16666666666666666;0.0;;;0.0;0.0;0.0;0.0;0.0;0.0;;;0.0;0.0;0.0;0.0;0.0;0.0;0.0;;;0.0;;;
mahfud;0.6666666666666666;0.8809523809523809;0.9655172413793104;0.75;0.8333333333333334;0.0;;;1.0;1.0;1.0;1.0;1.0;1.0;;;1.0;1.0;1.0;1.0;1.0;1.0;0.9594594594594594;;;1.0;;;
