;tribunnews;metrotv;detik;kompas;viva;pikiranrakyat;antaranews;jawapos;tvone;tempo;bisnisindonesia;cnbcindonesia;disway;republika;kumparan;suara;sindo;liputan6;detikx;cnnindonesia
anies;0.2627084180561204;0.6857506361323156;0.2200841852074564;0.27300613496932513;0.28254580520732886;0.2642679900744417;0.20198675496688742;0.21708185053380782;0.32625482625482627;0.25689655172413794;0.29124236252545826;0.40404040404040403;0.4601226993865031;0.27611940298507465;0.33653846153846156;0.34579439252336447;0.03225806451612903;0.14201183431952663;0.2;0.0
prabowo;0.32614884099227326;0.17048346055979643;0.3956704750450992;0.35736196319018404;0.5294117647058824;0.43300248138957814;0.3344370860927152;0.37129300118623965;0.40540540540540543;0.3793103448275862;0.34012219959266804;0.2895622895622896;0.37423312883435583;0.47761194029850745;0.42788461538461536;0.4766355140186916;0.04946236559139785;0.34911242603550297;0.4;0.45454545454545453
ganjar;0.41114274095160636;0.14376590330788805;0.3842453397474444;0.3696319018404908;0.1880424300867888;0.3027295285359802;0.46357615894039733;0.41162514827995256;0.26833976833976836;0.36379310344827587;0.36863543788187375;0.3063973063973064;0.1656441717791411;0.2462686567164179;0.23557692307692307;0.17757009345794392;0.9182795698924732;0.5088757396449705;0.4;0.5454545454545454
imin;0.23198482932996206;0.46445497630331756;0.21721311475409835;0.30916030534351147;0.19474313022700118;0.19866071428571427;0.1659513590844063;0.1836007130124777;0.1796875;0.15824175824175823;0.21103117505995203;0.22580645161290322;0.3586206896551724;0.17307692307692307;0.2261904761904762;0.20634920634920634;0.01694915254237288;0.11764705882352941;0.0;0.2857142857142857
gibran;0.44058154235145386;0.36018957345971564;0.47404371584699456;0.4017175572519084;0.5471923536439666;0.43526785714285715;0.46208869814020026;0.48484848484848486;0.515625;0.46813186813186813;0.460431654676259;0.4064516129032258;0.47586206896551725;0.5432692307692307;0.5714285714285714;0.3492063492063492;0.07627118644067797;0.17647058823529413;0.75;0.19047619047619047
mahfud;0.3274336283185841;0.17535545023696683;0.3087431693989071;0.28912213740458015;0.25806451612903225;0.36607142857142855;0.3719599427753934;0.3315508021390374;0.3046875;0.37362637362637363;0.328537170263789;0.36774193548387096;0.16551724137931034;0.28365384615384615;0.20238095238095238;0.4444444444444444;0.9067796610169492;0.7058823529411765;0.25;0.5238095238095238
