;tribunnews;cnnindonesia;tempo;viva;suara;antaranews;bisnisindonesia;jawapos;idntimes;liputan6;tvone;mediaindonesia;republika;sindo;pikiranrakyat;disway;metrotv;tirto;cnbcindonesia;kompas;rri;detik;bloombergtechnoz;kumparan;katadata;bbc;kontan;cna;detikx
anies;0.09962406015037593;0.1188118811881188;0.10059171597633136;0.09620991253644315;0.11194029850746269;0.06832298136645963;0.1;0.16037735849056603;0.136;0.08762886597938144;0.1;0.07526881720430108;0.15789473684210525;0.0502283105022831;0.1506849315068493;0.07236842105263158;0.06930693069306931;0.04375;0.018796992481203006;0.017064846416382253;0.037383177570093455;0.01507537688442211;0.03296703296703297;0.031914893617021274;0.018867924528301886;0.14285714285714285;0.008264462809917356;0.0;0.0
prabowo;0.4567669172932331;0.44554455445544555;0.7366863905325444;0.6967930029154519;0.6604477611940298;0.9130434782608695;0.8523809523809524;0.6886792452830188;0.784;0.7628865979381443;0.7333333333333333;0.6881720430107527;0.6447368421052632;0.6757990867579908;0.5753424657534246;0.8355263157894737;0.8811881188118812;0.85625;0.9548872180451128;0.78839590443686;0.9252336448598131;0.8341708542713567;0.8241758241758241;0.8085106382978723;0.9339622641509434;0.5714285714285714;0.9834710743801653;0.5555555555555556;0.0
ganjar;0.44360902255639095;0.43564356435643564;0.16272189349112426;0.20699708454810495;0.22761194029850745;0.018633540372670808;0.047619047619047616;0.1509433962264151;0.08;0.14948453608247422;0.16666666666666666;0.23655913978494625;0.19736842105263158;0.273972602739726;0.273972602739726;0.09210526315789473;0.04950495049504951;0.1;0.02631578947368421;0.1945392491467577;0.037383177570093455;0.1507537688442211;0.14285714285714285;0.1595744680851064;0.04716981132075472;0.2857142857142857;0.008264462809917356;0.4444444444444444;1.0
imin;0.0;0.11627906976744186;0.0;0.25;0.0;1.0;;;0.0;0.0;0.0;0.0;0.0;;;0.0;0.0;0.0;0.0;0.0;0.0;0.043478260869565216;;0.0;0.0;;;;
gibran;0.3333333333333333;0.0;0.034482758620689655;0.0;0.16666666666666666;0.0;;;0.0;0.0;0.0;0.0;0.0;;;0.0;0.0;0.0;0.0;0.0;0.0;0.0;;0.0;0.0;;;;
mahfud;0.6666666666666666;0.8837209302325582;0.9655172413793104;0.75;0.8333333333333334;0.0;;;1.0;1.0;1.0;1.0;1.0;;;1.0;1.0;1.0;1.0;1.0;1.0;0.9565217391304348;;1.0;1.0;;;;
