;tribunnews;metrotv;detik;kompas;pikiranrakyat;viva;antaranews;tvone;tempo;jawapos;cnbcindonesia;bisnisindonesia;disway;kumparan;suara;republika;sindo;liputan6;cnnindonesia;detikx
anies;0.2651209677419355;0.6399548532731377;0.21736869474778991;0.2613195342820181;0.2859560067681895;0.2643979057591623;0.2190082644628099;0.346218487394958;0.2668463611859838;0.21624713958810068;0.37587006960556846;0.2785714285714286;0.46320346320346323;0.3515358361774744;0.359375;0.26557377049180325;0.04375667022411953;0.13450292397660818;0.1875;0.16666666666666666
prabowo;0.3592069892473118;0.2144469525959368;0.4264170566822673;0.38227684346701163;0.4500846023688663;0.5654450261780105;0.3702479338842975;0.39663865546218485;0.38409703504043125;0.39816933638443935;0.35962877030162416;0.3607142857142857;0.39826839826839827;0.44368600682593856;0.40234375;0.49508196721311476;0.08431163287086446;0.3742690058479532;0.5;0.5
ganjar;0.3756720430107527;0.1455981941309255;0.35621424856994277;0.3564036222509702;0.2639593908629442;0.17015706806282724;0.41074380165289254;0.2571428571428571;0.3490566037735849;0.38558352402745993;0.26450116009280744;0.3607142857142857;0.13852813852813853;0.20477815699658702;0.23828125;0.23934426229508196;0.871931696905016;0.49122807017543857;0.3125;0.3333333333333333
imin;0.22798251093066832;0.4684317718940937;0.21056289089645588;0.317;0.24622030237580994;0.19083023543990088;0.17625;0.1951219512195122;0.1670235546038544;0.1776061776061776;0.2229299363057325;0.2193211488250653;0.33793103448275863;0.2413793103448276;0.20408163265306123;0.17525773195876287;0.016666666666666666;0.14473684210526316;0.3;0.0
gibran;0.45971267957526546;0.3665987780040733;0.4871438498957609;0.406;0.4168466522678186;0.5613382899628253;0.4725;0.48509485094850946;0.44325481798715205;0.48841698841698844;0.39490445859872614;0.45430809399477806;0.5241379310344828;0.5517241379310345;0.3877551020408163;0.5360824742268041;0.095;0.23684210526315788;0.3;0.75
mahfud;0.3123048094940662;0.164969450101833;0.30229325920778316;0.277;0.3369330453563715;0.24783147459727387;0.35125;0.31978319783197834;0.3897216274089936;0.333976833976834;0.3821656050955414;0.3263707571801567;0.13793103448275862;0.20689655172413793;0.40816326530612246;0.28865979381443296;0.8883333333333333;0.618421052631579;0.4;0.25
