;tribunnews;metrotv;detik;kompas;pikiranrakyat;viva;antaranews;tvone;tempo;jawapos;bisnisindonesia;cnbcindonesia;disway;kumparan;republika;suara;sindo;liputan6;cnnindonesia;detikx
anies;0.2671863926293409;0.648;0.2196969696969697;0.26230613621038434;0.2968609865470852;0.27085201793721975;0.21720243266724587;0.34581105169340465;0.26770538243626063;0.21769499417927823;0.2851919561243144;0.38271604938271603;0.4774774774774775;0.3527272727272727;0.2636986301369863;0.3546511627906977;0.042116630669546434;0.12727272727272726;0.07142857142857142;0.16666666666666666
prabowo;0.34833451452870307;0.20342857142857143;0.413961038961039;0.37693863789615645;0.44035874439461886;0.5596412556053811;0.36142484795829716;0.39037433155080214;0.37535410764872523;0.39231664726426074;0.36380255941499084;0.3506172839506173;0.38738738738738737;0.43636363636363634;0.4931506849315068;0.4476744186046512;0.07991360691144708;0.3575757575757576;0.5714285714285714;0.5
ganjar;0.3844790928419561;0.14857142857142858;0.36634199134199136;0.3607552258934592;0.262780269058296;0.16950672645739912;0.42137271937445697;0.2638146167557932;0.35694050991501414;0.389988358556461;0.3510054844606947;0.26666666666666666;0.13513513513513514;0.2109090909090909;0.24315068493150685;0.19767441860465115;0.8779697624190065;0.5151515151515151;0.35714285714285715;0.3333333333333333
imin;0.23331214240305148;0.4690082644628099;0.22136871508379888;0.3155291790306627;0.24669603524229075;0.1891891891891892;0.18030690537084398;0.1956521739130435;0.16810344827586207;0.17636022514071295;0.20935960591133004;0.22151898734177214;0.3401360544217687;0.23255813953488372;0.16580310880829016;0.2191780821917808;0.01669449081803005;0.14102564102564102;0.2631578947368421;0.0
gibran;0.4570883661792753;0.36983471074380164;0.4825418994413408;0.4025717111770524;0.4118942731277533;0.5675675675675675;0.47058823529411764;0.49184782608695654;0.4418103448275862;0.4915572232645403;0.4753694581280788;0.3924050632911392;0.5238095238095238;0.5523255813953488;0.5440414507772021;0.3424657534246575;0.09015025041736227;0.21794871794871795;0.2631578947368421;0.75
mahfud;0.30959949141767323;0.16115702479338842;0.29608938547486036;0.2818991097922849;0.34140969162995594;0.24324324324324326;0.3491048593350384;0.3125;0.3900862068965517;0.3320825515947467;0.31527093596059114;0.3860759493670886;0.1360544217687075;0.21511627906976744;0.29015544041450775;0.4383561643835616;0.8931552587646077;0.6410256410256411;0.47368421052631576;0.25
