;tribunnews;metrotv;kompas;detik;viva;pikiranrakyat;jawapos;tvone;tempo;antaranews;bisnisindonesia;cnbcindonesia;republika;disway;kumparan;suara;sindo;liputan6;detikx;cnnindonesia
anies;0.27024722932651324;0.6763157894736842;0.29462875197472355;0.23225404732254049;0.2821969696969697;0.2701212789415656;0.2286401925391095;0.3426124197002141;0.2753108348134991;0.20421607378129117;0.3002028397565923;0.38047138047138046;0.2847682119205298;0.47058823529411764;0.32926829268292684;0.35;0.03229398663697105;0.14634146341463414;0.2;0.05555555555555555
prabowo;0.3375959079283887;0.18289473684210528;0.35150078988941547;0.3929016189290162;0.5198863636363636;0.43329658213891953;0.3730445246690734;0.39828693790149894;0.3836589698046181;0.31488801054018445;0.3367139959432049;0.3164983164983165;0.45695364238410596;0.35294117647058826;0.43902439024390244;0.5;0.06347438752783964;0.3719512195121951;0.4;0.3888888888888889
ganjar;0.39215686274509803;0.14078947368421052;0.353870458135861;0.37484433374844334;0.19791666666666666;0.2965821389195149;0.3983152827918171;0.25910064239828695;0.3410301953818828;0.48089591567852435;0.3630831643002028;0.30303030303030304;0.2582781456953642;0.17647058823529413;0.23170731707317074;0.15;0.9042316258351893;0.4817073170731707;0.4;0.5555555555555556
imin;0.23712021136063408;0.4516971279373368;0.30020491803278687;0.20943531093638312;0.19829683698296838;0.19477911646586346;0.1641509433962264;0.17142857142857143;0.18032786885245902;0.15397631133671744;0.21553884711779447;0.24183006535947713;0.16517857142857142;0.3617021276595745;0.21568627450980393;0.2033898305084746;0.017361111111111112;0.1206896551724138;0.0;0.2692307692307692
gibran;0.4418758256274769;0.3785900783289817;0.3862704918032787;0.4660471765546819;0.5437956204379562;0.4457831325301205;0.5037735849056604;0.5314285714285715;0.468384074941452;0.43993231810490696;0.46115288220551376;0.38562091503267976;0.5625;0.475177304964539;0.5816993464052288;0.3898305084745763;0.0954861111111111;0.22413793103448276;0.75;0.15384615384615385
mahfud;0.32100396301188905;0.16971279373368145;0.3135245901639344;0.32451751250893496;0.25790754257907544;0.35943775100401604;0.3320754716981132;0.29714285714285715;0.351288056206089;0.40609137055837563;0.3233082706766917;0.37254901960784315;0.27232142857142855;0.16312056737588654;0.20261437908496732;0.4067796610169492;0.8871527777777778;0.6551724137931034;0.25;0.5769230769230769
