;tribunnews;metrotv;detik;kompas;viva;pikiranrakyat;jawapos;tempo;bisnisindonesia;republika;tvone;cnbcindonesia;antaranews;disway;kumparan;suara;sindo;liputan6;cnnindonesia;detikx
anies;0.0;0.0;0.0;0.0;0.0;0.0;0.0;0.0;0.0;0.0;0.0;0.0;0.0;0.0;0.0;0.0;0.0;0.0;0.0;0.0
prabowo;0.0;0.0;0.0;0.0;0.0;0.0;0.0;0.0;0.0;0.0;0.0;0.0;0.0;0.0;0.0;0.0;0.0;0.0;0.0;0.0
ganjar;0.0;0.0;0.0;0.0;0.0;0.0;0.0;0.0;0.0;0.0;0.0;0.0;0.0;0.0;0.0;0.0;0.0;0.0;0.0;0.0
imin;0.1875;0.39666666666666667;0.20132013201320131;0.2682080924855491;0.1828793774319066;0.13894736842105262;0.1480637813211845;0.1510989010989011;0.16819571865443425;0.18128654970760233;0.15018315018315018;0.22972972972972974;0.11021505376344086;0.24242424242424243;0.17424242424242425;0.14516129032258066;0.024714828897338403;0.12658227848101267;0.3333333333333333;0.0
gibran;0.49759615384615385;0.43333333333333335;0.4884488448844885;0.4023121387283237;0.5239948119325551;0.5094736842105263;0.44646924829157175;0.532967032967033;0.48623853211009177;0.5526315789473685;0.5421245421245421;0.44594594594594594;0.47580645161290325;0.5555555555555556;0.6363636363636364;0.3709677419354839;0.09125475285171103;0.22784810126582278;0.2222222222222222;1.0
mahfud;0.31490384615384615;0.17;0.3102310231023102;0.32947976878612717;0.2931258106355383;0.35157894736842105;0.4054669703872437;0.3159340659340659;0.345565749235474;0.26608187134502925;0.3076923076923077;0.32432432432432434;0.41397849462365593;0.20202020202020202;0.1893939393939394;0.4838709677419355;0.8840304182509505;0.6455696202531646;0.4444444444444444;0.0
