;tribunnews;metrotv;detik;kompas;viva;pikiranrakyat;jawapos;antaranews;tvone;tempo;bisnisindonesia;cnbcindonesia;republika;disway;kumparan;suara;sindo;liputan6;detikx;cnnindonesia
anies;0.26340033500837523;0.6800518134715026;0.22134627046694966;0.28249027237354085;0.28163653663177923;0.26435406698564595;0.21971496437054633;0.19909502262443438;0.3346456692913386;0.2614035087719298;0.29521829521829523;0.39087947882736157;0.2783882783882784;0.4658385093167702;0.3197969543147208;0.34579439252336447;0.032502708559046585;0.15337423312883436;0.2;0.0
prabowo;0.3324958123953099;0.17875647668393782;0.39902971497877504;0.3603112840466926;0.532825880114177;0.4354066985645933;0.37767220902612825;0.334841628959276;0.4074803149606299;0.3894736842105263;0.34303534303534305;0.30618892508143325;0.47619047619047616;0.37267080745341613;0.43147208121827413;0.48598130841121495;0.05200433369447454;0.36809815950920244;0.4;0.45454545454545453
ganjar;0.4041038525963149;0.1411917098445596;0.3796240145542753;0.35719844357976654;0.18553758325404376;0.30023923444976075;0.4026128266033254;0.4660633484162896;0.2578740157480315;0.34912280701754383;0.36174636174636177;0.30293159609120524;0.2454212454212454;0.16149068322981366;0.24873096446700507;0.16822429906542055;0.9154929577464789;0.4785276073619632;0.4;0.5454545454545454
imin;0.23987138263665594;0.46539379474940334;0.2202583276682529;0.30628019323671496;0.19951632406287786;0.2;0.1844484629294756;0.1634756995581738;0.18421052631578946;0.17117117117117117;0.2123456790123457;0.23684210526315788;0.17061611374407584;0.3591549295774648;0.2275449101796407;0.21875;0.01718213058419244;0.13333333333333333;0.0;0.2727272727272727
gibran;0.4366559485530547;0.3627684964200477;0.47178789938817134;0.4057971014492754;0.5501813784764208;0.4351648351648352;0.4936708860759494;0.45949926362297494;0.5184210526315789;0.46621621621621623;0.4691358024691358;0.3881578947368421;0.5592417061611374;0.4788732394366197;0.5688622754491018;0.34375;0.08075601374570447;0.21666666666666667;0.75;0.18181818181818182
mahfud;0.3234726688102894;0.1718377088305489;0.3079537729435758;0.28792270531400965;0.2503022974607013;0.3648351648351648;0.321880650994575;0.37702503681885124;0.29736842105263156;0.36261261261261263;0.31851851851851853;0.375;0.27014218009478674;0.1619718309859155;0.20359281437125748;0.4375;0.9020618556701031;0.65;0.25;0.5454545454545454
