;kompas;tribunnews;cnnindonesia;suara;tempo;viva;antaranews;liputan6;detik;bisnisindonesia;jawapos;tvone;idntimes;disway;republika;sindo;mediaindonesia;pikiranrakyat;rri;tirto;kumparan;metrotv;bloombergtechnoz;cnbcindonesia;bbc;katadata;kontan;cna
anies;0.20906801007556675;0.10176991150442478;0.11557788944723618;0.11204481792717087;0.0972972972972973;0.09714285714285714;0.0946372239747634;0.10121457489878542;0.08421052631578947;0.10426540284360189;0.13815789473684212;0.10326086956521739;0.12666666666666668;0.07804878048780488;0.1875;0.06572769953051644;0.06217616580310881;0.1111111111111111;0.07920792079207921;0.045714285714285714;0.06306306306306306;0.043859649122807015;0.027777777777777776;0.009009009009009009;0.2;0.007936507936507936;0.008064516129032258;0.0
prabowo;0.5617128463476071;0.6076696165191741;0.5226130653266332;0.7366946778711485;0.7486486486486487;0.7657142857142857;0.889589905362776;0.7935222672064778;0.6350877192982456;0.8720379146919431;0.7368421052631579;0.7608695652173914;0.7866666666666666;0.8731707317073171;0.6625;0.7276995305164319;0.7616580310880829;0.6888888888888889;0.8910891089108911;0.9028571428571428;0.7657657657657657;0.8859649122807017;0.8611111111111112;0.9669669669669669;0.6;0.9603174603174603;0.9919354838709677;0.8571428571428571
ganjar;0.22921914357682618;0.29056047197640117;0.36180904522613067;0.15126050420168066;0.15405405405405406;0.13714285714285715;0.015772870662460567;0.10526315789473684;0.2807017543859649;0.023696682464454975;0.125;0.1358695652173913;0.08666666666666667;0.04878048780487805;0.15;0.20657276995305165;0.17616580310880828;0.2;0.0297029702970297;0.05142857142857143;0.17117117117117117;0.07017543859649122;0.1111111111111111;0.024024024024024024;0.2;0.031746031746031744;0.0;0.14285714285714285
imin;0.0;0.0;0.0;0.0;0.0;0.0;1.0;0.0;0.0;;0.0;0.0;0.0;0.0;0.0;0.0;0.0;0.0;0.0;0.0;0.0;0.0;;0.0;;0.0;0.0;
gibran;0.0;0.3333333333333333;0.0;0.2777777777777778;0.2857142857142857;0.3333333333333333;0.0;0.043478260869565216;0.0;;1.0;0.0;0.041666666666666664;1.0;0.045454545454545456;1.0;0.0;0.0;0.0;0.0;0.0;0.0;;0.0;;0.3333333333333333;1.0;
mahfud;1.0;0.6666666666666666;1.0;0.7222222222222222;0.7142857142857143;0.6666666666666666;0.0;0.9565217391304348;1.0;;0.0;1.0;0.9583333333333334;0.0;0.9545454545454546;0.0;1.0;1.0;1.0;1.0;1.0;1.0;;1.0;;0.6666666666666666;0.0;
