;tribunnews;metrotv;detik;kompas;viva;pikiranrakyat;jawapos;antaranews;tvone;tempo;bisnisindonesia;cnbcindonesia;disway;republika;kumparan;suara;sindo;liputan6;detikx;cnnindonesia
anies;0.26313645621181264;0.683206106870229;0.22007255139056833;0.2718964204112719;0.28362573099415206;0.26492537313432835;0.21749408983451538;0.2010989010989011;0.32815533980582523;0.25380710659898476;0.29292929292929293;0.40404040404040403;0.4578313253012048;0.2737642585551331;0.3286384976525822;0.34579439252336447;0.03215434083601286;0.1377245508982036;0.2;0.0
prabowo;0.32423625254582483;0.1692111959287532;0.39298669891172916;0.3549124143183549;0.5292397660818714;0.43159203980099503;0.36997635933806144;0.33296703296703295;0.4058252427184466;0.3790186125211506;0.3414141414141414;0.2895622895622896;0.37349397590361444;0.4790874524714829;0.431924882629108;0.4766355140186916;0.04930332261521972;0.3532934131736527;0.4;0.45454545454545453
ganjar;0.4126272912423625;0.1475826972010178;0.38694074969770254;0.3731911652703732;0.1871345029239766;0.3034825870646766;0.41252955082742315;0.46593406593406594;0.26601941747572816;0.36717428087986465;0.3656565656565657;0.3063973063973064;0.1686746987951807;0.24714828897338403;0.23943661971830985;0.17757009345794392;0.9185423365487674;0.5089820359281437;0.4;0.5454545454545454
imin;0.23062261753494281;0.46445497630331756;0.21816930488644184;0.3101145038167939;0.19759036144578312;0.2;0.18230088495575222;0.16547788873038516;0.18134715025906736;0.15766738660907129;0.20952380952380953;0.22580645161290322;0.3561643835616438;0.17560975609756097;0.22485207100591717;0.20634920634920634;0.01697792869269949;0.11764705882352941;0.0;0.2857142857142857
gibran;0.44027954256670904;0.3578199052132701;0.47350309704060567;0.3998091603053435;0.5506024096385542;0.4314606741573034;0.4814159292035398;0.46504992867332384;0.5181347150259067;0.468682505399568;0.4642857142857143;0.4064516129032258;0.4794520547945205;0.5365853658536586;0.5739644970414202;0.3492063492063492;0.07640067911714771;0.17647058823529413;0.75;0.19047619047619047
mahfud;0.3290978398983482;0.17772511848341233;0.3083275980729525;0.2900763358778626;0.25180722891566265;0.3685393258426966;0.336283185840708;0.369472182596291;0.3005181347150259;0.37365010799136067;0.3261904761904762;0.36774193548387096;0.1643835616438356;0.28780487804878047;0.20118343195266272;0.4444444444444444;0.9066213921901528;0.7058823529411765;0.25;0.5238095238095238
