;tribunnews;metrotv;detik;kompas;pikiranrakyat;viva;antaranews;tvone;jawapos;tempo;bisnisindonesia;cnbcindonesia;disway;kumparan;republika;sindo;suara;liputan6;cnnindonesia;detikx
anies;0.26633345233845057;0.6548974943052391;0.2201291711517761;0.2548209366391185;0.2915057915057915;0.26851025869759143;0.2117437722419929;0.33693693693693694;0.2056818181818182;0.2555066079295154;0.29390018484288355;0.3882978723404255;0.4811320754716981;0.34686346863468637;0.2527075812274368;0.041357370095440084;0.35789473684210527;0.13043478260869565;0.07692307692307693;0.2
prabowo;0.34630489111031776;0.1947608200455581;0.4160387513455328;0.3774104683195592;0.4362934362934363;0.559322033898305;0.3594306049822064;0.4036036036036036;0.39886363636363636;0.3671071953010279;0.36044362292051757;0.32978723404255317;0.37735849056603776;0.4354243542435424;0.5054151624548736;0.07741251325556733;0.47368421052631576;0.37267080745341613;0.5384615384615384;0.4
ganjar;0.3873616565512317;0.15034168564920272;0.3638320775026911;0.3677685950413223;0.2722007722007722;0.17216770740410348;0.4288256227758007;0.2594594594594595;0.39545454545454545;0.37738619676945667;0.3456561922365989;0.28191489361702127;0.14150943396226415;0.2177121771217712;0.24187725631768953;0.8812301166489925;0.16842105263157894;0.4968944099378882;0.38461538461538464;0.4
imin;0.23636363636363636;0.463768115942029;0.22448979591836735;0.3136320305052431;0.23956043956043957;0.18613138686131386;0.1743002544529262;0.18983957219251338;0.1736745886654479;0.16344086021505377;0.20813397129186603;0.21739130434782608;0.3401360544217687;0.20994475138121546;0.17587939698492464;0.017915309446254073;0.22448979591836735;0.15789473684210525;0.3;0.0
gibran;0.45768025078369906;0.37681159420289856;0.4850340136054422;0.40896091515729266;0.42857142857142855;0.5693430656934306;0.4707379134860051;0.49732620320855614;0.5009140767824497;0.44516129032258067;0.48086124401913877;0.40372670807453415;0.5170068027210885;0.580110497237569;0.542713567839196;0.08957654723127036;0.30612244897959184;0.2236842105263158;0.25;0.6666666666666666
mahfud;0.30595611285266455;0.15942028985507245;0.2904761904761905;0.27740705433746427;0.33186813186813185;0.24452554744525548;0.3549618320610687;0.31283422459893045;0.32541133455210236;0.3913978494623656;0.31100478468899523;0.37888198757763975;0.14285714285714285;0.20994475138121546;0.2814070351758794;0.8925081433224755;0.46938775510204084;0.618421052631579;0.45;0.3333333333333333
