;antaranews;tribunnews;viva;kompas;suara;republika;bisnisindonesia;mediaindonesia;detik;cnnindonesia;tvone;liputan6;sindo;tempo;disway;idntimes;metrotv;tirto;jawapos;cnbcindonesia;pikiranrakyat;rri;kumparan;katadata;cna;kontan;bloombergtechnoz;kumparanplus
anies;0.10062893081761007;0.0556792873051225;0.10407239819004525;0.06432748538011696;0.08713692946058091;0.3125;0.0625;0.08823529411764706;0.0514018691588785;0.04564315352697095;0.11235955056179775;0.045662100456621;0.045454545454545456;0.02903225806451613;0.051470588235294115;0.05405405405405406;0.058823529411764705;0.03937007874015748;0.03597122302158273;0.013422818791946308;0.046875;0.038461538461538464;0.027777777777777776;0.008620689655172414;0.05263157894736842;0.0;0.0;0.0
prabowo;0.889937106918239;0.6681514476614699;0.8461538461538461;0.8450292397660819;0.7759336099585062;0.5208333333333334;0.9322916666666666;0.8823529411764706;0.8738317757009346;0.7800829875518672;0.7415730337078652;0.9041095890410958;0.8131313131313131;0.8741935483870967;0.9264705882352942;0.9099099099099099;0.9117647058823529;0.889763779527559;0.8705035971223022;0.9697986577181208;0.875;0.9615384615384616;0.8472222222222222;0.9741379310344828;0.9473684210526315;1.0;0.9866666666666667;1.0
ganjar;0.009433962264150943;0.27616926503340755;0.049773755656108594;0.09064327485380116;0.13692946058091288;0.16666666666666666;0.005208333333333333;0.029411764705882353;0.07476635514018691;0.17427385892116182;0.14606741573033707;0.0502283105022831;0.1414141414141414;0.0967741935483871;0.022058823529411766;0.036036036036036036;0.029411764705882353;0.07086614173228346;0.09352517985611511;0.016778523489932886;0.078125;0.0;0.125;0.017241379310344827;0.0;0.0;0.013333333333333334;0.0
imin;0.0;0.0;0.25;0.038461538461538464;0.0;0.0;;;0.0;0.0;0.0;0.0;0.0;0.0;0.0;0.0;0.0;0.0;0.0;0.0;0.0;0.0;0.0;0.0;;0.0;;
gibran;1.0;0.75;0.5;0.1346153846153846;0.5;0.03125;;;0.02127659574468085;0.03125;0.07142857142857142;0.08;1.0;0.5;0.5;0.0;0.0;0.08333333333333333;0.3333333333333333;0.0;0.0;0.0;0.0;0.0;;1.0;;
mahfud;0.0;0.25;0.25;0.8269230769230769;0.5;0.96875;;;0.9787234042553191;0.96875;0.9285714285714286;0.92;0.0;0.5;0.5;1.0;1.0;0.9166666666666666;0.6666666666666666;1.0;1.0;1.0;1.0;1.0;;0.0;;
