;tribunnews;metrotv;detik;kompas;viva;pikiranrakyat;jawapos;tempo;bisnisindonesia;tvone;republika;cnbcindonesia;antaranews;disway;kumparan;suara;sindo;liputan6;cnnindonesia;detikx
anies;0.26704278326281145;0.6226415094339622;0.24234853216739538;0.2839707078925956;0.27239488117001825;0.2725199543899658;0.2236842105263158;0.26629422718808193;0.28542094455852157;0.3076923076923077;0.263681592039801;0.3475409836065574;0.1984732824427481;0.425531914893617;0.32413793103448274;0.3063063063063063;0.039240506329113925;0.125;0.09523809523809523;0.3333333333333333
prabowo;0.34038551951104845;0.20350404312668463;0.410368519675203;0.36859235150528885;0.48080438756855576;0.4207525655644242;0.3456937799043062;0.3854748603351955;0.351129363449692;0.38009049773755654;0.43781094527363185;0.3639344262295082;0.3282442748091603;0.3546099290780142;0.41379310344827586;0.40540540540540543;0.05443037974683544;0.3409090909090909;0.47619047619047616;0.3333333333333333
ganjar;0.3925716972261401;0.1738544474393531;0.3472829481574016;0.34743694060211555;0.24680073126142596;0.30672748004561;0.430622009569378;0.34823091247672255;0.36344969199178645;0.31221719457013575;0.29850746268656714;0.28852459016393445;0.4732824427480916;0.2198581560283688;0.2620689655172414;0.2882882882882883;0.9063291139240506;0.5340909090909091;0.42857142857142855;0.3333333333333333
imin;0.2040650406504065;0.40594059405940597;0.20903010033444816;0.26954492415402564;0.18120805369127516;0.15694164989939638;0.15695067264573992;0.1523545706371191;0.17034700315457413;0.14181818181818182;0.17785234899328858;0.24324324324324326;0.11444141689373297;0.29473684210526313;0.16260162601626016;0.14814814814814814;0.024574669187145556;0.12307692307692308;0.23076923076923078;0.0
gibran;0.46016260162601624;0.429042904290429;0.4590301003344482;0.3920653442240373;0.5248322147651007;0.4788732394366197;0.4439461883408072;0.5318559556786704;0.47318611987381703;0.5309090909090909;0.5335570469798657;0.44594594594594594;0.4604904632152589;0.5263157894736842;0.6260162601626016;0.4074074074074074;0.08128544423440454;0.23076923076923078;0.23076923076923078;1.0
mahfud;0.3357723577235772;0.16501650165016502;0.3319397993311037;0.338389731621937;0.29395973154362415;0.3641851106639839;0.3991031390134529;0.3157894736842105;0.35646687697160884;0.32727272727272727;0.28859060402684567;0.3108108108108108;0.4250681198910082;0.17894736842105263;0.21138211382113822;0.4444444444444444;0.8941398865784499;0.6461538461538462;0.5384615384615384;0.0
