;tribunnews;metrotv;detik;kompas;viva;pikiranrakyat;jawapos;antaranews;tvone;tempo;bisnisindonesia;cnbcindonesia;disway;republika;kumparan;suara;sindo;liputan6;detikx;cnnindonesia
anies;0.26516102049351736;0.6800518134715026;0.22385321100917432;0.28549019607843135;0.28217349857006674;0.2637749120750293;0.22409638554216868;0.19953596287703015;0.3497942386831276;0.2649122807017544;0.2993762993762994;0.3954248366013072;0.463855421686747;0.27697841726618705;0.33879781420765026;0.3627450980392157;0.034140969162995596;0.14814814814814814;0.2;0.0
prabowo;0.33500627352572143;0.17875647668393782;0.4018348623853211;0.3592156862745098;0.5338417540514776;0.4372801875732708;0.38072289156626504;0.33642691415313225;0.40329218106995884;0.39649122807017545;0.34511434511434513;0.3104575163398693;0.3674698795180723;0.4748201438848921;0.4371584699453552;0.5196078431372549;0.05726872246696035;0.37037037037037035;0.4;0.45454545454545453
ganjar;0.3998327059807612;0.1411917098445596;0.3743119266055046;0.3552941176470588;0.18398474737845566;0.2989449003516999;0.39518072289156625;0.46403712296983757;0.24691358024691357;0.3385964912280702;0.35550935550935553;0.29411764705882354;0.1686746987951807;0.24820143884892087;0.22404371584699453;0.11764705882352941;0.9085903083700441;0.48148148148148145;0.4;0.5454545454545454
imin;0.23922829581993568;0.46153846153846156;0.22130584192439862;0.30544747081712065;0.19685990338164253;0.19700214132762311;0.181651376146789;0.162406015037594;0.1897018970189702;0.17084282460136674;0.21393034825870647;0.24183006535947713;0.3546099290780142;0.1650943396226415;0.2345679012345679;0.23333333333333334;0.01936619718309859;0.11864406779661017;0.0;0.2608695652173913
gibran;0.44308681672025724;0.36538461538461536;0.474914089347079;0.4046692607003891;0.5567632850241546;0.4411134903640257;0.5027522935779817;0.4631578947368421;0.5176151761517616;0.4806378132118451;0.472636815920398;0.38562091503267976;0.48226950354609927;0.5613207547169812;0.5740740740740741;0.38333333333333336;0.08450704225352113;0.22033898305084745;0.75;0.17391304347826086
mahfud;0.31768488745980705;0.17307692307692307;0.3037800687285223;0.2898832684824903;0.2463768115942029;0.3618843683083512;0.3155963302752294;0.3744360902255639;0.2926829268292683;0.34851936218678814;0.31343283582089554;0.37254901960784315;0.16312056737588654;0.27358490566037735;0.19135802469135801;0.38333333333333336;0.8961267605633803;0.6610169491525424;0.25;0.5652173913043478
