;tribunnews;metrotv;detik;kompas;viva;pikiranrakyat;antaranews;jawapos;tvone;tempo;bisnisindonesia;cnbcindonesia;kumparan;disway;republika;suara;sindo;liputan6;detikx;cnnindonesia
anies;0.2600557546794106;0.6767676767676768;0.21677893447642377;0.2661596958174905;0.27793974732750243;0.2699228791773779;0.2044491525423729;0.21291866028708134;0.32695984703632885;0.2563667232597623;0.29518072289156627;0.4013840830449827;0.34210526315789475;0.45294117647058824;0.25098039215686274;0.34615384615384615;0.031982942430703626;0.12650602409638553;0.25;0.0
prabowo;0.326563122262047;0.1717171717171717;0.39559093692590325;0.3581749049429658;0.5364431486880467;0.4267352185089974;0.336864406779661;0.37440191387559807;0.40344168260038243;0.36502546689303905;0.3433734939759036;0.28719723183391005;0.42543859649122806;0.38235294117647056;0.49411764705882355;0.47115384615384615;0.050106609808102345;0.3614457831325301;0.25;0.5
ganjar;0.4133811230585424;0.15151515151515152;0.387630128597673;0.37566539923954373;0.18561710398445092;0.3033419023136247;0.4586864406779661;0.4126794258373206;0.2695984703632887;0.37860780984719866;0.3614457831325301;0.31141868512110726;0.2324561403508772;0.16470588235294117;0.2549019607843137;0.18269230769230768;0.917910447761194;0.5120481927710844;0.5;0.5
imin;0.22447724477244774;0.43383947939262474;0.22358554873892297;0.31273408239700373;0.19294117647058823;0.2;0.17560321715817695;0.1763668430335097;0.17585301837270342;0.1513859275053305;0.21559633027522937;0.2147239263803681;0.22099447513812154;0.3225806451612903;0.1724137931034483;0.20967741935483872;0.016474464579901153;0.10256410256410256;0.0;0.2857142857142857
gibran;0.4489544895448955;0.3947939262472885;0.4703476482617587;0.3970037453183521;0.5541176470588235;0.42857142857142855;0.46380697050938335;0.49206349206349204;0.5144356955380578;0.47121535181236673;0.463302752293578;0.4049079754601227;0.574585635359116;0.5161290322580645;0.5320197044334976;0.3387096774193548;0.07742998352553541;0.21794871794871795;0.6666666666666666;0.23809523809523808
mahfud;0.32656826568265684;0.17136659436008678;0.3060668029993183;0.2902621722846442;0.2529411764705882;0.37142857142857144;0.3605898123324397;0.3315696649029982;0.30971128608923887;0.3773987206823028;0.3211009174311927;0.3803680981595092;0.20441988950276244;0.16129032258064516;0.2955665024630542;0.45161290322580644;0.9060955518945635;0.6794871794871795;0.3333333333333333;0.47619047619047616
