;tribunnews;metrotv;detik;kompas;viva;pikiranrakyat;jawapos;tempo;tvone;bisnisindonesia;antaranews;cnbcindonesia;republika;disway;kumparan;suara;sindo;liputan6;cnnindonesia;detikx
anies;0.26593886462882094;0.657030223390276;0.2356923076923077;0.28149300155520995;0.28122109158186864;0.25846153846153846;0.21776155717761558;0.2613430127041742;0.32;0.28600405679513186;0.1994261119081779;0.3728813559322034;0.2819767441860465;0.43452380952380953;0.2987012987012987;0.3548387096774194;0.03255813953488372;0.14942528735632185;0.10526315789473684;0.2
prabowo;0.33930131004366815;0.18791064388961892;0.3932307692307692;0.36003110419906686;0.5023126734505088;0.4348717948717949;0.36739659367396593;0.39019963702359345;0.4066666666666667;0.3448275862068966;0.31563845050215206;0.33559322033898303;0.44476744186046513;0.375;0.461038961038961;0.44086021505376344;0.06511627906976744;0.3390804597701149;0.42105263157894735;0.4
ganjar;0.3947598253275109;0.15505913272010513;0.3710769230769231;0.3584758942457232;0.21646623496762257;0.30666666666666664;0.4148418491484185;0.3484573502722323;0.2733333333333333;0.3691683569979716;0.48493543758967;0.29152542372881357;0.27325581395348836;0.19047619047619047;0.24025974025974026;0.20430107526881722;0.9023255813953488;0.5114942528735632;0.47368421052631576;0.4
imin;0.22916666666666666;0.43535620052770446;0.20014194464158977;0.2837977296181631;0.19562575941676794;0.18114602587800369;0.1544256120527307;0.16822429906542055;0.14893617021276595;0.2;0.14874551971326164;0.2328767123287671;0.16996047430830039;0.3333333333333333;0.21052631578947367;0.1864406779661017;0.01576182136602452;0.13636363636363635;0.23076923076923078;0.0
gibran;0.44489247311827956;0.38522427440633245;0.46983676366217175;0.3973168214654283;0.5297691373025516;0.4676524953789279;0.5009416195856874;0.48130841121495327;0.541033434650456;0.4649350649350649;0.45161290322580644;0.3835616438356164;0.549407114624506;0.5072463768115942;0.5986842105263158;0.3898305084745763;0.09632224168126094;0.19696969696969696;0.19230769230769232;0.75
mahfud;0.32594086021505375;0.17941952506596306;0.33002129169623845;0.3188854489164087;0.27460510328068044;0.3512014787430684;0.3446327683615819;0.35046728971962615;0.3100303951367781;0.33506493506493507;0.3996415770609319;0.3835616438356164;0.28063241106719367;0.15942028985507245;0.19078947368421054;0.423728813559322;0.8879159369527145;0.6666666666666666;0.5769230769230769;0.25
