;tribunnews;metrotv;detik;kompas;viva;pikiranrakyat;jawapos;antaranews;tvone;tempo;bisnisindonesia;cnbcindonesia;republika;disway;kumparan;suara;sindo;liputan6;detikx;cnnindonesia
anies;0.2639699749791493;0.6833976833976834;0.2217522658610272;0.28249027237354085;0.28392685274302215;0.2678787878787879;0.21919431279620852;0.20112359550561798;0.33398821218074654;0.26252158894645944;0.2976939203354298;0.3941368078175896;0.2783882783882784;0.46296296296296297;0.33;0.3425925925925926;0.03225806451612903;0.15337423312883436;0.2;0.0
prabowo;0.329441201000834;0.17503217503217502;0.4;0.3595330739299611;0.5332050048123196;0.4315151515151515;0.3744075829383886;0.33370786516853934;0.4086444007858546;0.385146804835924;0.3438155136268344;0.30293159609120524;0.4725274725274725;0.37037037037037035;0.425;0.48148148148148145;0.05161290322580645;0.3619631901840491;0.4;0.45454545454545453
ganjar;0.40658882402001667;0.14157014157014158;0.37824773413897284;0.35797665369649806;0.18286814244465832;0.3006060606060606;0.40639810426540285;0.4651685393258427;0.25736738703339884;0.35233160621761656;0.3584905660377358;0.30293159609120524;0.2490842490842491;0.16666666666666666;0.245;0.17592592592592593;0.9161290322580645;0.48466257668711654;0.4;0.5454545454545454
imin;0.23974358974358975;0.4666666666666667;0.21883468834688347;0.3085824493731919;0.2;0.19911504424778761;0.18491921005385997;0.16496350364963502;0.18324607329842932;0.1610738255033557;0.21182266009852216;0.23225806451612904;0.16981132075471697;0.36363636363636365;0.2275449101796407;0.20634920634920634;0.01697792869269949;0.13114754098360656;0.0;0.2857142857142857
gibran;0.43653846153846154;0.3595238095238095;0.4742547425474255;0.40405014464802314;0.5503030303030303;0.4358407079646018;0.4883303411131059;0.45985401459854014;0.518324607329843;0.4697986577181208;0.46798029556650245;0.4;0.5566037735849056;0.4755244755244755;0.5688622754491018;0.3492063492063492;0.08149405772495756;0.19672131147540983;0.75;0.19047619047619047
mahfud;0.32371794871794873;0.1738095238095238;0.30691056910569103;0.28736740597878496;0.2496969696969697;0.36504424778761063;0.3267504488330341;0.37518248175182484;0.29842931937172773;0.3691275167785235;0.32019704433497537;0.36774193548387096;0.27358490566037735;0.16083916083916083;0.20359281437125748;0.4444444444444444;0.9015280135823429;0.6721311475409836;0.25;0.5238095238095238
