;tribunnews;metrotv;detik;kompas;viva;pikiranrakyat;jawapos;antaranews;tvone;tempo;bisnisindonesia;cnbcindonesia;disway;republika;kumparan;suara;sindo;liputan6;detikx;cnnindonesia
anies;0.26331236897274635;0.6796368352788587;0.2204007285974499;0.28359375;0.28068506184586106;0.26397146254458975;0.2222222222222222;0.19908987485779295;0.3406813627254509;0.26325088339222613;0.2981366459627329;0.39144736842105265;0.463855421686747;0.2779783393501805;0.3315508021390374;0.3557692307692308;0.03253796095444685;0.15337423312883436;0.2;0.0
prabowo;0.3333333333333333;0.17898832684824903;0.40437158469945356;0.359375;0.5366317792578497;0.43638525564803804;0.37992831541218636;0.33447098976109213;0.40480961923847697;0.3957597173144876;0.34368530020703936;0.3092105263157895;0.3674698795180723;0.47653429602888087;0.4385026737967914;0.5096153846153846;0.052060737527114966;0.36809815950920244;0.4;0.45454545454545453
ganjar;0.40335429769392034;0.14137483787289234;0.37522768670309653;0.35703125;0.18268315889628925;0.29964328180737215;0.3978494623655914;0.4664391353811149;0.2545090180360721;0.3409893992932862;0.3581780538302277;0.2993421052631579;0.1686746987951807;0.24548736462093862;0.22994652406417113;0.1346153846153846;0.9154013015184381;0.4785276073619632;0.4;0.5454545454545454
imin;0.23873873873873874;0.46411483253588515;0.21934604904632152;0.3062015503875969;0.19614921780986763;0.19825708061002179;0.1851179673321234;0.1632047477744807;0.18716577540106952;0.17084282460136674;0.21287128712871287;0.23684210526315788;0.3546099290780142;0.17289719626168223;0.2331288343558282;0.21875;0.017241379310344827;0.11864406779661017;0.0;0.2608695652173913
gibran;0.44015444015444016;0.36363636363636365;0.47547683923705725;0.40406976744186046;0.5535499398315282;0.43790849673202614;0.49727767695099817;0.45845697329376855;0.516042780748663;0.4783599088838269;0.47029702970297027;0.3881578947368421;0.48226950354609927;0.5560747663551402;0.5766871165644172;0.359375;0.08103448275862069;0.22033898305084745;0.75;0.17391304347826086
mahfud;0.3211068211068211;0.1722488038277512;0.30517711171662126;0.28972868217054265;0.2503008423586041;0.3638344226579521;0.3176043557168784;0.37833827893175076;0.2967914438502674;0.35079726651480636;0.31683168316831684;0.375;0.16312056737588654;0.27102803738317754;0.1901840490797546;0.421875;0.9017241379310345;0.6610169491525424;0.25;0.5652173913043478
