;tribunnews;metrotv;detik;kompas;viva;pikiranrakyat;jawapos;tempo;tvone;bisnisindonesia;antaranews;cnbcindonesia;republika;disway;kumparan;suara;sindo;liputan6;cnnindonesia;detikx
anies;0.2672566371681416;0.6559571619812584;0.2411655300681959;0.2782131661442006;0.28440366972477066;0.26673228346456695;0.21654501216545013;0.26024955436720143;0.3165938864628821;0.2897959183673469;0.1926605504587156;0.375;0.29110512129380056;0.46496815286624205;0.3137254901960784;0.34;0.0356718192627824;0.14124293785310735;0.1111111111111111;0.2
prabowo;0.33716814159292036;0.18875502008032127;0.39429634221946686;0.3675548589341693;0.4972477064220184;0.4271653543307087;0.3613138686131387;0.4028520499108734;0.4017467248908297;0.3346938775510204;0.32262996941896027;0.34121621621621623;0.42048517520215634;0.36942675159235666;0.4444444444444444;0.44;0.06302021403091558;0.3502824858757062;0.4444444444444444;0.4
ganjar;0.39557522123893807;0.15528781793842034;0.36453812771233723;0.3542319749216301;0.21834862385321102;0.3061023622047244;0.4221411192214112;0.33689839572192515;0.2816593886462882;0.37551020408163266;0.4847094801223242;0.28378378378378377;0.2884097035040431;0.16560509554140126;0.24183006535947713;0.22;0.901307966706302;0.5084745762711864;0.4444444444444444;0.4
imin;0.21468926553672316;0.4448051948051948;0.20966420966420968;0.2804733727810651;0.1975806451612903;0.1827768014059754;0.14746543778801843;0.15;0.1392857142857143;0.1893491124260355;0.133630289532294;0.2028985507246377;0.1797752808988764;0.3333333333333333;0.1810344827586207;0.15789473684210525;0.018832391713747645;0.1323529411764706;0.23076923076923078;0.0
gibran;0.44552058111380144;0.38311688311688313;0.4438984438984439;0.38461538461538464;0.5094086021505376;0.46397188049209137;0.47235023041474655;0.4868421052631579;0.5357142857142857;0.44970414201183434;0.43207126948775054;0.42028985507246375;0.50187265917603;0.5392156862745098;0.5775862068965517;0.40350877192982454;0.07344632768361582;0.19117647058823528;0.19230769230769232;0.75
mahfud;0.3397901533494754;0.17207792207792208;0.3464373464373464;0.3349112426035503;0.29301075268817206;0.3532513181019332;0.38018433179723504;0.3631578947368421;0.325;0.3609467455621302;0.43429844097995546;0.37681159420289856;0.31835205992509363;0.12745098039215685;0.2413793103448276;0.43859649122807015;0.9077212806026366;0.6764705882352942;0.5769230769230769;0.25
