;tribunnews;metrotv;detik;kompas;viva;pikiranrakyat;jawapos;tempo;bisnisindonesia;republika;tvone;antaranews;cnbcindonesia;disway;kumparan;liputan6;sindo;suara;cnnindonesia;detikx
anies;0.23404255319148937;0.5823817292006526;0.22505161734342738;0.2773722627737226;0.24798387096774194;0.26440677966101694;0.205607476635514;0.25311203319502074;0.2733644859813084;0.2348008385744235;0.27714285714285714;0.1806981519507187;0.2591362126245847;0.32575757575757575;0.30708661417322836;0.1330049261083744;0.03576751117734724;0.22115384615384615;0.23076923076923078;0.0
prabowo;0.3884342607746863;0.21859706362153344;0.43977976600137647;0.3841240875912409;0.47076612903225806;0.4033898305084746;0.32977303070761016;0.41286307053941906;0.3855140186915888;0.4863731656184486;0.4;0.36344969199178645;0.4152823920265781;0.4090909090909091;0.4881889763779528;0.3399014778325123;0.06259314456035768;0.4230769230769231;0.5;1.0
ganjar;0.37752318603382434;0.19902120717781402;0.33516861665519615;0.3385036496350365;0.28125;0.33220338983050846;0.46461949265687585;0.33402489626556015;0.3411214953271028;0.27882599580712786;0.32285714285714284;0.45585215605749485;0.32558139534883723;0.26515151515151514;0.2047244094488189;0.5270935960591133;0.9016393442622951;0.3557692307692308;0.2692307692307692;0.0
imin;0.16679418515684774;0.3401360544217687;0.21016365202411713;0.25;0.17955801104972377;0.14065934065934066;0.1393643031784841;0.13541666666666666;0.15673981191222572;0.14871794871794872;0.15139442231075698;0.11594202898550725;0.20987654320987653;0.22330097087378642;0.16129032258064516;0.1111111111111111;0.02702702702702703;0.11267605633802817;0.25806451612903225;0.0
gibran;0.5447589900535578;0.48639455782312924;0.5047372954349698;0.42476851851851855;0.5248618784530387;0.5494505494505495;0.45232273838630804;0.5755208333333334;0.5329153605015674;0.6102564102564103;0.545816733067729;0.48695652173913045;0.5185185185185185;0.5631067961165048;0.6693548387096774;0.32222222222222224;0.1288981288981289;0.43661971830985913;0.3225806451612903;1.0
mahfud;0.2884468247895945;0.17346938775510204;0.285099052540913;0.32523148148148145;0.2955801104972376;0.3098901098901099;0.4083129584352078;0.2890625;0.3103448275862069;0.24102564102564103;0.30278884462151395;0.39710144927536234;0.2716049382716049;0.21359223300970873;0.1693548387096774;0.5666666666666667;0.8440748440748441;0.4507042253521127;0.41935483870967744;0.0
