;tribunnews;metrotv;detik;kompas;viva;pikiranrakyat;antaranews;jawapos;tvone;tempo;bisnisindonesia;cnbcindonesia;disway;kumparan;republika;suara;sindo;liputan6;detikx;cnnindonesia
anies;0.2589753933037515;0.6765083440308087;0.2203806015960712;0.266868840030326;0.2819767441860465;0.2697201017811705;0.20042643923240938;0.21904761904761905;0.32375478927203066;0.25989672977624784;0.2905811623246493;0.4054982817869416;0.4550898203592814;0.33482142857142855;0.25984251968503935;0.34285714285714286;0.031813361611876985;0.12574850299401197;0.2;0.0
prabowo;0.32432432432432434;0.17201540436456997;0.39042357274401474;0.354814253222138;0.5300387596899225;0.4262086513994911;0.3326226012793177;0.37023809523809526;0.4003831417624521;0.37005163511187605;0.342685370741483;0.28865979381443296;0.3772455089820359;0.42857142857142855;0.48031496062992124;0.47619047619047616;0.04984093319194061;0.3532934131736527;0.4;0.5
ganjar;0.41670028237192414;0.1514762516046213;0.38919582565991406;0.378316906747536;0.187984496124031;0.30407124681933845;0.4669509594882729;0.4107142857142857;0.27586206896551724;0.37005163511187605;0.3667334669338677;0.30584192439862545;0.16766467065868262;0.23660714285714285;0.25984251968503935;0.18095238095238095;0.9183457051961824;0.5209580838323353;0.4;0.5
imin;0.22422360248447204;0.44144144144144143;0.22053756030323915;0.3067542213883677;0.19789227166276346;0.205607476635514;0.17432432432432432;0.18388791593695272;0.17922077922077922;0.15384615384615385;0.21689497716894976;0.21875;0.3333333333333333;0.21910112359550563;0.17326732673267325;0.20967741935483872;0.016420361247947456;0.10810810810810811;0.0;0.2857142857142857
gibran;0.4453416149068323;0.38513513513513514;0.4686423156443832;0.400562851782364;0.5491803278688525;0.4252336448598131;0.4608108108108108;0.48336252189141854;0.509090909090909;0.47649572649572647;0.4589041095890411;0.4;0.5066666666666667;0.5786516853932584;0.5247524752475248;0.3387096774193548;0.0755336617405583;0.17567567567567569;0.75;0.23809523809523808
mahfud;0.33043478260869563;0.17342342342342343;0.3108201240523777;0.2926829268292683;0.2529274004683841;0.3691588785046729;0.36486486486486486;0.3327495621716287;0.3116883116883117;0.3696581196581197;0.3242009132420091;0.38125;0.16;0.20224719101123595;0.30198019801980197;0.45161290322580644;0.9080459770114943;0.7162162162162162;0.25;0.47619047619047616
