;tribunnews;metrotv;detik;kompas;viva;pikiranrakyat;jawapos;tempo;republika;bisnisindonesia;tvone;antaranews;cnbcindonesia;disway;kumparan;sindo;liputan6;suara;cnnindonesia;detikx
anies;0.24361065796628603;0.6;0.22462787550744248;0.28378378378378377;0.25024630541871923;0.2593192868719611;0.2047244094488189;0.25609756097560976;0.24946236559139784;0.2680652680652681;0.2857142857142857;0.18128654970760233;0.2608695652173913;0.3125;0.291044776119403;0.034139402560455195;0.11578947368421053;0.21052631578947367;0.20689655172413793;0.0
prabowo;0.3643284393692224;0.2032;0.43369418132611637;0.37567567567567567;0.47881773399014776;0.4165316045380875;0.3359580052493438;0.4065040650406504;0.4666666666666667;0.37995337995337997;0.38935574229691877;0.35282651072124754;0.4080267558528428;0.421875;0.4701492537313433;0.05689900426742532;0.34210526315789475;0.42105263157894735;0.5172413793103449;1.0
ganjar;0.39206090266449156;0.1968;0.3416779431664411;0.34054054054054056;0.270935960591133;0.3241491085899514;0.45931758530183725;0.33739837398373984;0.2838709677419355;0.351981351981352;0.32492997198879553;0.46588693957115007;0.3311036789297659;0.265625;0.23880597014925373;0.9089615931721194;0.5421052631578948;0.3684210526315789;0.27586206896551724;0.0
imin;0.17966903073286053;0.3675496688741722;0.20543293718166383;0.2628504672897196;0.180349932705249;0.13404255319148936;0.13470319634703196;0.13262599469496023;0.16310160427807488;0.15705128205128205;0.15;0.1111111111111111;0.2236842105263158;0.22549019607843138;0.15671641791044777;0.021442495126705652;0.1111111111111111;0.11267605633802817;0.28125;0.0
gibran;0.5137903861308116;0.4503311258278146;0.48811544991511036;0.40420560747663553;0.5248990578734859;0.5191489361702127;0.4520547945205479;0.5570291777188329;0.5828877005347594;0.5032051282051282;0.5346153846153846;0.46883468834688347;0.47368421052631576;0.5588235294117647;0.6492537313432836;0.10721247563352826;0.2777777777777778;0.4084507042253521;0.28125;1.0
mahfud;0.3065405831363278;0.18211920529801323;0.3064516129032258;0.33294392523364486;0.29475100942126514;0.3468085106382979;0.4132420091324201;0.3103448275862069;0.2540106951871658;0.33974358974358976;0.3153846153846154;0.42005420054200543;0.3026315789473684;0.21568627450980393;0.19402985074626866;0.8713450292397661;0.6111111111111112;0.4788732394366197;0.4375;0.0
