;tribunnews;metrotv;detik;kompas;viva;pikiranrakyat;jawapos;tempo;bisnisindonesia;tvone;republika;cnbcindonesia;antaranews;disway;kumparan;suara;sindo;liputan6;cnnindonesia;detikx
anies;0.2605326876513317;0.6221009549795361;0.2375551354757404;0.2838063439065108;0.26902173913043476;0.2619617224880383;0.2162485065710872;0.25884543761638734;0.28210526315789475;0.2914691943127962;0.26713947990543735;0.334384858044164;0.191699604743083;0.3793103448275862;0.33112582781456956;0.2962962962962963;0.03911342894393742;0.10810810810810811;0.18181818181818182;0.3333333333333333
prabowo;0.3525423728813559;0.20054570259208732;0.4171392564587272;0.3722871452420701;0.473731884057971;0.42822966507177035;0.34528076463560337;0.39106145251396646;0.35368421052631577;0.3886255924170616;0.44680851063829785;0.3627760252365931;0.3438735177865613;0.3586206896551724;0.4105960264900662;0.4074074074074074;0.05736636245110821;0.33513513513513515;0.4090909090909091;0.3333333333333333
ganjar;0.3869249394673123;0.17735334242837653;0.34530560806553245;0.34390651085141904;0.2572463768115942;0.30980861244019137;0.43847072879330945;0.3500931098696462;0.3642105263157895;0.31990521327014215;0.2860520094562648;0.3028391167192429;0.4644268774703557;0.2620689655172414;0.2582781456953642;0.2962962962962963;0.9035202086049544;0.5567567567567567;0.4090909090909091;0.3333333333333333
imin;0.19612590799031476;0.412751677852349;0.20478943022295623;0.2707117852975496;0.18586387434554974;0.14078674948240166;0.1515837104072398;0.15469613259668508;0.16666666666666666;0.1474820143884892;0.18867924528301888;0.23943661971830985;0.11232876712328767;0.24752475247524752;0.1746031746031746;0.14545454545454545;0.024344569288389514;0.13043478260869565;0.3333333333333333;0.0
gibran;0.4850686037126715;0.4261744966442953;0.4772914946325351;0.3943990665110852;0.5196335078534031;0.5010351966873706;0.43891402714932126;0.5276243093922652;0.48427672955974843;0.5359712230215827;0.5408805031446541;0.4647887323943662;0.473972602739726;0.5445544554455446;0.626984126984127;0.41818181818181815;0.08426966292134831;0.2318840579710145;0.2222222222222222;1.0
mahfud;0.3188054882970137;0.1610738255033557;0.3179190751445087;0.3348891481913652;0.29450261780104714;0.3581780538302277;0.4095022624434389;0.31767955801104975;0.3490566037735849;0.31654676258992803;0.27044025157232704;0.29577464788732394;0.4136986301369863;0.2079207920792079;0.1984126984126984;0.43636363636363634;0.8913857677902621;0.6376811594202898;0.4444444444444444;0.0
