;tribunnews;kompas;antaranews;viva;cnnindonesia;suara;liputan6;detik;republika;mediaindonesia;tvone;tempo;sindo;jawapos;bisnisindonesia;tirto;cnbcindonesia;disway;kumparan;idntimes;rri;pikiranrakyat;metrotv;bloombergtechnoz;katadata;cna;kontan;kumparanplus
anies;0.0634648370497427;0.07482993197278912;0.08761329305135952;0.08710801393728224;0.0729483282674772;0.07342657342657342;0.06302521008403361;0.05338078291814947;0.20967741935483872;0.06493506493506493;0.07462686567164178;0.026865671641791045;0.04326923076923077;0.047619047619047616;0.03349282296650718;0.039735099337748346;0.018018018018018018;0.031914893617021274;0.05434782608695652;0.03816793893129771;0.07462686567164178;0.05;0.024193548387096774;0.009900990099009901;0.0070921985815602835;0.06666666666666667;0.0;0.0
prabowo;0.7409948542024014;0.8299319727891157;0.9063444108761329;0.8780487804878049;0.7325227963525835;0.8321678321678322;0.8991596638655462;0.8362989323843416;0.6612903225806451;0.8896103896103896;0.8507462686567164;0.8925373134328358;0.8221153846153846;0.8630952380952381;0.9569377990430622;0.9337748344370861;0.972972972972973;0.9468085106382979;0.8695652173913043;0.9312977099236641;0.9253731343283582;0.8875;0.9516129032258065;0.9702970297029703;0.9645390070921985;0.9333333333333333;1.0;1.0
ganjar;0.1955403087478559;0.09523809523809523;0.006042296072507553;0.03484320557491289;0.1945288753799392;0.0944055944055944;0.037815126050420166;0.1103202846975089;0.12903225806451613;0.045454545454545456;0.07462686567164178;0.08059701492537313;0.1346153846153846;0.08928571428571429;0.009569377990430622;0.026490066225165563;0.009009009009009009;0.02127659574468085;0.07608695652173914;0.030534351145038167;0.0;0.0625;0.024193548387096774;0.019801980198019802;0.028368794326241134;0.0;0.0;0.0
imin;0.0;0.06666666666666667;0.0;0.2;0.0;0.0;0.0;0.0;0.0;;0.0;0.0;0.0;0.0;;0.0;0.0;0.0;0.0;0.0;0.0;0.0;0.0;;0.0;;0.0;
gibran;0.6666666666666666;0.2;1.0;0.6;0.0;0.5333333333333333;0.0625;0.047619047619047616;0.047619047619047616;;0.11764705882352941;0.5555555555555556;1.0;0.75;;0.14285714285714285;0.0;0.5;0.0;0.06666666666666667;0.0;0.0;0.0;;0.0;;1.0;
mahfud;0.3333333333333333;0.7333333333333333;0.0;0.2;1.0;0.4666666666666667;0.9375;0.9523809523809523;0.9523809523809523;;0.8823529411764706;0.4444444444444444;0.0;0.25;;0.8571428571428571;1.0;0.5;1.0;0.9333333333333333;1.0;1.0;1.0;;1.0;;0.0;
