;tribunnews;metrotv;detik;kompas;viva;pikiranrakyat;jawapos;tempo;tvone;antaranews;bisnisindonesia;cnbcindonesia;republika;disway;kumparan;suara;sindo;liputan6;detikx;cnnindonesia
anies;0.2734746862829944;0.6657824933687002;0.22990654205607478;0.2911392405063291;0.2836676217765043;0.2645161290322581;0.22235872235872237;0.27041742286751363;0.3288888888888889;0.20305980528511822;0.29292929292929293;0.3741496598639456;0.2852664576802508;0.4411764705882353;0.3157894736842105;0.35051546391752575;0.033105022831050226;0.1592356687898089;0.2;0.05555555555555555
prabowo;0.3357853742968412;0.1883289124668435;0.39688473520249223;0.35680379746835444;0.5119388729703916;0.4376344086021505;0.36977886977886976;0.3793103448275862;0.40444444444444444;0.3101529902642559;0.3393939393939394;0.3299319727891156;0.45768025078369906;0.37058823529411766;0.45394736842105265;0.4742268041237113;0.06164383561643835;0.3184713375796178;0.4;0.4444444444444444
ganjar;0.39073993942016444;0.14588859416445624;0.373208722741433;0.35205696202531644;0.2043935052531041;0.2978494623655914;0.40786240786240785;0.3502722323049002;0.26666666666666666;0.48678720445062584;0.36767676767676766;0.29591836734693877;0.25705329153605017;0.18823529411764706;0.23026315789473684;0.17525773195876287;0.9052511415525114;0.5222929936305732;0.4;0.5
imin;0.23800131492439186;0.43636363636363634;0.20525568181818182;0.29243353783231085;0.19828641370869032;0.187984496124031;0.1588785046728972;0.1736111111111111;0.15835777126099707;0.14731369150779897;0.2074074074074074;0.23684210526315788;0.1728395061728395;0.3380281690140845;0.22;0.1935483870967742;0.01733102253032929;0.13114754098360656;0.0;0.2692307692307692
gibran;0.44115713346482577;0.38701298701298703;0.4680397727272727;0.3967280163599182;0.5410036719706243;0.46511627906976744;0.5046728971962616;0.47453703703703703;0.5395894428152492;0.44194107452339687;0.4666666666666667;0.3881578947368421;0.5596707818930041;0.5;0.58;0.3870967741935484;0.09185441941074524;0.19672131147540983;0.75;0.15384615384615385
mahfud;0.32084155161078237;0.17662337662337663;0.32670454545454547;0.310838445807771;0.2607099143206854;0.34689922480620156;0.3364485981308411;0.35185185185185186;0.3020527859237537;0.41074523396880414;0.32592592592592595;0.375;0.2674897119341564;0.1619718309859155;0.2;0.41935483870967744;0.8908145580589255;0.6721311475409836;0.25;0.5769230769230769
