;kompas;tribunnews;cnnindonesia;viva;antaranews;tempo;suara;liputan6;bisnisindonesia;detik;republika;idntimes;jawapos;tvone;sindo;disway;mediaindonesia;tirto;pikiranrakyat;rri;cnbcindonesia;kumparan;metrotv;katadata;kontan;bloombergtechnoz;cna
anies;0.20821114369501467;0.08283132530120482;0.11080332409972299;0.10365853658536585;0.10543130990415335;0.0821529745042493;0.08708708708708708;0.1013215859030837;0.09302325581395349;0.07509881422924901;0.21951219512195122;0.11564625850340136;0.1038961038961039;0.0963855421686747;0.07;0.05555555555555555;0.05747126436781609;0.04819277108433735;0.1;0.07692307692307693;0.01744186046511628;0.05825242718446602;0.04310344827586207;0.015384615384615385;0.0070921985815602835;0.010638297872340425;0.0
prabowo;0.6480938416422287;0.6897590361445783;0.6177285318559557;0.8140243902439024;0.8785942492012779;0.7960339943342776;0.7987987987987988;0.8370044052863436;0.8930232558139535;0.7154150197628458;0.6585365853658537;0.8299319727891157;0.7922077922077922;0.8012048192771084;0.79;0.9141414141414141;0.8275862068965517;0.9216867469879518;0.825;0.8901098901098901;0.9622093023255814;0.8446601941747572;0.896551724137931;0.9538461538461539;0.9929078014184397;0.925531914893617;0.9375
ganjar;0.1436950146627566;0.22740963855421686;0.27146814404432135;0.08231707317073171;0.01597444089456869;0.12181303116147309;0.11411411411411411;0.06167400881057269;0.013953488372093023;0.20948616600790515;0.12195121951219512;0.05442176870748299;0.1038961038961039;0.10240963855421686;0.14;0.030303030303030304;0.11494252873563218;0.030120481927710843;0.075;0.03296703296703297;0.020348837209302327;0.0970873786407767;0.0603448275862069;0.03076923076923077;0.0;0.06382978723404255;0.0625
imin;0.0;0.0;0.0;0.14285714285714285;1.0;0.0;0.0;0.0;;0.0;0.0;0.0;0.0;0.0;0.0;0.0;;0.0;0.0;0.0;0.0;0.0;0.0;0.0;0.0;;
gibran;0.0;0.8;0.0;0.42857142857142855;0.0;0.2857142857142857;0.3333333333333333;0.05555555555555555;;0.0;0.04;0.043478260869565216;1.0;0.1;1.0;1.0;;0.0;0.0;0.0;0.0;0.0;0.0;0.2;1.0;;
mahfud;1.0;0.2;1.0;0.42857142857142855;0.0;0.7142857142857143;0.6666666666666666;0.9444444444444444;;1.0;0.96;0.9565217391304348;0.0;0.9;0.0;0.0;;1.0;1.0;1.0;1.0;1.0;1.0;0.8;0.0;;
