;tribunnews;metrotv;detik;kompas;pikiranrakyat;viva;antaranews;tvone;tempo;jawapos;cnbcindonesia;bisnisindonesia;disway;suara;kumparan;republika;sindo;liputan6;cnnindonesia;detikx
anies;0.2715503631196716;0.6480263157894737;0.23365384615384616;0.27186198691255203;0.3013375295043273;0.26129032258064516;0.23397683397683397;0.3411214953271028;0.27114427860696516;0.23043478260869565;0.3851063829787234;0.2922297297297297;0.47470817120622566;0.33815028901734107;0.34796238244514105;0.26755852842809363;0.05084745762711865;0.20103092783505155;0.17647058823529413;0.16666666666666666
prabowo;0.3602778654878434;0.2138157894736842;0.4221153846153846;0.38072575847709694;0.4555468135326515;0.5685483870967742;0.37142857142857144;0.411214953271028;0.39676616915422885;0.39891304347826084;0.3638297872340426;0.3564189189189189;0.39299610894941633;0.41329479768786126;0.438871473354232;0.5150501672240803;0.0836864406779661;0.3711340206185567;0.5294117647058824;0.5
ganjar;0.368171771392485;0.13815789473684212;0.34423076923076923;0.34741225461035097;0.24311565696302123;0.17016129032258065;0.3945945945945946;0.24766355140186916;0.332089552238806;0.3706521739130435;0.251063829787234;0.35135135135135137;0.13229571984435798;0.24855491329479767;0.21316614420062696;0.21739130434782608;0.8654661016949152;0.42783505154639173;0.29411764705882354;0.3333333333333333
imin;0.22732919254658385;0.4816326530612245;0.20952380952380953;0.32615083251714005;0.26305220883534136;0.17780580075662042;0.17038777908343125;0.18604651162790697;0.16595744680851063;0.18415841584158416;0.22641509433962265;0.21727748691099477;0.32;0.16541353383458646;0.2388888888888889;0.18518518518518517;0.02247191011235955;0.13513513513513514;0.29411764705882354;0.0
gibran;0.44906832298136645;0.3551020408163265;0.482312925170068;0.4015670910871694;0.39759036144578314;0.5598991172761665;0.46298472385428907;0.4806201550387597;0.43829787234042555;0.48514851485148514;0.39622641509433965;0.4424083769633508;0.5333333333333333;0.44360902255639095;0.5555555555555556;0.5343915343915344;0.0898876404494382;0.25675675675675674;0.35294117647058826;0.75
mahfud;0.3236024844720497;0.16326530612244897;0.3081632653061224;0.2722820763956905;0.3393574297188755;0.26229508196721313;0.36662749706227965;0.3333333333333333;0.39574468085106385;0.3306930693069307;0.37735849056603776;0.3403141361256545;0.14666666666666667;0.39097744360902253;0.20555555555555555;0.2804232804232804;0.8876404494382022;0.6081081081081081;0.35294117647058826;0.25
