;tribunnews;metrotv;detik;kompas;viva;jawapos;pikiranrakyat;republika;tempo;bisnisindonesia;tvone;antaranews;cnbcindonesia;kumparan;disway;suara;liputan6;sindo;cnnindonesia;detikx
anies;0.22886375875067314;0.5544388609715243;0.2298050139275766;0.2729857819905213;0.23738872403560832;0.20054570259208732;0.24738675958188153;0.22160148975791433;0.24081632653061225;0.2815533980582524;0.2415902140672783;0.18414918414918416;0.25925925925925924;0.28378378378378377;0.2777777777777778;0.24812030075187969;0.14473684210526316;0.03741496598639456;0.2413793103448276;0.3333333333333333
prabowo;0.4028002154011847;0.23785594639865998;0.45264623955431754;0.3971563981042654;0.4520276953511375;0.34106412005457026;0.42857142857142855;0.5232774674115456;0.42857142857142855;0.3907766990291262;0.41590214067278286;0.3962703962703963;0.43434343434343436;0.47297297297297297;0.3888888888888889;0.39849624060150374;0.37280701754385964;0.06972789115646258;0.5172413793103449;0.6666666666666666
ganjar;0.3683360258481422;0.20770519262981574;0.31754874651810583;0.3298578199052133;0.3105835806132542;0.4583901773533424;0.3240418118466899;0.25512104283054005;0.3306122448979592;0.3276699029126214;0.3425076452599388;0.4195804195804196;0.3063973063973064;0.24324324324324326;0.3333333333333333;0.3533834586466165;0.4824561403508772;0.8928571428571429;0.2413793103448276;0.0
imin;0.14607558139534885;0.3395638629283489;0.19898391193903472;0.22840236686390533;0.17231638418079095;0.14390243902439023;0.13010204081632654;0.1548974943052392;0.13216957605985039;0.17763157894736842;0.1623931623931624;0.09271523178807947;0.24210526315789474;0.17037037037037037;0.1568627450980392;0.10752688172043011;0.09615384615384616;0.028446389496717725;0.17647058823529413;0.0
gibran;0.5581395348837209;0.4953271028037383;0.5182049110922947;0.4485207100591716;0.5141242937853108;0.4317073170731707;0.5586734693877551;0.6241457858769932;0.5835411471321695;0.5098684210526315;0.5213675213675214;0.5066225165562914;0.5368421052631579;0.6370370370370371;0.5294117647058824;0.4731182795698925;0.3942307692307692;0.14660831509846828;0.5;1.0
mahfud;0.29578488372093026;0.16510903426791276;0.28281117696867064;0.3230769230769231;0.3135593220338983;0.424390243902439;0.3112244897959184;0.22095671981776766;0.28428927680798005;0.3125;0.3162393162393162;0.40066225165562913;0.22105263157894736;0.1925925925925926;0.3137254901960784;0.41935483870967744;0.5096153846153846;0.824945295404814;0.3235294117647059;0.0
