;tribunnews;metrotv;detik;kompas;viva;pikiranrakyat;jawapos;tvone;tempo;antaranews;bisnisindonesia;cnbcindonesia;republika;disway;kumparan;suara;sindo;liputan6;cnnindonesia;detikx
anies;0.2710401381096245;0.6666666666666666;0.23024268823895458;0.2904498816101026;0.2831267874165872;0.2650862068965517;0.22493887530562348;0.33406593406593404;0.27256317689530685;0.20523415977961432;0.29494949494949496;0.3716216216216216;0.2875;0.4556213017751479;0.3141025641025641;0.3469387755102041;0.032917139614074914;0.15822784810126583;0.05555555555555555;0.2
prabowo;0.33923176521363835;0.18725099601593626;0.3957685127566895;0.35753749013417524;0.5147759771210677;0.4375;0.36797066014669927;0.4;0.38086642599277976;0.31129476584022037;0.3393939393939394;0.3277027027027027;0.45625;0.3668639053254438;0.44871794871794873;0.4897959183673469;0.06129398410896708;0.3227848101265823;0.4444444444444444;0.4
ganjar;0.38972809667673713;0.1460823373173971;0.37398879900435594;0.35201262825572216;0.2020972354623451;0.2974137931034483;0.4070904645476773;0.26593406593406593;0.34657039711191334;0.4834710743801653;0.3656565656565657;0.30067567567567566;0.25625;0.17751479289940827;0.23717948717948717;0.16326530612244897;0.905788876276958;0.5189873417721519;0.5;0.4
imin;0.2369980250164582;0.4360313315926893;0.2068230277185501;0.2931562819203269;0.1992619926199262;0.188715953307393;0.15917602996254682;0.16129032258064516;0.176056338028169;0.14705882352941177;0.2075;0.23684210526315788;0.1728395061728395;0.3404255319148936;0.2222222222222222;0.1935483870967742;0.017391304347826087;0.13114754098360656;0.2692307692307692;0.0
gibran;0.44305464121132326;0.38642297650130547;0.4662402274342573;0.39427987742594484;0.5399753997539976;0.46303501945525294;0.5037453183520599;0.5366568914956011;0.4694835680751174;0.4429065743944637;0.4675;0.3881578947368421;0.5596707818930041;0.49645390070921985;0.5751633986928104;0.3870967741935484;0.09217391304347826;0.19672131147540983;0.15384615384615385;0.75
mahfud;0.31994733377221857;0.17754569190600522;0.3269367448471926;0.3125638406537283;0.2607626076260763;0.34824902723735407;0.33707865168539325;0.3020527859237537;0.3544600938967136;0.4100346020761246;0.325;0.375;0.2674897119341564;0.16312056737588654;0.20261437908496732;0.41935483870967744;0.8904347826086957;0.6721311475409836;0.5769230769230769;0.25
