;tribunnews;metrotv;detik;kompas;viva;pikiranrakyat;jawapos;tempo;republika;bisnisindonesia;tvone;antaranews;cnbcindonesia;kumparan;disway;suara;liputan6;sindo;cnnindonesia;detikx
anies;0.22815533980582525;0.5631229235880398;0.23157162726008346;0.2755980861244019;0.24203187250996017;0.25894378194207834;0.20026881720430106;0.24948875255623723;0.2239089184060721;0.2846715328467153;0.25077399380804954;0.182648401826484;0.25925925925925924;0.3049645390070922;0.29133858267716534;0.25;0.13839285714285715;0.03685092127303183;0.25;0.3333333333333333
prabowo;0.39913700107874867;0.22757475083056478;0.44506258692628653;0.39330143540669854;0.450199203187251;0.42078364565587734;0.33602150537634407;0.4233128834355828;0.5199240986717267;0.38686131386861317;0.4179566563467492;0.3858447488584475;0.43097643097643096;0.475177304964539;0.3858267716535433;0.4140625;0.3705357142857143;0.06867671691792294;0.5357142857142857;0.6666666666666666
ganjar;0.3727076591154261;0.20930232558139536;0.32336578581363007;0.3311004784688995;0.30776892430278885;0.3202725724020443;0.4637096774193548;0.32719836400818;0.25616698292220114;0.3284671532846715;0.33126934984520123;0.4315068493150685;0.30976430976430974;0.2198581560283688;0.3228346456692913;0.3359375;0.49107142857142855;0.8944723618090452;0.21428571428571427;0.0
imin;0.1509157509157509;0.33860759493670883;0.2059322033898305;0.23747016706443913;0.17207334273624825;0.13493975903614458;0.14216867469879518;0.13554987212276215;0.15777262180974477;0.16611295681063123;0.16666666666666666;0.1;0.25;0.17829457364341086;0.1553398058252427;0.10989010989010989;0.08823529411764706;0.028017241379310345;0.18181818181818182;0.0
gibran;0.5553113553113553;0.4873417721518987;0.5135593220338983;0.43675417661097854;0.5119887165021156;0.5493975903614458;0.43373493975903615;0.5805626598465473;0.6194895591647331;0.5249169435215947;0.5213675213675214;0.4967741935483871;0.5208333333333334;0.6511627906976745;0.5436893203883495;0.46153846153846156;0.37254901960784315;0.14439655172413793;0.45454545454545453;1.0
mahfud;0.2937728937728938;0.17405063291139242;0.2805084745762712;0.32577565632458233;0.3159379407616361;0.3156626506024096;0.42409638554216866;0.28388746803069054;0.22273781902552203;0.3089700996677741;0.31196581196581197;0.4032258064516129;0.22916666666666666;0.17054263565891473;0.30097087378640774;0.42857142857142855;0.5392156862745098;0.8275862068965517;0.36363636363636365;0.0
