;tribunnews;metrotv;detik;kompas;viva;pikiranrakyat;jawapos;tvone;bisnisindonesia;tempo;antaranews;cnbcindonesia;republika;disway;kumparan;suara;sindo;liputan6;cnnindonesia;detikx
anies;0.27137870855148344;0.6614173228346457;0.23100871731008718;0.28784313725490196;0.28450704225352114;0.2623814541622761;0.2193627450980392;0.33184855233853006;0.29494949494949496;0.2641165755919854;0.20113314447592068;0.3698630136986301;0.283987915407855;0.44047619047619047;0.31125827814569534;0.3626373626373626;0.03352601156069364;0.15527950310559005;0.10526315789473684;0.2
prabowo;0.33507853403141363;0.18635170603674542;0.39476961394769616;0.3537254901960784;0.5032863849765258;0.43308746048472074;0.36519607843137253;0.39420935412026725;0.3373737373737374;0.3825136612021858;0.31586402266288954;0.3356164383561644;0.4471299093655589;0.36904761904761907;0.4503311258278146;0.43956043956043955;0.06473988439306358;0.3167701863354037;0.42105263157894735;0.4
ganjar;0.393542757417103;0.15223097112860892;0.3742216687422167;0.35843137254901963;0.21220657276995306;0.30453108535300316;0.41544117647058826;0.2739420935412027;0.36767676767676766;0.3533697632058288;0.4830028328611898;0.2945205479452055;0.2688821752265861;0.19047619047619047;0.23841059602649006;0.1978021978021978;0.9017341040462428;0.5279503105590062;0.47368421052631576;0.4
imin;0.23439575033200533;0.43896103896103894;0.20297029702970298;0.29055441478439425;0.1956521739130435;0.18198874296435272;0.15543071161048688;0.15476190476190477;0.21052631578947367;0.17249417249417248;0.14912280701754385;0.23026315789473684;0.17131474103585656;0.3333333333333333;0.2251655629139073;0.18032786885245902;0.01565217391304348;0.125;0.25925925925925924;0.0
gibran;0.4409030544488712;0.38441558441558443;0.46888260254596886;0.3932238193018481;0.5362318840579711;0.46904315196998125;0.5037453183520599;0.5386904761904762;0.46115288220551376;0.47785547785547783;0.4456140350877193;0.39473684210526316;0.5537848605577689;0.5035460992907801;0.5761589403973509;0.3770491803278688;0.09565217391304348;0.203125;0.18518518518518517;0.75
mahfud;0.3247011952191235;0.17662337662337663;0.32814710042432815;0.3162217659137577;0.26811594202898553;0.34896810506566606;0.3408239700374532;0.30654761904761907;0.3283208020050125;0.34965034965034963;0.4052631578947368;0.375;0.2749003984063745;0.16312056737588654;0.1986754966887417;0.4426229508196721;0.888695652173913;0.671875;0.5555555555555556;0.25
