;pikiranrakyat;metrotv;tribunnews;tvone;tempo;bisnisindonesia;antaranews;kompas;viva;kumparan;detik;jawapos;cnbcindonesia;disway;suara;cnnindonesia;sindo;republika;liputan6;detikx
anies;0.30795610425240055;0.6472602739726028;0.27847049044056527;0.3191489361702128;0.26939843068875324;0.29936305732484075;0.24932735426008967;0.2691190706679574;0.2552742616033755;0.3236641221374046;0.28372739916550765;0.22462787550744248;0.369620253164557;0.4785714285714286;0.29772727272727273;0.3118811881188119;0.04334121355397951;0.28;0.18672199170124482;0.391304347826087
prabowo;0.43415637860082307;0.21575342465753425;0.39900249376558605;0.40522243713733075;0.3905841325196164;0.34394904458598724;0.3695067264573991;0.38334946757018395;0.5654008438818565;0.4366412213740458;0.41307371349095967;0.4059539918809202;0.3924050632911392;0.4;0.42045454545454547;0.400990099009901;0.07249802994483845;0.52;0.34854771784232363;0.34782608695652173
ganjar;0.2578875171467764;0.136986301369863;0.32252701579384874;0.27562862669245647;0.3400174367916303;0.35668789808917195;0.3811659192825112;0.3475314617618587;0.17932489451476794;0.23969465648854962;0.3031988873435327;0.36941813261163736;0.2379746835443038;0.12142857142857143;0.2818181818181818;0.2871287128712871;0.8841607565011821;0.2;0.46473029045643155;0.2608695652173913
imin;0.23868954758190328;0.4793103448275862;0.19411764705882353;0.17700453857791226;0.1553398058252427;0.20294599018003273;0.16853932584269662;0.34623655913978496;0.18322981366459629;0.20302375809935205;0.19727891156462585;0.1872037914691943;0.2360248447204969;0.32142857142857145;0.15343915343915343;0.28061224489795916;0.018915510718789406;0.19083969465648856;0.14563106796116504;0.2222222222222222
gibran;0.42121684867394693;0.36551724137931035;0.43823529411764706;0.5052950075642966;0.47156726768377255;0.4533551554828151;0.48174157303370785;0.37849462365591396;0.5512422360248447;0.593952483801296;0.47619047619047616;0.5;0.40372670807453415;0.5416666666666666;0.4603174603174603;0.40816326530612246;0.08448928121059268;0.5648854961832062;0.2621359223300971;0.5555555555555556
mahfud;0.34009360374414976;0.15517241379310345;0.36764705882352944;0.3177004538577912;0.37309292649098474;0.3436988543371522;0.3497191011235955;0.2752688172043011;0.265527950310559;0.20302375809935205;0.32653061224489793;0.3127962085308057;0.36024844720496896;0.13690476190476192;0.3862433862433862;0.3112244897959184;0.8965952080706179;0.24427480916030533;0.5922330097087378;0.2222222222222222
