;tribunnews;metrotv;detik;kompas;viva;pikiranrakyat;jawapos;tempo;bisnisindonesia;tvone;republika;cnbcindonesia;antaranews;disway;kumparan;suara;sindo;liputan6;cnnindonesia;detikx
anies;0.26152353226589037;0.6219178082191781;0.2364438839848676;0.2834314550042052;0.2672727272727273;0.26385542168674697;0.21608643457382953;0.25650557620817843;0.2817796610169492;0.2914691943127962;0.2699530516431925;0.33650793650793653;0.191699604743083;0.3793103448275862;0.3223684210526316;0.2962962962962963;0.03926701570680628;0.11351351351351352;0.17391304347826086;0.3333333333333333
prabowo;0.3527413876758855;0.2;0.41992433795712486;0.3742640874684609;0.47363636363636363;0.42650602409638555;0.3457382953181273;0.3940520446096654;0.3559322033898305;0.3862559241706161;0.44835680751173707;0.35873015873015873;0.3438735177865613;0.3586206896551724;0.42105263157894735;0.4074074074074074;0.05759162303664921;0.32972972972972975;0.43478260869565216;0.3333333333333333
ganjar;0.38573508005822416;0.1780821917808219;0.34363177805800754;0.3423044575273339;0.2590909090909091;0.3096385542168675;0.4381752701080432;0.34944237918215615;0.3622881355932203;0.3222748815165877;0.28169014084507044;0.3047619047619048;0.4644268774703557;0.2620689655172414;0.2565789473684211;0.2962962962962963;0.9031413612565445;0.5567567567567567;0.391304347826087;0.3333333333333333
imin;0.19612590799031476;0.412751677852349;0.2052980132450331;0.26985981308411217;0.1868421052631579;0.14166666666666666;0.1515837104072398;0.15151515151515152;0.16927899686520376;0.1474820143884892;0.1918238993710692;0.23529411764705882;0.11232876712328767;0.24752475247524752;0.171875;0.1509433962264151;0.024208566108007448;0.1267605633802817;0.3333333333333333;0.0
gibran;0.48668280871670705;0.4261744966442953;0.478476821192053;0.397196261682243;0.5197368421052632;0.5020833333333333;0.43891402714932126;0.5344352617079889;0.47962382445141066;0.539568345323741;0.5471698113207547;0.4852941176470588;0.473972602739726;0.5445544554455446;0.6328125;0.4339622641509434;0.08379888268156424;0.22535211267605634;0.2222222222222222;1.0
mahfud;0.3171912832929782;0.1610738255033557;0.3162251655629139;0.33294392523364486;0.29342105263157897;0.35625;0.4095022624434389;0.3140495867768595;0.3510971786833856;0.3129496402877698;0.2610062893081761;0.27941176470588236;0.4136986301369863;0.2079207920792079;0.1953125;0.41509433962264153;0.8919925512104283;0.647887323943662;0.4444444444444444;0.0
