;tribunnews;metrotv;detik;kompas;viva;pikiranrakyat;jawapos;tempo;bisnisindonesia;republika;tvone;antaranews;cnbcindonesia;kumparan;disway;suara;liputan6;sindo;cnnindonesia;detikx
anies;0.23519736842105263;0.5742904841402338;0.23092926490984744;0.2759615384615385;0.24875124875124874;0.26578073089701;0.205607476635514;0.2606924643584521;0.290167865707434;0.22879684418145957;0.2652439024390244;0.18805309734513273;0.26174496644295303;0.30434782608695654;0.3228346456692913;0.24793388429752067;0.13425925925925927;0.03542673107890499;0.25;0.5
prabowo;0.3958333333333333;0.22036727879799667;0.44105409153952846;0.3951923076923077;0.45054945054945056;0.4152823920265781;0.3364485981308411;0.4154786150712831;0.38848920863309355;0.5128205128205128;0.40853658536585363;0.37610619469026546;0.4261744966442953;0.4855072463768116;0.3858267716535433;0.4214876033057851;0.37037037037037035;0.0644122383252818;0.5357142857142857;0.5
ganjar;0.36896929824561403;0.20534223706176963;0.32801664355062415;0.32884615384615384;0.3006993006993007;0.31893687707641194;0.45794392523364486;0.32382892057026474;0.3213429256594724;0.2583826429980276;0.32621951219512196;0.4358407079646018;0.31208053691275167;0.21014492753623187;0.29133858267716534;0.3305785123966942;0.49537037037037035;0.9001610305958132;0.21428571428571427;0.0
imin;0.15880149812734082;0.34415584415584416;0.21142369991474852;0.24494649227110582;0.17721518987341772;0.1378504672897196;0.14388489208633093;0.13846153846153847;0.16129032258064516;0.1543942992874109;0.15966386554621848;0.109717868338558;0.24210526315789474;0.17054263565891473;0.1941747572815534;0.10975609756097561;0.0967741935483871;0.028017241379310345;0.2;0.0
gibran;0.5565543071161049;0.4837662337662338;0.5089514066496164;0.43757431629013077;0.5147679324894515;0.5490654205607477;0.4460431654676259;0.5743589743589743;0.535483870967742;0.6199524940617577;0.5252100840336135;0.48589341692789967;0.5263157894736842;0.6589147286821705;0.5533980582524272;0.47560975609756095;0.3655913978494624;0.1400862068965517;0.42857142857142855;1.0
mahfud;0.2846441947565543;0.17207792207792208;0.2796248934356351;0.31747919143876335;0.3080168776371308;0.3130841121495327;0.41007194244604317;0.28717948717948716;0.3032258064516129;0.22565320665083136;0.31512605042016806;0.4043887147335423;0.23157894736842105;0.17054263565891473;0.2524271844660194;0.4146341463414634;0.5376344086021505;0.8318965517241379;0.37142857142857144;0.0
