;tribunnews;metrotv;detik;kompas;viva;pikiranrakyat;jawapos;tvone;antaranews;tempo;bisnisindonesia;cnbcindonesia;republika;disway;kumparan;suara;sindo;liputan6;detikx;cnnindonesia
anies;0.26630206142196045;0.6767015706806283;0.2246153846153846;0.28436763550667715;0.28205128205128205;0.26218097447795824;0.22611850060459493;0.351129363449692;0.1938168846611177;0.26371681415929205;0.29568788501026694;0.39403973509933776;0.27208480565371024;0.46107784431137727;0.3389830508474576;0.36538461538461536;0.034103410341034104;0.13836477987421383;0.2;0.0
prabowo;0.33613798906184267;0.1806282722513089;0.40184615384615385;0.35899450117831894;0.5308641975308642;0.4385150812064965;0.37968561064087064;0.39835728952772076;0.33650416171224734;0.4;0.3408624229979466;0.31125827814569534;0.4734982332155477;0.3592814371257485;0.4406779661016949;0.5096153846153846;0.058305830583058306;0.3710691823899371;0.4;0.42857142857142855
ganjar;0.3975599495161969;0.14267015706806283;0.37353846153846154;0.3566378633150039;0.18708452041785376;0.29930394431554525;0.3941958887545345;0.25051334702258726;0.469678953626635;0.336283185840708;0.36344969199178645;0.2947019867549669;0.254416961130742;0.17964071856287425;0.22033898305084745;0.125;0.9075907590759076;0.49056603773584906;0.4;0.5714285714285714
imin;0.23818897637795275;0.457002457002457;0.21433542101600556;0.29891838741396265;0.195416164053076;0.19574468085106383;0.17537313432835822;0.18498659517426275;0.1549079754601227;0.17123287671232876;0.21144278606965175;0.23870967741935484;0.16129032258064516;0.35251798561151076;0.23417721518987342;0.2033898305084746;0.01903114186851211;0.11864406779661017;0.0;0.25
gibran;0.442257217847769;0.371007371007371;0.4711203897007655;0.4031465093411996;0.5512665862484921;0.4425531914893617;0.503731343283582;0.514745308310992;0.4601226993865031;0.4794520547945205;0.46766169154228854;0.3870967741935484;0.5622119815668203;0.48201438848920863;0.569620253164557;0.3728813559322034;0.08823529411764706;0.22033898305084745;0.75;0.16666666666666666
mahfud;0.3195538057742782;0.171990171990172;0.31454418928322897;0.29793510324483774;0.25331724969843183;0.3617021276595745;0.3208955223880597;0.3002680965147453;0.38496932515337423;0.3493150684931507;0.3208955223880597;0.3741935483870968;0.2764976958525346;0.16546762589928057;0.1962025316455696;0.423728813559322;0.8927335640138409;0.6610169491525424;0.25;0.5833333333333334
