;tribunnews;metrotv;detik;kompas;viva;pikiranrakyat;jawapos;antaranews;tvone;tempo;bisnisindonesia;cnbcindonesia;disway;republika;kumparan;suara;sindo;liputan6;detikx;cnnindonesia
anies;0.2627049180327869;0.686046511627907;0.22135572885422916;0.27679259830377795;0.28474903474903474;0.2654320987654321;0.21682464454976302;0.2013274336283186;0.32495164410058025;0.25689655172413794;0.2948453608247423;0.4006514657980456;0.4634146341463415;0.2730627306273063;0.33663366336633666;0.3425925925925926;0.031016042780748664;0.14705882352941177;0.2;0.0
prabowo;0.32704918032786884;0.17054263565891473;0.39592081583683264;0.35851966075558983;0.5308880308880309;0.43209876543209874;0.37203791469194314;0.33517699115044247;0.41005802707930367;0.3810344827586207;0.3422680412371134;0.2931596091205212;0.3719512195121951;0.47601476014760147;0.4207920792079208;0.48148148148148145;0.05026737967914439;0.35294117647058826;0.4;0.45454545454545453
ganjar;0.41024590163934427;0.1434108527131783;0.3827234553089382;0.3646877409406322;0.18436293436293436;0.30246913580246915;0.41113744075829384;0.46349557522123896;0.26499032882011603;0.3620689655172414;0.3628865979381443;0.30618892508143325;0.16463414634146342;0.25092250922509224;0.24257425742574257;0.17592592592592593;0.9187165775401069;0.5;0.4;0.5454545454545454
imin;0.2356687898089172;0.4701670644391408;0.21798365122615804;0.3096153846153846;0.19494584837545126;0.19777777777777777;0.18392857142857144;0.1649928263988522;0.17875647668393782;0.1570796460176991;0.21271393643031786;0.23076923076923078;0.3586206896551724;0.17307692307692307;0.2261904761904762;0.20634920634920634;0.016835016835016835;0.12121212121212122;0.0;0.2857142857142857
gibran;0.4394904458598726;0.3532219570405728;0.473433242506812;0.4028846153846154;0.5487364620938628;0.43555555555555553;0.4857142857142857;0.4634146341463415;0.5181347150259067;0.4690265486725664;0.46454767726161367;0.40384615384615385;0.47586206896551725;0.5480769230769231;0.5714285714285714;0.3492063492063492;0.07912457912457913;0.18181818181818182;0.75;0.19047619047619047
mahfud;0.3248407643312102;0.1766109785202864;0.30858310626702995;0.2875;0.2563176895306859;0.36666666666666664;0.33035714285714285;0.3715925394548063;0.30310880829015546;0.37389380530973454;0.32273838630806845;0.36538461538461536;0.16551724137931034;0.27884615384615385;0.20238095238095238;0.4444444444444444;0.9040404040404041;0.696969696969697;0.25;0.5238095238095238
