;tribunnews;metrotv;detik;kompas;viva;pikiranrakyat;jawapos;tempo;bisnisindonesia;republika;tvone;antaranews;cnbcindonesia;disway;kumparan;suara;liputan6;sindo;cnnindonesia;detikx
anies;0.23658269441401972;0.5888157894736842;0.2326388888888889;0.28066914498141265;0.25127161749745675;0.26644736842105265;0.2080536912751678;0.2600806451612903;0.28028503562945367;0.23155737704918034;0.27647058823529413;0.1839323467230444;0.25412541254125415;0.3230769230769231;0.3088235294117647;0.2605042016806723;0.1339712918660287;0.03484848484848485;0.25925925925925924;0.0
prabowo;0.3855421686746988;0.21052631578947367;0.4326388888888889;0.3847583643122677;0.4547304170905392;0.4029605263157895;0.3302013422818792;0.41330645161290325;0.3824228028503563;0.5020491803278688;0.3941176470588235;0.35306553911205074;0.41914191419141916;0.3923076923076923;0.49264705882352944;0.40336134453781514;0.35406698564593303;0.06363636363636363;0.5185185185185185;1.0
ganjar;0.3778751369112815;0.20065789473684212;0.3347222222222222;0.3345724907063197;0.29399796541200407;0.3305921052631579;0.46174496644295304;0.32661290322580644;0.33729216152019004;0.26639344262295084;0.32941176470588235;0.4630021141649049;0.32673267326732675;0.2846153846153846;0.19852941176470587;0.33613445378151263;0.5119617224880383;0.9015151515151515;0.2222222222222222;0.0
imin;0.16475095785440613;0.3511705685618729;0.2168256721595837;0.24468085106382978;0.17862165963431786;0.13288288288288289;0.1466992665036675;0.14540816326530612;0.16025641025641027;0.15763546798029557;0.1625;0.12158054711246201;0.2;0.21153846153846154;0.171875;0.10810810810810811;0.0989010989010989;0.027837259100642397;0.21212121212121213;0.0
gibran;0.5440613026819924;0.4782608695652174;0.5082393755420642;0.43380614657210403;0.5203938115330521;0.5540540540540541;0.44254278728606355;0.5714285714285714;0.532051282051282;0.6108374384236454;0.5291666666666667;0.47112462006079026;0.5411764705882353;0.5480769230769231;0.6640625;0.44594594594594594;0.34065934065934067;0.14132762312633834;0.3939393939393939;1.0
mahfud;0.29118773946360155;0.1705685618729097;0.27493495229835213;0.3215130023640662;0.3009845288326301;0.3130630630630631;0.41075794621026895;0.28316326530612246;0.3076923076923077;0.2315270935960591;0.30833333333333335;0.4072948328267477;0.25882352941176473;0.2403846153846154;0.1640625;0.44594594594594594;0.5604395604395604;0.8308351177730193;0.3939393939393939;0.0
