;tribunnews;metrotv;detik;kompas;viva;pikiranrakyat;antaranews;jawapos;tvone;tempo;bisnisindonesia;cnbcindonesia;disway;kumparan;republika;sindo;suara;liputan6;detikx;cnnindonesia
anies;0.26471663619744057;0.6628041714947857;0.2148626817447496;0.2567849686847599;0.2643884892086331;0.28454452405322417;0.2088888888888889;0.20951302378255945;0.3296500920810313;0.25226586102719034;0.29678638941398866;0.3862433862433862;0.47549019607843135;0.34701492537313433;0.23754789272030652;0.04096638655462185;0.3541666666666667;0.12962962962962962;0.25;0.0
prabowo;0.3506398537477148;0.18771726535341832;0.42164781906300486;0.37856645789839943;0.5629496402877698;0.44114636642784033;0.36;0.3941109852774632;0.4106813996316759;0.3685800604229607;0.3572778827977316;0.328042328042328;0.38235294117647056;0.43656716417910446;0.5095785440613027;0.07563025210084033;0.4791666666666667;0.36419753086419754;0.25;0.5833333333333334
ganjar;0.3846435100548446;0.14947856315179606;0.36348949919224555;0.36464857341684065;0.17266187050359713;0.2743091095189355;0.4311111111111111;0.39637599093997733;0.2596685082872928;0.37915407854984895;0.34593572778827975;0.2857142857142857;0.14215686274509803;0.21641791044776118;0.25287356321839083;0.8834033613445378;0.16666666666666666;0.5061728395061729;0.5;0.4166666666666667
imin;0.234016139044072;0.4652631578947368;0.22593582887700533;0.30956848030018763;0.1871275327771156;0.23311546840958605;0.17803030303030304;0.17550274223034734;0.18947368421052632;0.16108786610878661;0.21291866028708134;0.21739130434782608;0.33557046979865773;0.21311475409836064;0.16923076923076924;0.017828200972447326;0.20754716981132076;0.16883116883116883;0.0;0.3157894736842105
gibran;0.4587212911235258;0.37894736842105264;0.47927807486631013;0.4090056285178236;0.564958283671037;0.42483660130718953;0.4621212121212121;0.5027422303473492;0.5;0.4497907949790795;0.47129186602870815;0.40372670807453415;0.5167785234899329;0.5683060109289617;0.5384615384615384;0.08914100486223663;0.32075471698113206;0.22077922077922077;0.6666666666666666;0.21052631578947367
mahfud;0.30726256983240224;0.15578947368421053;0.2947860962566845;0.28142589118198874;0.24791418355184744;0.3420479302832244;0.35984848484848486;0.3217550274223035;0.3105263157894737;0.3891213389121339;0.3157894736842105;0.37888198757763975;0.1476510067114094;0.2185792349726776;0.2923076923076923;0.893030794165316;0.4716981132075472;0.6103896103896104;0.3333333333333333;0.47368421052631576
