;tribunnews;metrotv;detik;kompas;pikiranrakyat;viva;antaranews;tempo;tvone;jawapos;cnbcindonesia;bisnisindonesia;disway;kumparan;suara;republika;sindo;liputan6;cnnindonesia;detikx
anies;0.2697704081632653;0.6405375139977604;0.23237724842002916;0.26833740831295844;0.299601593625498;0.26251025430680885;0.22535211267605634;0.27388535031847133;0.3408;0.22185430463576158;0.3870967741935484;0.2910958904109589;0.4782608695652174;0.34838709677419355;0.3450479233226837;0.26973684210526316;0.04919786096256684;0.18181818181818182;0.17647058823529413;0.16666666666666666
prabowo;0.36192602040816324;0.21948488241881298;0.42489061740398637;0.38141809290953543;0.4541832669322709;0.5726004922067268;0.37871674491392804;0.3923566878980892;0.4064;0.40286975717439294;0.3655913978494624;0.3544520547945205;0.38735177865612647;0.44193548387096776;0.41214057507987223;0.5032894736842105;0.08449197860962566;0.37433155080213903;0.5294117647058824;0.5
ganjar;0.36830357142857145;0.13997760358342665;0.34273213417598447;0.35024449877750613;0.24621513944223108;0.16488925348646433;0.39593114241001565;0.33375796178343947;0.2528;0.37527593818984545;0.24731182795698925;0.3544520547945205;0.13438735177865613;0.20967741935483872;0.24281150159744408;0.22697368421052633;0.8663101604278075;0.44385026737967914;0.29411764705882354;0.3333333333333333
imin;0.22789539227895392;0.4733606557377049;0.20944558521560575;0.32770605759682225;0.26380368098159507;0.1861635220125786;0.1690307328605201;0.16594827586206898;0.18586387434554974;0.18181818181818182;0.2229299363057325;0.21705426356589147;0.32653061224489793;0.23595505617977527;0.17886178861788618;0.18518518518518517;0.020833333333333332;0.14473684210526316;0.29411764705882354;0.0
gibran;0.45454545454545453;0.36270491803278687;0.4791238877481177;0.39821251241310823;0.3987730061349693;0.5610062893081761;0.466903073286052;0.44396551724137934;0.4790575916230366;0.48936170212765956;0.39490445859872614;0.4418604651162791;0.5306122448979592;0.5561797752808989;0.4146341463414634;0.5291005291005291;0.08814102564102565;0.23684210526315788;0.35294117647058826;0.75
mahfud;0.3175591531755915;0.16393442622950818;0.31143052703627655;0.2740814299900695;0.3374233128834356;0.2528301886792453;0.3640661938534279;0.3900862068965517;0.33507853403141363;0.3288201160541586;0.3821656050955414;0.34108527131782945;0.14285714285714285;0.20786516853932585;0.4065040650406504;0.2857142857142857;0.8910256410256411;0.618421052631579;0.35294117647058826;0.25
