;tribunnews;metrotv;detik;kompas;viva;pikiranrakyat;jawapos;tvone;bisnisindonesia;tempo;antaranews;cnbcindonesia;republika;disway;kumparan;suara;sindo;liputan6;cnnindonesia;detikx
anies;0.26669557675628797;0.6544021024967148;0.23565323565323565;0.2789432789432789;0.2821461609620722;0.2614445574771109;0.21497584541062803;0.3159041394335512;0.2857142857142857;0.2558983666061706;0.19247467438494936;0.3741496598639456;0.2840909090909091;0.43452380952380953;0.30128205128205127;0.35106382978723405;0.03368176538908246;0.14942528735632185;0.1111111111111111;0.2
prabowo;0.3369470945359931;0.18922470433639949;0.39377289377289376;0.3605283605283605;0.5023126734505088;0.4333672431332655;0.3719806763285024;0.40522875816993464;0.3420523138832998;0.397459165154265;0.32127351664254705;0.336734693877551;0.4403409090909091;0.375;0.46153846153846156;0.44680851063829785;0.06504065040650407;0.3333333333333333;0.4444444444444444;0.4
ganjar;0.396357328707719;0.15637319316688567;0.3705738705738706;0.3605283605283605;0.21554116558741906;0.3051881993896236;0.41304347826086957;0.2788671023965142;0.3722334004024145;0.3466424682395644;0.48625180897250364;0.2891156462585034;0.2755681818181818;0.19047619047619047;0.23717948717948717;0.20212765957446807;0.9012775842044135;0.5172413793103449;0.4444444444444444;0.4
imin;0.2290689886135298;0.4323607427055703;0.19744318181818182;0.28082901554404144;0.19559902200489;0.1809872029250457;0.15384615384615385;0.14759036144578314;0.20308483290488433;0.15602836879432624;0.14642857142857144;0.23448275862068965;0.17120622568093385;0.33093525179856115;0.20279720279720279;0.1864406779661017;0.017513134851138354;0.13432835820895522;0.23076923076923078;0.0
gibran;0.4407233757535164;0.38461538461538464;0.4694602272727273;0.39585492227979274;0.5317848410757946;0.46983546617915906;0.50093808630394;0.536144578313253;0.45758354755784064;0.48936170212765956;0.44642857142857145;0.38620689655172413;0.5447470817120622;0.5035971223021583;0.6013986013986014;0.3898305084745763;0.0893169877408056;0.19402985074626866;0.19230769230769232;0.75
mahfud;0.3302076356329538;0.1830238726790451;0.3330965909090909;0.3233160621761658;0.2726161369193154;0.3491773308957952;0.3452157598499062;0.31626506024096385;0.3393316195372751;0.3546099290780142;0.40714285714285714;0.3793103448275862;0.2840466926070039;0.16546762589928057;0.1958041958041958;0.423728813559322;0.8931698774080561;0.6716417910447762;0.5769230769230769;0.25
