;tribunnews;metrotv;detik;kompas;viva;pikiranrakyat;jawapos;tvone;antaranews;tempo;bisnisindonesia;cnbcindonesia;disway;republika;kumparan;suara;sindo;liputan6;detikx;cnnindonesia
anies;0.26622017580577645;0.6792207792207792;0.2245398773006135;0.2859375;0.2831267874165872;0.2627906976744186;0.22382671480144403;0.35330578512396693;0.19813519813519814;0.2671353251318102;0.2975206611570248;0.3954248366013072;0.46107784431137727;0.26855123674911663;0.3407821229050279;0.36893203883495146;0.03421633554083885;0.14285714285714285;0.2;0.0
prabowo;0.336123901213897;0.17792207792207793;0.401840490797546;0.35859375;0.5338417540514776;0.43953488372093025;0.381468110709988;0.3987603305785124;0.3368298368298368;0.3989455184534271;0.3450413223140496;0.3104575163398693;0.3592814371257485;0.4734982332155477;0.43575418994413406;0.5145631067961165;0.05849889624724062;0.37267080745341613;0.4;0.4166666666666667
ganjar;0.3976559229803265;0.14285714285714285;0.3736196319018405;0.35546875;0.18303145853193517;0.29767441860465116;0.394705174488568;0.24793388429752067;0.46503496503496505;0.3339191564147627;0.3574380165289256;0.29411764705882354;0.17964071856287425;0.2579505300353357;0.22346368715083798;0.11650485436893204;0.9072847682119205;0.484472049689441;0.4;0.5833333333333334
imin;0.23821820529373788;0.4576271186440678;0.21823204419889503;0.30116959064327486;0.19662243667068757;0.19658119658119658;0.1756007393715342;0.18867924528301888;0.15892053973013492;0.17084282460136674;0.2119700748129676;0.24025974025974026;0.35714285714285715;0.1588785046728972;0.22981366459627328;0.20689655172413793;0.019130434782608695;0.11864406779661017;0.0;0.25
gibran;0.44286636539703034;0.36803874092009686;0.4744475138121547;0.4044834307992203;0.5536791314837153;0.4423076923076923;0.5064695009242144;0.5148247978436657;0.46326836581709147;0.4806378132118451;0.47381546134663344;0.38311688311688313;0.4785714285714286;0.5654205607476636;0.577639751552795;0.39655172413793105;0.08695652173913043;0.22033898305084745;0.75;0.16666666666666666
mahfud;0.3189154293092318;0.17433414043583534;0.30732044198895025;0.29434697855750486;0.24969843184559712;0.3611111111111111;0.3179297597042514;0.29649595687331537;0.3778110944527736;0.34851936218678814;0.314214463840399;0.37662337662337664;0.16428571428571428;0.2757009345794392;0.19254658385093168;0.39655172413793105;0.8939130434782608;0.6610169491525424;0.25;0.5833333333333334
