;tribunnews;metrotv;detik;kompas;viva;pikiranrakyat;jawapos;tempo;bisnisindonesia;republika;tvone;antaranews;cnbcindonesia;kumparan;disway;suara;liputan6;sindo;cnnindonesia;detikx
anies;0.2371584699453552;0.5843071786310517;0.23173277661795408;0.2803030303030303;0.25;0.26461038961038963;0.20588235294117646;0.26024590163934425;0.2833333333333333;0.23061224489795917;0.27627627627627627;0.19047619047619047;0.2558922558922559;0.3037037037037037;0.3203125;0.2627118644067797;0.13270142180094788;0.03571428571428571;0.25925925925925924;0.0
prabowo;0.38688524590163936;0.21368948247078465;0.4349338900487126;0.38920454545454547;0.45463709677419356;0.4090909090909091;0.33288770053475936;0.4139344262295082;0.38571428571428573;0.5061224489795918;0.3993993993993994;0.3658008658008658;0.4276094276094276;0.4962962962962963;0.390625;0.4067796610169492;0.36492890995260663;0.06521739130434782;0.5185185185185185;1.0
ganjar;0.37595628415300547;0.2020033388981636;0.3333333333333333;0.33049242424242425;0.29536290322580644;0.3262987012987013;0.4612299465240642;0.32581967213114754;0.33095238095238094;0.26326530612244897;0.32432432432432434;0.44372294372294374;0.3164983164983165;0.2;0.2890625;0.3305084745762712;0.5023696682464455;0.8990683229813664;0.2222222222222222;0.0
imin;0.16289592760180996;0.3554817275747508;0.21607605877268798;0.24793388429752067;0.18156424581005587;0.1340909090909091;0.14527845036319612;0.14025974025974025;0.1592356687898089;0.15776699029126215;0.16666666666666666;0.11214953271028037;0.2;0.171875;0.20588235294117646;0.12;0.10526315789473684;0.02795698924731183;0.20588235294117646;0.0
gibran;0.5467571644042232;0.4750830564784053;0.5082108902333622;0.4332939787485242;0.5167597765363129;0.5477272727272727;0.44552058111380144;0.5714285714285714;0.5382165605095541;0.6092233009708737;0.5208333333333334;0.4797507788161994;0.5529411764705883;0.6640625;0.5490196078431373;0.44;0.3473684210526316;0.14408602150537633;0.4117647058823529;1.0
mahfud;0.29034690799396684;0.16943521594684385;0.2757130509939499;0.3187721369539551;0.3016759776536313;0.3181818181818182;0.4092009685230024;0.2883116883116883;0.30254777070063693;0.23300970873786409;0.3125;0.40809968847352024;0.24705882352941178;0.1640625;0.24509803921568626;0.44;0.5473684210526316;0.8279569892473119;0.38235294117647056;0.0
