;tribunnews;metrotv;detik;kompas;viva;pikiranrakyat;antaranews;tvone;jawapos;tempo;bisnisindonesia;cnbcindonesia;kumparan;disway;republika;suara;sindo;liputan6;detikx;cnnindonesia
anies;0.2637534139680062;0.6836734693877551;0.21018354055654234;0.2513167795334838;0.2745861733203505;0.26968973747016706;0.19129554655870445;0.32625482625482627;0.19557195571955718;0.23905723905723905;0.2927835051546392;0.3992932862190813;0.3404255319148936;0.4634146341463415;0.24696356275303644;0.3469387755102041;0.03380588876772083;0.12121212121212122;0.25;0.0
prabowo;0.3374951229028482;0.17346938775510204;0.40970988750740084;0.3732129420617005;0.555014605647517;0.4307875894988067;0.3603238866396761;0.40733590733590735;0.3886838868388684;0.3686868686868687;0.3463917525773196;0.28975265017667845;0.425531914893617;0.38414634146341464;0.5060728744939271;0.47959183673469385;0.05561613958560523;0.36363636363636365;0.25;0.4444444444444444
ganjar;0.39875146312914556;0.14285714285714285;0.38010657193605685;0.37547027840481567;0.17039922103213243;0.29952267303102625;0.4483805668016194;0.26640926640926643;0.4157441574415744;0.39225589225589225;0.36082474226804123;0.31095406360424027;0.23404255319148937;0.1524390243902439;0.24696356275303644;0.17346938775510204;0.910577971646674;0.5151515151515151;0.5;0.5555555555555556
imin;0.23447015834348356;0.4463157894736842;0.22787318361955086;0.30776255707762556;0.1979045401629802;0.22340425531914893;0.1792573623559539;0.18441558441558442;0.18198198198198198;0.15598290598290598;0.21809744779582366;0.2236024844720497;0.23369565217391305;0.3310810810810811;0.17412935323383086;0.22413793103448276;0.017973856209150325;0.125;0.0;0.3
gibran;0.4524969549330085;0.391578947368421;0.47291941875825627;0.4091324200913242;0.5576251455180442;0.4297872340425532;0.4686299615877081;0.5064935064935064;0.4990990990990991;0.46153846153846156;0.46635730858468677;0.40993788819875776;0.5597826086956522;0.527027027027027;0.5422885572139303;0.3103448275862069;0.08333333333333333;0.225;0.6666666666666666;0.25
mahfud;0.31303288672350793;0.16210526315789472;0.29920739762219284;0.2831050228310502;0.24447031431897556;0.3468085106382979;0.352112676056338;0.3090909090909091;0.31891891891891894;0.38247863247863245;0.31554524361948955;0.36645962732919257;0.20652173913043478;0.14189189189189189;0.2835820895522388;0.46551724137931033;0.8986928104575164;0.65;0.3333333333333333;0.45
