;tribunnews;metrotv;detik;kompas;viva;pikiranrakyat;jawapos;tvone;bisnisindonesia;tempo;antaranews;cnbcindonesia;republika;disway;kumparan;suara;sindo;liputan6;cnnindonesia;detikx
anies;0.27209403569873747;0.6609724047306176;0.23129675810473815;0.289204097714736;0.2850423330197554;0.2626582278481013;0.2196319018404908;0.3325892857142857;0.2931726907630522;0.2641165755919854;0.20113314447592068;0.3698630136986301;0.2818181818181818;0.44047619047619047;0.31333333333333335;0.36666666666666664;0.03341013824884793;0.15527950310559005;0.10526315789473684;0.2
prabowo;0.3343491510666086;0.18659658344283836;0.3946384039900249;0.355397951142632;0.5051740357478833;0.43354430379746833;0.3656441717791411;0.3950892857142857;0.3373493975903614;0.3825136612021858;0.31586402266288954;0.3356164383561644;0.4484848484848485;0.36904761904761907;0.4533333333333333;0.4444444444444444;0.06451612903225806;0.3167701863354037;0.42105263157894735;0.4
ganjar;0.3935568132346539;0.15243101182654403;0.3740648379052369;0.355397951142632;0.20978363123236124;0.3037974683544304;0.4147239263803681;0.27232142857142855;0.36947791164658633;0.3533697632058288;0.4830028328611898;0.2945205479452055;0.2696969696969697;0.19047619047619047;0.23333333333333334;0.18888888888888888;0.902073732718894;0.5279503105590062;0.47368421052631576;0.4
imin;0.23576158940397351;0.43896103896103894;0.20311394196744514;0.2918807810894142;0.19588875453446192;0.18198874296435272;0.15858208955223882;0.15542521994134897;0.20947630922693267;0.17249417249417248;0.14834205933682373;0.23026315789473684;0.168;0.3333333333333333;0.2251655629139073;0.18032786885245902;0.01559792027729636;0.125;0.25925925925925924;0.0
gibran;0.44039735099337746;0.38441558441558443;0.4692144373673036;0.3936279547790339;0.5368802902055623;0.46904315196998125;0.5018656716417911;0.5395894428152492;0.4613466334164589;0.47785547785547783;0.44502617801047123;0.39473684210526316;0.556;0.5035460992907801;0.5761589403973509;0.3770491803278688;0.09532062391681109;0.203125;0.18518518518518517;0.75
mahfud;0.32384105960264903;0.17662337662337663;0.32767162066525124;0.31449126413155193;0.2672309552599758;0.34896810506566606;0.33955223880597013;0.30498533724340177;0.32917705735660846;0.34965034965034963;0.40663176265270506;0.375;0.276;0.16312056737588654;0.1986754966887417;0.4426229508196721;0.8890814558058926;0.671875;0.5555555555555556;0.25
