;tribunnews;metrotv;detik;kompas;viva;pikiranrakyat;jawapos;tempo;tvone;bisnisindonesia;cnbcindonesia;antaranews;republika;disway;kumparan;suara;sindo;liputan6;cnnindonesia;detikx
anies;0.26582867783985104;0.6253369272237197;0.23845193508114856;0.27906976744186046;0.27380952380952384;0.27242152466367714;0.22275449101796407;0.26277372262773724;0.3131991051454139;0.2830957230142566;0.3442622950819672;0.19553072625698323;0.2607594936708861;0.425531914893617;0.3197278911564626;0.30357142857142855;0.03875;0.12352941176470589;0.09523809523809523;0.3333333333333333
prabowo;0.3398510242085661;0.20350404312668463;0.40886392009987516;0.3656776263031275;0.48534798534798534;0.42376681614349776;0.3461077844311377;0.3905109489051095;0.378076062639821;0.35030549898167007;0.3639344262295082;0.32774674115456237;0.44050632911392407;0.3546099290780142;0.41496598639455784;0.41964285714285715;0.05375;0.35294117647058826;0.47619047619047616;0.3333333333333333
ganjar;0.39432029795158285;0.1711590296495957;0.35268414481897625;0.35525260625501204;0.24084249084249085;0.3038116591928251;0.4311377245508982;0.3467153284671533;0.3087248322147651;0.3665987780040733;0.29180327868852457;0.4767225325884544;0.29873417721518986;0.2198581560283688;0.2653061224489796;0.2767857142857143;0.9075;0.5235294117647059;0.42857142857142855;0.3333333333333333
imin;0.20471161657189277;0.41233766233766234;0.2059800664451827;0.26851851851851855;0.18133333333333335;0.1596806387225549;0.1580135440180587;0.15193370165745856;0.14705882352941177;0.16927899686520376;0.25675675675675674;0.112;0.17406143344709898;0.29473684210526313;0.16666666666666666;0.1509433962264151;0.02462121212121212;0.12307692307692308;0.23076923076923078;0.0
gibran;0.45978878960194963;0.42207792207792205;0.45514950166112955;0.38773148148148145;0.528;0.47305389221556887;0.44469525959367945;0.5276243093922652;0.5257352941176471;0.4702194357366771;0.43243243243243246;0.4613333333333333;0.5324232081911263;0.5263157894736842;0.6166666666666667;0.39622641509433965;0.07765151515151515;0.23076923076923078;0.23076923076923078;1.0
mahfud;0.33549959382615757;0.16558441558441558;0.3388704318936877;0.34375;0.2906666666666667;0.36726546906187624;0.3972911963882618;0.32044198895027626;0.3272058823529412;0.3605015673981191;0.3108108108108108;0.4266666666666667;0.2935153583617747;0.17894736842105263;0.21666666666666667;0.4528301886792453;0.8977272727272727;0.6461538461538462;0.5384615384615384;0.0
