;tribunnews;metrotv;detik;kompas;viva;jawapos;pikiranrakyat;republika;tempo;bisnisindonesia;tvone;antaranews;cnbcindonesia;kumparan;disway;suara;liputan6;sindo;cnnindonesia;detikx
anies;0.228617536309844;0.5568561872909699;0.22948539638386647;0.2718631178707224;0.23715415019762845;0.2;0.24869565217391304;0.2209737827715356;0.24081632653061225;0.2815533980582524;0.24539877300613497;0.18457943925233644;0.25838926174496646;0.2827586206896552;0.2777777777777778;0.24812030075187969;0.13839285714285715;0.03697478991596639;0.25;0.3333333333333333
prabowo;0.40236686390532544;0.23578595317725753;0.4520166898470097;0.3982889733840304;0.4505928853754941;0.3410958904109589;0.42782608695652175;0.5224719101123596;0.42857142857142855;0.3907766990291262;0.41411042944785276;0.397196261682243;0.436241610738255;0.47586206896551725;0.3888888888888889;0.39849624060150374;0.375;0.06890756302521009;0.5357142857142857;0.6666666666666666
ganjar;0.36901559978483056;0.20735785953177258;0.3184979137691238;0.32984790874524716;0.31225296442687744;0.4589041095890411;0.3234782608695652;0.2565543071161049;0.3306122448979592;0.3276699029126214;0.34049079754601225;0.4182242990654206;0.3053691275167785;0.2413793103448276;0.3333333333333333;0.3533834586466165;0.48660714285714285;0.8941176470588236;0.21428571428571427;0.0
imin;0.1469090909090909;0.3395638629283489;0.19745762711864406;0.22968197879858657;0.17256011315417255;0.14390243902439023;0.13010204081632654;0.1552511415525114;0.1318407960199005;0.17218543046357615;0.16666666666666666;0.09900990099009901;0.24210526315789474;0.17037037037037037;0.1568627450980392;0.10752688172043011;0.09615384615384616;0.02826086956521739;0.18181818181818182;0.0
gibran;0.5578181818181818;0.49221183800623053;0.5186440677966102;0.4464075382803298;0.512022630834512;0.4317073170731707;0.5586734693877551;0.6232876712328768;0.582089552238806;0.5132450331125827;0.5170940170940171;0.504950495049505;0.5368421052631579;0.6370370370370371;0.5294117647058824;0.4731182795698925;0.38461538461538464;0.14565217391304347;0.48484848484848486;1.0
mahfud;0.2952727272727273;0.16822429906542055;0.2838983050847458;0.32391048292108365;0.31541725601131543;0.424390243902439;0.3112244897959184;0.22146118721461186;0.2860696517412935;0.31456953642384106;0.3162393162393162;0.39603960396039606;0.22105263157894736;0.1925925925925926;0.3137254901960784;0.41935483870967744;0.5192307692307693;0.8260869565217391;0.3333333333333333;0.0
