;tribunnews;metrotv;detik;kompas;viva;pikiranrakyat;jawapos;tempo;bisnisindonesia;republika;tvone;antaranews;cnbcindonesia;disway;kumparan;suara;liputan6;sindo;cnnindonesia;detikx
anies;0.23658269441401972;0.5899513776337115;0.23273480662983426;0.2810760667903525;0.25101626016260165;0.26411960132890366;0.2073976221928666;0.2611336032388664;0.27380952380952384;0.2336065573770492;0.27906976744186046;0.18143459915611815;0.25412541254125415;0.3333333333333333;0.3088235294117647;0.2605042016806723;0.1346153846153846;0.03453453453453453;0.2692307692307692;0.0
prabowo;0.384446878422782;0.2106969205834684;0.43232044198895025;0.38404452690166974;0.45426829268292684;0.4053156146179402;0.3276089828269485;0.41295546558704455;0.3880952380952381;0.4918032786885246;0.39244186046511625;0.35654008438818563;0.41914191419141916;0.3953488372093023;0.49264705882352944;0.40336134453781514;0.35096153846153844;0.06306306306306306;0.5;1.0
ganjar;0.37897042716319823;0.1993517017828201;0.3349447513812155;0.33487940630797774;0.29471544715447157;0.33056478405315615;0.46499339498018494;0.3259109311740891;0.3380952380952381;0.27459016393442626;0.32848837209302323;0.4620253164556962;0.32673267326732675;0.2713178294573643;0.19852941176470587;0.33613445378151263;0.5144230769230769;0.9024024024024024;0.23076923076923078;0.0
imin;0.16067329762815608;0.3435374149659864;0.21453287197231835;0.24528301886792453;0.17622377622377622;0.13004484304932734;0.1383495145631068;0.1432225063938619;0.15772870662460567;0.15151515151515152;0.15767634854771784;0.11280487804878049;0.2;0.21568627450980393;0.16535433070866143;0.1095890410958904;0.1;0.027837259100642397;0.21875;0.0
gibran;0.5485845447589901;0.48639455782312924;0.5060553633217993;0.4339622641509434;0.5230769230769231;0.5605381165919282;0.45145631067961167;0.5754475703324808;0.5331230283911672;0.6111111111111112;0.5311203319502075;0.47865853658536583;0.5411764705882353;0.5588235294117647;0.6692913385826772;0.4383561643835616;0.3333333333333333;0.1349036402569593;0.375;1.0
mahfud;0.2907421576128539;0.17006802721088435;0.27941176470588236;0.32075471698113206;0.3006993006993007;0.3094170403587444;0.41019417475728154;0.2813299232736573;0.30914826498422715;0.23737373737373738;0.3112033195020747;0.40853658536585363;0.25882352941176473;0.22549019607843138;0.16535433070866143;0.4520547945205479;0.5666666666666667;0.8372591006423983;0.40625;0.0
