;tribunnews;kompas;viva;antaranews;suara;cnnindonesia;liputan6;republika;tvone;sindo;detik;mediaindonesia;tempo;idntimes;disway;bisnisindonesia;rri;jawapos;tirto;cnbcindonesia;kumparan;metrotv;pikiranrakyat;bloombergtechnoz;katadata;kontan;cna;kumparanplus
anies;0.05733558178752108;0.08100558659217877;0.0732484076433121;0.06707317073170732;0.06269592476489028;0.056716417910447764;0.04782608695652174;0.15151515151515152;0.06666666666666667;0.046296296296296294;0.043478260869565216;0.05521472392638037;0.026239067055393587;0.055944055944055944;0.034482758620689655;0.028846153846153848;0.07407407407407407;0.03773584905660377;0.03067484662576687;0.014044943820224719;0.038834951456310676;0.02586206896551724;0.02531645569620253;0.00980392156862745;0.0070921985815602835;0.0;0.0;0.0
prabowo;0.7403035413153457;0.8296089385474861;0.8949044585987261;0.9298780487804879;0.8526645768025078;0.746268656716418;0.9173913043478261;0.7424242424242424;0.8533333333333334;0.8287037037037037;0.8521739130434782;0.9079754601226994;0.9008746355685131;0.916083916083916;0.9408866995073891;0.9663461538461539;0.9259259259259259;0.8867924528301887;0.950920245398773;0.9719101123595506;0.8932038834951457;0.9482758620689655;0.9240506329113924;0.9705882352941176;0.9645390070921985;1.0;0.9375;1.0
ganjar;0.20236087689713322;0.0893854748603352;0.03184713375796178;0.003048780487804878;0.08463949843260188;0.19701492537313434;0.034782608695652174;0.10606060606060606;0.08;0.125;0.10434782608695652;0.03680981595092025;0.0728862973760933;0.027972027972027972;0.024630541871921183;0.004807692307692308;0.0;0.07547169811320754;0.018404907975460124;0.014044943820224719;0.06796116504854369;0.02586206896551724;0.05063291139240506;0.0196078431372549;0.028368794326241134;0.0;0.0625;0.0
imin;0.0;0.058823529411764705;0.14285714285714285;1.0;0.0;0.0;0.0;0.0;0.0;0.0;0.0;;0.0;0.0;0.0;;0.0;0.0;0.0;0.0;0.0;0.0;0.0;;0.0;0.0;;
gibran;0.6666666666666666;0.0;0.42857142857142855;0.0;0.5;0.0;0.05263157894736842;0.045454545454545456;0.09523809523809523;1.0;0.0;;0.4;0.06666666666666667;0.5;;0.0;0.75;0.0;0.0;0.0;0.0;0.0;;0.3333333333333333;1.0;;
mahfud;0.3333333333333333;0.9411764705882353;0.42857142857142855;0.0;0.5;1.0;0.9473684210526315;0.9545454545454546;0.9047619047619048;0.0;1.0;;0.6;0.9333333333333333;0.5;;1.0;0.25;1.0;1.0;1.0;1.0;1.0;;0.6666666666666666;0.0;;
