;antaranews;tribunnews;viva;tempo;kompas;liputan6;cnnindonesia;bisnisindonesia;suara;mediaindonesia;republika;sindo;detik;jawapos;bloombergtechnoz;metrotv;tvone;kontan;disway;idntimes;tirto;kumparan;pikiranrakyat;cnbcindonesia;cna;katadata;rri;kumparanplus
anies;0.09146341463414634;0.0659090909090909;0.10185185185185185;0.05278592375366569;0.05964912280701754;0.05723905723905724;0.07142857142857142;0.0625;0.07177033492822966;0.08783783783783784;0.24;0.043478260869565216;0.04878048780487805;0.05128205128205128;0.0594059405940594;0.07792207792207792;0.08108108108108109;0.03468208092485549;0.043859649122807015;0.050505050505050504;0.03424657534246575;0.04878048780487805;0.05263157894736842;0.0125;0.1111111111111111;0.0;0.0;0.0
prabowo;0.8841463414634146;0.5613636363636364;0.7870370370370371;0.8093841642228738;0.8736842105263158;0.8585858585858586;0.7016806722689075;0.9083333333333333;0.7703349282296651;0.8243243243243243;0.6;0.7584541062801933;0.823170731707317;0.8376068376068376;0.8613861386138614;0.8571428571428571;0.7297297297297297;0.953757225433526;0.9122807017543859;0.9090909090909091;0.8287671232876712;0.7439024390243902;0.8421052631578947;0.95;0.8333333333333334;0.9622641509433962;1.0;1.0
ganjar;0.024390243902439025;0.37272727272727274;0.1111111111111111;0.1378299120234604;0.06666666666666667;0.08417508417508418;0.226890756302521;0.029166666666666667;0.15789473684210525;0.08783783783783784;0.16;0.19806763285024154;0.12804878048780488;0.1111111111111111;0.07920792079207921;0.06493506493506493;0.1891891891891892;0.011560693641618497;0.043859649122807015;0.04040404040404041;0.136986301369863;0.2073170731707317;0.10526315789473684;0.0375;0.05555555555555555;0.03773584905660377;0.0;0.0
imin;0.0;0.0;0.0;0.0;0.0;0.0;0.0;;0.0;0.3333333333333333;0.0;0.0;0.0;0.0;1.0;0.037037037037037035;0.06896551724137931;0.0;0.0;0.0;0.0;0.0;0.0;0.0;;;0.0;
gibran;0.6666666666666666;0.9375;1.0;0.5714285714285714;0.17045454545454544;0.1935483870967742;0.08695652173913043;;0.6875;0.6666666666666666;0.0;1.0;0.038461538461538464;0.0;0.0;0.0;0.034482758620689655;1.0;0.3333333333333333;0.1;0.08333333333333333;0.5555555555555556;0.21428571428571427;0.0;;;0.0;
mahfud;0.3333333333333333;0.0625;0.0;0.42857142857142855;0.8295454545454546;0.8064516129032258;0.9130434782608695;;0.3125;0.0;1.0;0.0;0.9615384615384616;1.0;0.0;0.9629629629629629;0.896551724137931;0.0;0.6666666666666666;0.9;0.9166666666666666;0.4444444444444444;0.7857142857142857;1.0;;;1.0;
