;tribunnews;metrotv;detik;kompas;viva;pikiranrakyat;jawapos;tempo;bisnisindonesia;republika;tvone;antaranews;cnbcindonesia;kumparan;disway;sindo;liputan6;suara;cnnindonesia;detikx
anies;0.24647887323943662;0.608;0.22696929238985314;0.2846911369740376;0.2529182879377432;0.2601626016260163;0.20855614973262032;0.2616632860040568;0.2772727272727273;0.2588495575221239;0.28337874659400547;0.18882466281310212;0.28846153846153844;0.2887323943661972;0.3305785123966942;0.03496503496503497;0.11827956989247312;0.21739130434782608;0.23076923076923078;0.0
prabowo;0.356988082340195;0.1984;0.42456608811748997;0.36705461056401073;0.47568093385214005;0.4113821138211382;0.3315508021390374;0.3995943204868154;0.36818181818181817;0.45353982300884954;0.3923705722070845;0.3468208092485549;0.3814102564102564;0.4647887323943662;0.3884297520661157;0.055944055944055944;0.3333333333333333;0.40217391304347827;0.46153846153846156;1.0
ganjar;0.39653304442036835;0.1936;0.3484646194926569;0.34825425246195163;0.2714007782101167;0.3284552845528455;0.45989304812834225;0.33874239350912777;0.35454545454545455;0.28761061946902655;0.3242506811989101;0.464354527938343;0.3301282051282051;0.24647887323943662;0.2809917355371901;0.9090909090909091;0.5483870967741935;0.3804347826086957;0.3076923076923077;0.0
imin;0.18138801261829654;0.3782894736842105;0.2048293089092423;0.2632794457274827;0.18181818181818182;0.1349036402569593;0.13752913752913754;0.13829787234042554;0.1540880503144654;0.175;0.14661654135338345;0.1111111111111111;0.22666666666666666;0.1619718309859155;0.23469387755102042;0.022900763358778626;0.11627906976744186;0.11764705882352941;0.3103448275862069;0.0
gibran;0.5086750788643533;0.4440789473684211;0.48209825145711904;0.4018475750577367;0.525691699604743;0.5139186295503212;0.4522144522144522;0.550531914893617;0.5;0.5638888888888889;0.5413533834586466;0.4715447154471545;0.4533333333333333;0.6408450704225352;0.5510204081632653;0.1049618320610687;0.2558139534883721;0.38235294117647056;0.2413793103448276;1.0
mahfud;0.3099369085173502;0.17763157894736842;0.3130724396336386;0.3348729792147806;0.2924901185770751;0.3511777301927195;0.41025641025641024;0.31117021276595747;0.34591194968553457;0.2611111111111111;0.31203007518796994;0.4173441734417344;0.32;0.19718309859154928;0.21428571428571427;0.8721374045801527;0.627906976744186;0.5;0.4482758620689655;0.0
