;tribunnews;metrotv;detik;kompas;viva;pikiranrakyat;jawapos;tempo;tvone;bisnisindonesia;antaranews;cnbcindonesia;republika;disway;kumparan;suara;sindo;liputan6;cnnindonesia;detikx
anies;0.26643295354951796;0.656;0.23871366728509585;0.27704280155642025;0.2841429880843263;0.2671300893743793;0.21532846715328466;0.2615658362989324;0.3157894736842105;0.2857142857142857;0.19271623672230653;0.3724832214765101;0.2899728997289973;0.45962732919254656;0.3096774193548387;0.3434343434343434;0.0344418052256532;0.14124293785310735;0.1111111111111111;0.2
prabowo;0.34049079754601225;0.188;0.3970315398886827;0.3657587548638132;0.4995417048579285;0.42800397219463754;0.3613138686131387;0.40391459074733094;0.40131578947368424;0.3380281690140845;0.32473444613050073;0.3422818791946309;0.42005420054200543;0.36024844720496896;0.45161290322580644;0.43434343434343436;0.06175771971496437;0.3502824858757062;0.4444444444444444;0.4
ganjar;0.39307624890446974;0.156;0.3642547928262214;0.35719844357976654;0.21631530705774518;0.30486593843098314;0.4233576642335766;0.33451957295373663;0.28289473684210525;0.3762575452716298;0.48254931714719274;0.28523489932885904;0.2899728997289973;0.18012422360248448;0.23870967741935484;0.2222222222222222;0.9038004750593824;0.5084745762711864;0.4444444444444444;0.4
imin;0.21496062992125983;0.4448051948051948;0.2028985507246377;0.2707622298065984;0.19389110225763612;0.1836007130124777;0.14187643020594964;0.1483375959079284;0.136986301369863;0.18994413407821228;0.13024282560706402;0.189873417721519;0.18181818181818182;0.32075471698113206;0.17796610169491525;0.15789473684210525;0.016574585635359115;0.13043478260869565;0.23076923076923078;0.0
gibran;0.4464566929133858;0.37987012987012986;0.44847020933977455;0.3890784982935154;0.5166002656042497;0.46702317290552586;0.4782608695652174;0.4936061381074169;0.5308219178082192;0.44692737430167595;0.4370860927152318;0.3924050632911392;0.5037878787878788;0.5188679245283019;0.576271186440678;0.40350877192982454;0.0718232044198895;0.18840579710144928;0.19230769230769232;0.75
mahfud;0.33858267716535434;0.17532467532467533;0.34863123993558776;0.34015927189988626;0.28950863213811423;0.3493761140819964;0.37986270022883295;0.35805626598465473;0.3321917808219178;0.36312849162011174;0.4326710816777042;0.4177215189873418;0.3143939393939394;0.16037735849056603;0.2457627118644068;0.43859649122807015;0.9116022099447514;0.6811594202898551;0.5769230769230769;0.25
