;tribunnews;metrotv;detik;kompas;viva;pikiranrakyat;jawapos;tvone;tempo;bisnisindonesia;antaranews;cnbcindonesia;republika;disway;kumparan;suara;sindo;liputan6;cnnindonesia;detikx
anies;0.2672566371681416;0.6546184738955824;0.24042027194066748;0.2810304449648712;0.28400735294117646;0.26673228346456695;0.21818181818181817;0.31956521739130433;0.2597864768683274;0.2897959183673469;0.19384615384615383;0.37373737373737376;0.289544235924933;0.4645161290322581;0.3157894736842105;0.34;0.03592814371257485;0.14124293785310735;0.1111111111111111;0.2
prabowo;0.33716814159292036;0.18875502008032127;0.39555006180469715;0.3669008587041374;0.49724264705882354;0.4271653543307087;0.36;0.4;0.400355871886121;0.3346938775510204;0.32153846153846155;0.3400673400673401;0.42091152815013405;0.36774193548387096;0.4407894736842105;0.44;0.06347305389221557;0.3502824858757062;0.4444444444444444;0.4
ganjar;0.39557522123893807;0.1566265060240964;0.36402966625463534;0.3520686963309914;0.21875;0.3061023622047244;0.4218181818181818;0.28043478260869564;0.3398576512455516;0.37551020408163266;0.4846153846153846;0.28619528619528617;0.289544235924933;0.16774193548387098;0.24342105263157895;0.22;0.9005988023952096;0.5084745762711864;0.4444444444444444;0.4
imin;0.2153846153846154;0.44625407166123776;0.21018062397372742;0.2860520094562648;0.1975642760487145;0.1827768014059754;0.15081206496519722;0.14285714285714285;0.1503957783641161;0.1834862385321101;0.13513513513513514;0.20588235294117646;0.17669172932330826;0.33663366336633666;0.1826086956521739;0.15789473684210525;0.019120458891013385;0.13043478260869565;0.23076923076923078;0.0
gibran;0.44534412955465585;0.3811074918566775;0.4433497536945813;0.38416075650118203;0.510148849797023;0.46397188049209137;0.46867749419953597;0.5321428571428571;0.48812664907651715;0.44954128440366975;0.43243243243243246;0.4117647058823529;0.5037593984962406;0.5346534653465347;0.5739130434782609;0.40350877192982454;0.0745697896749522;0.2028985507246377;0.19230769230769232;0.75
mahfud;0.33927125506072875;0.17263843648208468;0.3464696223316913;0.32978723404255317;0.2922868741542625;0.3532513181019332;0.3805104408352668;0.325;0.36147757255936674;0.3669724770642202;0.43243243243243246;0.38235294117647056;0.31954887218045114;0.12871287128712872;0.24347826086956523;0.43859649122807015;0.9063097514340345;0.6666666666666666;0.5769230769230769;0.25
