;tribunnews;metrotv;detik;kompas;pikiranrakyat;viva;antaranews;tvone;jawapos;tempo;bisnisindonesia;cnbcindonesia;disway;kumparan;republika;sindo;suara;liputan6;detikx;cnnindonesia
anies;0.26711840228245365;0.6537142857142857;0.22031166039763567;0.25426039536468986;0.2925890279114533;0.2692307692307692;0.20944741532976827;0.3382084095063985;0.20842824601366744;0.25877192982456143;0.28860294117647056;0.3888888888888889;0.4788732394366197;0.34782608695652173;0.2490974729241877;0.04148936170212766;0.35106382978723405;0.13043478260869565;0.2;0.07692307692307693
prabowo;0.34522111269614836;0.19542857142857142;0.41429339065018805;0.3776414451261077;0.4340712223291627;0.5599284436493739;0.3591800356506239;0.40036563071297987;0.3952164009111617;0.3684210526315789;0.3639705882352941;0.3306878306878307;0.38028169014084506;0.4384057971014493;0.5126353790613718;0.07872340425531915;0.4787234042553192;0.37267080745341613;0.4;0.5384615384615384
ganjar;0.387660485021398;0.15085714285714286;0.3653949489521762;0.36809815950920244;0.273339749759384;0.1708407871198569;0.43137254901960786;0.26142595978062155;0.39635535307517084;0.37280701754385964;0.3474264705882353;0.2804232804232804;0.14084507042253522;0.213768115942029;0.23826714801444043;0.8797872340425532;0.1702127659574468;0.4968944099378882;0.4;0.38461538461538464
imin;0.23773584905660378;0.4639175257731959;0.22380952380952382;0.3092979127134725;0.24107142857142858;0.18635809987819732;0.17557251908396945;0.18983957219251338;0.1736745886654479;0.16594827586206898;0.20863309352517986;0.21739130434782608;0.3401360544217687;0.20994475138121546;0.17258883248730963;0.017973856209150325;0.22916666666666666;0.16;0.0;0.3
gibran;0.45723270440251573;0.3752577319587629;0.4850340136054422;0.4108159392789374;0.42857142857142855;0.5700365408038977;0.46946564885496184;0.5;0.4990859232175503;0.4418103448275862;0.47721822541966424;0.40372670807453415;0.5170068027210885;0.580110497237569;0.5482233502538071;0.08986928104575163;0.2916666666666667;0.22666666666666666;0.6666666666666666;0.25
mahfud;0.3050314465408805;0.16082474226804125;0.291156462585034;0.27988614800759015;0.33035714285714285;0.243605359317905;0.3549618320610687;0.31016042780748665;0.3272394881170018;0.3922413793103448;0.31414868105515587;0.37888198757763975;0.14285714285714285;0.20994475138121546;0.27918781725888325;0.8921568627450981;0.4791666666666667;0.6133333333333333;0.3333333333333333;0.45
