;tribunnews;metrotv;detik;kompas;pikiranrakyat;viva;antaranews;tvone;tempo;jawapos;cnbcindonesia;bisnisindonesia;disway;kumparan;suara;republika;sindo;liputan6;cnnindonesia;detikx
anies;0.26507620941020543;0.6409966024915063;0.22170781893004116;0.2605633802816901;0.28317836010143704;0.2627484874675886;0.21792763157894737;0.34285714285714286;0.26639892904953144;0.2150170648464164;0.38137472283813745;0.2775800711743772;0.461864406779661;0.3501683501683502;0.34814814814814815;0.2671009771986971;0.04319654427645788;0.14450867052023122;0.1875;0.16666666666666666
prabowo;0.3605036447978794;0.21630804077010193;0.42592592592592593;0.38348271446862997;0.45646661031276414;0.5669835782195333;0.37664473684210525;0.4016806722689076;0.38821954484605087;0.40273037542662116;0.3614190687361419;0.3612099644128114;0.4025423728813559;0.4444444444444444;0.4111111111111111;0.495114006514658;0.08315334773218143;0.37572254335260113;0.5;0.5
ganjar;0.3744201457919152;0.14269535673839184;0.3523662551440329;0.3559539052496799;0.2603550295857988;0.17026793431287812;0.40542763157894735;0.25546218487394956;0.3453815261044177;0.3822525597269625;0.2572062084257206;0.3612099644128114;0.13559322033898305;0.2053872053872054;0.24074074074074073;0.23778501628664495;0.8736501079913607;0.4797687861271676;0.3125;0.3333333333333333
imin;0.22647427854454202;0.4673469387755102;0.2109646079111728;0.3165322580645161;0.24945770065075923;0.19148936170212766;0.17843866171003717;0.1940700808625337;0.1670235546038544;0.17635658914728683;0.2229299363057325;0.2144702842377261;0.3356164383561644;0.24;0.20192307692307693;0.18041237113402062;0.018032786885245903;0.16;0.29411764705882354;0.0
gibran;0.45796737766624845;0.3673469387755102;0.48369188063844554;0.4022177419354839;0.4164859002169197;0.5569461827284106;0.4721189591078067;0.48517520215633425;0.44325481798715205;0.4883720930232558;0.39490445859872614;0.4496124031007752;0.5273972602739726;0.5542857142857143;0.38461538461538464;0.5360824742268041;0.09180327868852459;0.24;0.35294117647058826;0.75
mahfud;0.31555834378920955;0.1653061224489796;0.3053435114503817;0.28125;0.33405639913232105;0.25156445556946183;0.34944237918215615;0.32075471698113206;0.3897216274089936;0.33527131782945735;0.3821656050955414;0.3359173126614987;0.136986301369863;0.2057142857142857;0.41346153846153844;0.28350515463917525;0.8901639344262295;0.6;0.35294117647058826;0.25
