;tribunnews;metrotv;detik;kompas;pikiranrakyat;viva;antaranews;tvone;tempo;jawapos;cnbcindonesia;bisnisindonesia;disway;kumparan;republika;suara;sindo;liputan6;detikx;cnnindonesia
anies;0.26805949008498586;0.648741418764302;0.22023809523809523;0.26237288135593223;0.29659498207885304;0.2712623097582811;0.21845082680591818;0.3466424682395644;0.2680851063829787;0.21688159437280188;0.3870967741935484;0.2838827838827839;0.4796380090497738;0.3527272727272727;0.2620689655172414;0.35714285714285715;0.04229934924078091;0.12727272727272726;0.2;0.07692307692307693
prabowo;0.34844192634560905;0.20137299771167047;0.4128787878787879;0.376271186440678;0.4399641577060932;0.5577439570277529;0.360313315926893;0.39201451905626133;0.37446808510638296;0.39155920281359907;0.34491315136476425;0.3663003663003663;0.38461538461538464;0.43636363636363634;0.496551724137931;0.44642857142857145;0.07809110629067245;0.36363636363636365;0.4;0.5384615384615384
ganjar;0.3834985835694051;0.14988558352402745;0.36688311688311687;0.36135593220338985;0.26344086021505375;0.170993733213966;0.4212358572671889;0.2613430127041742;0.3574468085106383;0.39155920281359907;0.2679900744416873;0.3498168498168498;0.13574660633484162;0.2109090909090909;0.2413793103448276;0.19642857142857142;0.8796095444685467;0.509090909090909;0.4;0.38461538461538464
imin;0.23413705583756345;0.47193347193347196;0.2214484679665738;0.313181367690783;0.24726477024070023;0.1875;0.1826309067688378;0.19452054794520549;0.16666666666666666;0.17570093457943925;0.22151898734177214;0.20833333333333334;0.3401360544217687;0.22988505747126436;0.16145833333333334;0.19718309859154928;0.01669449081803005;0.1518987341772152;0.0;0.2857142857142857
gibran;0.45748730964467005;0.3659043659043659;0.4818941504178273;0.40336967294350845;0.40919037199124725;0.5686274509803921;0.46998722860791825;0.4904109589041096;0.43803418803418803;0.4897196261682243;0.3924050632911392;0.47549019607843135;0.5238095238095238;0.5574712643678161;0.546875;0.3380281690140845;0.08848080133555926;0.21518987341772153;0.6666666666666666;0.23809523809523808
mahfud;0.3083756345177665;0.16216216216216217;0.2966573816155989;0.28344895936570863;0.3435448577680525;0.24387254901960784;0.34738186462324394;0.3150684931506849;0.3952991452991453;0.33457943925233646;0.3860759493670886;0.3161764705882353;0.1360544217687075;0.21264367816091953;0.2916666666666667;0.4647887323943662;0.8948247078464107;0.6329113924050633;0.3333333333333333;0.47619047619047616
