;tribunnews;metrotv;pikiranrakyat;viva;kompas;antaranews;detik;tvone;tempo;jawapos;bisnisindonesia;cnbcindonesia;disway;suara;kumparan;republika;sindo;liputan6;cnnindonesia;detikx
anies;0.2693199381761978;0.6391509433962265;0.30357142857142855;0.26931407942238267;0.2795275590551181;0.2256968048946295;0.24505588993981084;0.3425414364640884;0.2705749718151071;0.2186046511627907;0.29814550641940085;0.38671875;0.48014440433212996;0.33611111111111114;0.3489736070381232;0.25301204819277107;0.042720139494333044;0.19090909090909092;0.17647058823529413;0.16666666666666666
prabowo;0.3520092735703246;0.2169811320754717;0.43785714285714283;0.5631768953068592;0.37401574803149606;0.3616587355540449;0.43336199484092863;0.4088397790055249;0.38669673055242393;0.3925581395348837;0.35520684736091296;0.3515625;0.3862815884476534;0.4083333333333333;0.4398826979472141;0.5210843373493976;0.07410636442894507;0.35;0.5294117647058824;0.5
ganjar;0.3786707882534776;0.14386792452830188;0.25857142857142856;0.16750902527075812;0.3464566929133858;0.4126444595513256;0.32158211521926056;0.24861878453038674;0.342728297632469;0.38883720930232557;0.3466476462196862;0.26171875;0.13357400722021662;0.25555555555555554;0.21114369501466276;0.22590361445783133;0.8831734960767219;0.4590909090909091;0.29411764705882354;0.3333333333333333
imin;0.23738450604122247;0.47438752783964366;0.24675324675324675;0.18122977346278318;0.35574572127139364;0.16940451745379878;0.24496644295302014;0.17913832199546487;0.15992647058823528;0.17035775127768313;0.20512820512820512;0.21764705882352942;0.32142857142857145;0.15602836879432624;0.21739130434782608;0.18309859154929578;0.02066115702479339;0.15555555555555556;0.30434782608695654;0.0
gibran;0.43852167732764746;0.35634743875278396;0.4074675324675325;0.564185544768069;0.38386308068459657;0.45790554414784396;0.4664429530201342;0.5011337868480725;0.44669117647058826;0.4991482112436116;0.4636752136752137;0.4;0.5297619047619048;0.4397163120567376;0.5652173913043478;0.5352112676056338;0.0881542699724518;0.24444444444444444;0.2608695652173913;0.75
mahfud;0.32409381663113007;0.16926503340757237;0.3457792207792208;0.2545846817691478;0.2603911980440098;0.3726899383983573;0.28859060402684567;0.3197278911564626;0.39338235294117646;0.33049403747870526;0.3311965811965812;0.38235294117647056;0.1488095238095238;0.40425531914893614;0.21739130434782608;0.28169014084507044;0.8911845730027548;0.6;0.43478260869565216;0.25
