;kompas;tribunnews;cnnindonesia;tempo;suara;viva;antaranews;liputan6;bisnisindonesia;detik;jawapos;idntimes;tvone;republika;mediaindonesia;disway;sindo;pikiranrakyat;tirto;kumparan;rri;metrotv;cnbcindonesia;bloombergtechnoz;katadata;bbc;kontan;cna;detikx
anies;0.1432225063938619;0.08401976935749589;0.10743801652892562;0.10140845070422536;0.10429447852760736;0.08100558659217877;0.08306709265175719;0.09401709401709402;0.08974358974358974;0.06690140845070422;0.1450381679389313;0.12413793103448276;0.08670520231213873;0.16470588235294117;0.06341463414634146;0.07065217391304347;0.05701754385964912;0.13414634146341464;0.03680981595092025;0.05454545454545454;0.047619047619047616;0.05;0.014084507042253521;0.030612244897959183;0.016666666666666666;0.14285714285714285;0.008403361344537815;0.0;0.0
prabowo;0.5959079283887468;0.5090609555189456;0.4738292011019284;0.7183098591549296;0.6932515337423313;0.7262569832402235;0.8945686900958466;0.7606837606837606;0.8675213675213675;0.6302816901408451;0.7099236641221374;0.7931034482758621;0.7572254335260116;0.6705882352941176;0.7073170731707317;0.8369565217391305;0.6754385964912281;0.6219512195121951;0.8711656441717791;0.7636363636363637;0.9142857142857143;0.9;0.9577464788732394;0.8163265306122449;0.9333333333333333;0.5714285714285714;0.9831932773109243;0.6363636363636364;0.0
ganjar;0.2608695652173913;0.40691927512355847;0.418732782369146;0.18028169014084508;0.20245398773006135;0.19273743016759776;0.022364217252396165;0.1452991452991453;0.042735042735042736;0.3028169014084507;0.1450381679389313;0.08275862068965517;0.15606936416184972;0.16470588235294117;0.22926829268292684;0.09239130434782608;0.2675438596491228;0.24390243902439024;0.09202453987730061;0.18181818181818182;0.0380952380952381;0.05;0.028169014084507043;0.15306122448979592;0.05;0.2857142857142857;0.008403361344537815;0.36363636363636365;1.0
imin;0.0;0.0;0.02857142857142857;0.0;0.0;0.0;1.0;0.0;;0.02631578947368421;0.0;0.0;0.0;0.0;0.0;;0.0;;0.0;0.0;0.0;0.0;0.0;;0.0;;;;
gibran;0.0;0.25;0.0;0.06666666666666667;0.18181818181818182;0.25;0.0;0.0;;0.0;1.0;0.041666666666666664;0.0;0.0;0.0;;1.0;;0.0;0.0;0.0;0.0;0.0;;0.3333333333333333;;;;
mahfud;1.0;0.75;0.9714285714285714;0.9333333333333333;0.8181818181818182;0.75;0.0;1.0;;0.9736842105263158;0.0;0.9583333333333334;1.0;1.0;1.0;;0.0;;1.0;1.0;1.0;1.0;1.0;;0.6666666666666666;;;;
