;tribunnews;metrotv;detik;kompas;viva;pikiranrakyat;jawapos;tempo;bisnisindonesia;tvone;republika;cnbcindonesia;antaranews;disway;kumparan;suara;sindo;liputan6;cnnindonesia;detikx
anies;0.2571996027805363;0.6111888111888112;0.232367758186398;0.2876830318690784;0.2610294117647059;0.26710526315789473;0.21680876979293545;0.26195028680688337;0.2838427947598253;0.28398058252427183;0.2631578947368421;0.3333333333333333;0.19029126213592232;0.36619718309859156;0.3116883116883117;0.29906542056074764;0.03856382978723404;0.1092896174863388;0.16666666666666666;0.3333333333333333
prabowo;0.3555114200595829;0.2;0.4238035264483627;0.37037037037037035;0.47518382352941174;0.42105263157894735;0.34348355663824603;0.39579349904397704;0.3624454148471616;0.39563106796116504;0.4439359267734554;0.35555555555555557;0.34368932038834954;0.36619718309859156;0.43506493506493504;0.38317757009345793;0.05851063829787234;0.31693989071038253;0.4583333333333333;0.3333333333333333
ganjar;0.3872889771598808;0.1888111888111888;0.3438287153652393;0.34194659776055125;0.26378676470588236;0.3118421052631579;0.4397076735688185;0.3422562141491396;0.3537117903930131;0.32038834951456313;0.2929061784897025;0.3111111111111111;0.46601941747572817;0.2676056338028169;0.2532467532467532;0.3177570093457944;0.9029255319148937;0.5737704918032787;0.375;0.3333333333333333
imin;0.19032258064516128;0.40540540540540543;0.20556920556920558;0.2682080924855491;0.18311688311688312;0.1388888888888889;0.1493212669683258;0.15151515151515152;0.17080745341614906;0.14855072463768115;0.18484848484848485;0.2318840579710145;0.11081081081081082;0.24;0.17293233082706766;0.15254237288135594;0.024344569288389514;0.1232876712328767;0.3333333333333333;0.0
gibran;0.49274193548387096;0.42567567567567566;0.48157248157248156;0.3988439306358382;0.5207792207792208;0.5064102564102564;0.4434389140271493;0.5344352617079889;0.4782608695652174;0.5434782608695652;0.5424242424242425;0.4782608695652174;0.4756756756756757;0.55;0.6390977443609023;0.4067796610169492;0.08426966292134831;0.2328767123287671;0.2222222222222222;1.0
mahfud;0.31693548387096776;0.16891891891891891;0.31285831285831284;0.3329479768786127;0.2961038961038961;0.3547008547008547;0.4072398190045249;0.3140495867768595;0.35093167701863354;0.3079710144927536;0.2727272727272727;0.2898550724637681;0.4135135135135135;0.21;0.18796992481203006;0.4406779661016949;0.8913857677902621;0.6438356164383562;0.4444444444444444;0.0
