;tribunnews;metrotv;detik;kompas;viva;pikiranrakyat;antaranews;jawapos;tvone;tempo;bisnisindonesia;cnbcindonesia;disway;kumparan;republika;suara;sindo;liputan6;detikx;cnnindonesia
anies;0.25875251509054326;0.677336747759283;0.22215422276621788;0.26707132018209406;0.2819512195121951;0.2673392181588903;0.1982851018220793;0.2174432497013142;0.3223938223938224;0.25982905982905985;0.2891566265060241;0.4054982817869416;0.46107784431137727;0.33183856502242154;0.25984251968503935;0.34285714285714286;0.031914893617021274;0.12574850299401197;0.2;0.0
prabowo;0.32474849094567404;0.17157490396927016;0.38861689106487146;0.3558421851289833;0.5297560975609756;0.4274905422446406;0.3322615219721329;0.3715651135005974;0.4034749034749035;0.37094017094017095;0.3413654618473896;0.28865979381443296;0.3712574850299401;0.4304932735426009;0.48031496062992124;0.47619047619047616;0.05;0.3532934131736527;0.4;0.5
ganjar;0.4164989939637827;0.15108834827144688;0.38922888616891066;0.37708649468892264;0.18829268292682927;0.3051702395964691;0.4694533762057878;0.4109916367980884;0.27413127413127414;0.36923076923076925;0.36947791164658633;0.30584192439862545;0.16766467065868262;0.23766816143497757;0.25984251968503935;0.18095238095238095;0.9180851063829787;0.5209580838323353;0.4;0.5
imin;0.2248447204968944;0.4467120181405896;0.2200825309491059;0.3082706766917293;0.19500594530321047;0.20417633410672853;0.17373461012311903;0.18453427065026362;0.17922077922077922;0.15417558886509636;0.2128146453089245;0.22151898734177214;0.34459459459459457;0.21910112359550563;0.175;0.20967741935483872;0.0165016501650165;0.10810810810810811;0.0;0.3
gibran;0.4434782608695652;0.3786848072562358;0.469050894085282;0.3994360902255639;0.5517241379310345;0.4245939675174014;0.4582763337893297;0.48154657293497366;0.5142857142857142;0.4753747323340471;0.459954233409611;0.3987341772151899;0.49324324324324326;0.5786516853932584;0.525;0.3387096774193548;0.07590759075907591;0.17567567567567569;0.75;0.2
mahfud;0.3316770186335404;0.1746031746031746;0.3108665749656121;0.29229323308270677;0.25326991676575505;0.37122969837587005;0.3679890560875513;0.3339191564147627;0.3064935064935065;0.37044967880085655;0.32723112128146453;0.379746835443038;0.16216216216216217;0.20224719101123595;0.3;0.45161290322580644;0.9075907590759076;0.7162162162162162;0.25;0.5
