;tribunnews;metrotv;detik;kompas;viva;pikiranrakyat;jawapos;antaranews;tvone;tempo;bisnisindonesia;cnbcindonesia;republika;disway;kumparan;suara;sindo;liputan6;detikx;cnnindonesia
anies;0.26485355648535563;0.6787564766839378;0.2225609756097561;0.28415300546448086;0.2804182509505703;0.26297169811320753;0.22275449101796407;0.2006880733944954;0.34623217922606925;0.26362038664323373;0.2981366459627329;0.39344262295081966;0.2805755395683453;0.463855421686747;0.33513513513513515;0.3490566037735849;0.03271537622682661;0.1524390243902439;0.2;0.0
prabowo;0.33347280334728036;0.17875647668393782;0.4024390243902439;0.3590944574551132;0.5370722433460076;0.4375;0.38083832335329343;0.33715596330275227;0.40529531568228105;0.3954305799648506;0.34368530020703936;0.3081967213114754;0.4748201438848921;0.3674698795180723;0.44324324324324327;0.5094339622641509;0.05343511450381679;0.3719512195121951;0.4;0.45454545454545453
ganjar;0.401673640167364;0.14248704663212436;0.375;0.35675253708040594;0.18250950570342206;0.29952830188679247;0.3964071856287425;0.46215596330275227;0.2484725050916497;0.3409490333919156;0.3581780538302277;0.2983606557377049;0.2446043165467626;0.1686746987951807;0.22162162162162163;0.14150943396226415;0.9138495092693566;0.47560975609756095;0.4;0.5454545454545454
imin;0.23935483870967741;0.46411483253588515;0.22077922077922077;0.3055286129970902;0.19662243667068757;0.19739696312364424;0.18545454545454546;0.1636904761904762;0.1891891891891892;0.17006802721088435;0.21287128712871287;0.24183006535947713;0.1650943396226415;0.3546099290780142;0.2331288343558282;0.2222222222222222;0.01733102253032929;0.11864406779661017;0.0;0.2608695652173913
gibran;0.44129032258064516;0.36363636363636365;0.47436773752563227;0.40446168768186225;0.5548854041013269;0.4403470715835141;0.49818181818181817;0.46279761904761907;0.5162162162162162;0.47845804988662133;0.47029702970297027;0.38562091503267976;0.5613207547169812;0.48226950354609927;0.5766871165644172;0.36507936507936506;0.08145580589254767;0.22033898305084745;0.75;0.17391304347826086
mahfud;0.3193548387096774;0.1722488038277512;0.30485304169514693;0.29000969932104753;0.24849215922798554;0.36225596529284165;0.31636363636363635;0.37351190476190477;0.2945945945945946;0.35147392290249435;0.31683168316831684;0.37254901960784315;0.27358490566037735;0.16312056737588654;0.1901840490797546;0.4126984126984127;0.901213171577123;0.6610169491525424;0.25;0.5652173913043478
