;tribunnews;metrotv;detik;kompas;viva;pikiranrakyat;jawapos;tvone;bisnisindonesia;tempo;antaranews;cnbcindonesia;republika;disway;kumparan;suara;sindo;liputan6;cnnindonesia;detikx
anies;0.2693147097337407;0.6601049868766404;0.23048327137546468;0.2861610633307271;0.28236397748592873;0.26128016789087094;0.2200488997555012;0.32964601769911506;0.2925851703406814;0.2645985401459854;0.20170454545454544;0.3673469387755102;0.28273809523809523;0.437125748502994;0.3026315789473684;0.3626373626373626;0.03356481481481482;0.15384615384615385;0.10526315789473684;0.2
prabowo;0.3356612832824094;0.18635170603674542;0.39281288723667906;0.3534010946051603;0.5046904315196998;0.4333683105981112;0.3643031784841076;0.3938053097345133;0.33867735470941884;0.38503649635036497;0.31392045454545453;0.336734693877551;0.44642857142857145;0.3712574850299401;0.45394736842105265;0.43956043956043955;0.06481481481481481;0.31952662721893493;0.42105263157894735;0.4
ganjar;0.3950240069838499;0.15354330708661418;0.37670384138785623;0.3604378420641126;0.2129455909943715;0.30535152151101785;0.4156479217603912;0.27654867256637167;0.3687374749498998;0.35036496350364965;0.484375;0.29591836734693877;0.2708333333333333;0.19161676646706588;0.24342105263157895;0.1978021978021978;0.9016203703703703;0.5266272189349113;0.47368421052631576;0.4
imin;0.23251165889407063;0.4375;0.20099079971691436;0.28923076923076924;0.19444444444444445;0.18130841121495328;0.15572232645403378;0.15294117647058825;0.20654911838790932;0.17249417249417248;0.14886164623467601;0.2236842105263158;0.168;0.33093525179856115;0.22666666666666666;0.18032786885245902;0.015789473684210527;0.13636363636363635;0.25925925925925924;0.0
gibran;0.4430379746835443;0.3854166666666667;0.4699221514508139;0.39384615384615385;0.5362318840579711;0.47102803738317756;0.5028142589118199;0.538235294117647;0.4609571788413098;0.4801864801864802;0.44833625218914186;0.39473684210526316;0.556;0.5107913669064749;0.58;0.3770491803278688;0.09649122807017543;0.19696969696969696;0.18518518518518517;0.75
mahfud;0.32445036642238506;0.17708333333333334;0.32908704883227174;0.3169230769230769;0.2693236714975845;0.34766355140186916;0.34146341463414637;0.3088235294117647;0.33249370277078083;0.3473193473193473;0.4028021015761821;0.3815789473684211;0.276;0.15827338129496402;0.19333333333333333;0.4426229508196721;0.887719298245614;0.6666666666666666;0.5555555555555556;0.25
