;tribunnews;metrotv;detik;kompas;pikiranrakyat;viva;antaranews;tvone;tempo;jawapos;cnbcindonesia;bisnisindonesia;disway;kumparan;suara;republika;sindo;liputan6;cnnindonesia;detikx
anies;0.265016501650165;0.6405895691609977;0.2210849539406346;0.26003824091778205;0.28403361344537814;0.26139294926913154;0.2176039119804401;0.3410981697171381;0.26595744680851063;0.21484814398200225;0.38074398249452956;0.2775800711743772;0.459915611814346;0.347682119205298;0.34532374100719426;0.2686084142394822;0.04394426580921758;0.15428571428571428;0.1875;0.16666666666666666
prabowo;0.36171617161716174;0.2165532879818594;0.4278403275332651;0.38559592096876993;0.4588235294117647;0.5674978503869303;0.3765281173594132;0.4043261231281198;0.3896276595744681;0.4049493813273341;0.3610503282275711;0.3612099644128114;0.4050632911392405;0.44370860927152317;0.41007194244604317;0.49514563106796117;0.08252947481243302;0.37142857142857144;0.5;0.5
ganjar;0.37326732673267327;0.14285714285714285;0.3510747185261003;0.3543658381134481;0.2571428571428571;0.1711092003439381;0.4058679706601467;0.2545757071547421;0.34441489361702127;0.38020247469066365;0.25820568927789933;0.3612099644128114;0.1350210970464135;0.20860927152317882;0.2446043165467626;0.23624595469255663;0.8735262593783494;0.4742857142857143;0.3125;0.3333333333333333
imin;0.2261904761904762;0.4713114754098361;0.21067221067221067;0.3199195171026157;0.25162689804772237;0.19148936170212766;0.17879161528976573;0.1935483870967742;0.16523605150214593;0.1766990291262136;0.2229299363057325;0.2144702842377261;0.3356164383561644;0.24;0.20754716981132076;0.18041237113402062;0.017973856209150325;0.14864864864864866;0.29411764705882354;0.0
gibran;0.45864661654135336;0.36270491803278687;0.48440748440748443;0.3993963782696177;0.4164859002169197;0.5569461827284106;0.47102342786683105;0.48655913978494625;0.44420600858369097;0.4912621359223301;0.39490445859872614;0.4496124031007752;0.5273972602739726;0.5542857142857143;0.3867924528301887;0.5360824742268041;0.0915032679738562;0.24324324324324326;0.35294117647058826;0.75
mahfud;0.3151629072681704;0.16598360655737704;0.3049203049203049;0.2806841046277666;0.3318872017353579;0.25156445556946183;0.35018495684340323;0.31989247311827956;0.3905579399141631;0.3320388349514563;0.3821656050955414;0.3359173126614987;0.136986301369863;0.2057142857142857;0.4056603773584906;0.28350515463917525;0.8905228758169934;0.6081081081081081;0.35294117647058826;0.25
