;tribunnews;metrotv;detik;kompas;viva;pikiranrakyat;jawapos;tvone;bisnisindonesia;tempo;antaranews;cnbcindonesia;republika;disway;kumparan;suara;sindo;liputan6;cnnindonesia;detikx
anies;0.2644880174291939;0.6544021024967148;0.23800850030358228;0.2800620636152056;0.28400735294117646;0.2629441624365482;0.21601941747572814;0.31521739130434784;0.285140562248996;0.2563176895306859;0.187683284457478;0.37542662116040953;0.28450704225352114;0.437125748502994;0.3;0.35789473684210527;0.0337995337995338;0.14450867052023122;0.1111111111111111;0.2
prabowo;0.338562091503268;0.18922470433639949;0.39404978749241043;0.360744763382467;0.5018382352941176;0.43248730964467;0.36893203883495146;0.40652173913043477;0.3413654618473896;0.4007220216606498;0.3255131964809384;0.3378839590443686;0.43661971830985913;0.3652694610778443;0.45625;0.4421052631578947;0.06293706293706294;0.3352601156069364;0.4444444444444444;0.4
ganjar;0.39694989106753814;0.15637319316688567;0.3679417122040073;0.3591931730023274;0.21415441176470587;0.30456852791878175;0.41504854368932037;0.2782608695652174;0.37349397590361444;0.34296028880866425;0.4868035190615836;0.28668941979522183;0.27887323943661974;0.19760479041916168;0.24375;0.2;0.9032634032634033;0.5202312138728323;0.4444444444444444;0.4
imin;0.22989276139410186;0.4312169312169312;0.1972934472934473;0.28020833333333334;0.19557195571955718;0.18248175182481752;0.1553030303030303;0.147239263803681;0.20618556701030927;0.15676959619952494;0.1444043321299639;0.23776223776223776;0.17374517374517376;0.3357664233576642;0.1958041958041958;0.1864406779661017;0.017513134851138354;0.1323529411764706;0.23076923076923078;0.0
gibran;0.4383378016085791;0.3835978835978836;0.46652421652421655;0.396875;0.5313653136531366;0.46897810218978103;0.4981060606060606;0.5398773006134969;0.45103092783505155;0.4916864608076009;0.44584837545126355;0.3916083916083916;0.5405405405405406;0.48905109489051096;0.5944055944055944;0.3898305084745763;0.0840630472854641;0.17647058823529413;0.19230769230769232;0.75
mahfud;0.33176943699731903;0.18518518518518517;0.33618233618233617;0.3229166666666667;0.2730627306273063;0.34854014598540145;0.3465909090909091;0.3128834355828221;0.3427835051546392;0.3515439429928741;0.40974729241877256;0.3706293706293706;0.2857142857142857;0.17518248175182483;0.2097902097902098;0.423728813559322;0.8984238178633975;0.6911764705882353;0.5769230769230769;0.25
