;tribunnews;metrotv;kompas;detik;viva;pikiranrakyat;jawapos;tvone;antaranews;tempo;bisnisindonesia;cnbcindonesia;republika;disway;kumparan;suara;sindo;liputan6;detikx;cnnindonesia
anies;0.2680976430976431;0.6798941798941799;0.2903225806451613;0.226823238566131;0.28679245283018867;0.2698412698412698;0.22623345367027678;0.35073068893528186;0.19777503090234858;0.2756183745583039;0.3008130081300813;0.39490445859872614;0.28040540540540543;0.46706586826347307;0.3372093023255814;0.3619047619047619;0.03314917127071823;0.14102564102564102;0.2;0.0625
prabowo;0.3367003367003367;0.17989417989417988;0.3548387096774194;0.3992583436341162;0.5207547169811321;0.43197278911564624;0.3778580024067389;0.3966597077244259;0.33498145859085293;0.3869257950530035;0.33739837398373984;0.3089171974522293;0.4594594594594595;0.3592814371257485;0.436046511627907;0.5047619047619047;0.061878453038674036;0.3717948717948718;0.4;0.4375
ganjar;0.3952020202020202;0.1402116402116402;0.3548387096774194;0.37391841779975277;0.19245283018867926;0.2981859410430839;0.39590854392298436;0.25260960334029225;0.4672435105067985;0.3374558303886926;0.3617886178861789;0.2961783439490446;0.26013513513513514;0.17365269461077845;0.22674418604651161;0.13333333333333333;0.9049723756906077;0.48717948717948717;0.4;0.5
imin;0.23862887277521425;0.4531645569620253;0.2985971943887776;0.2111581920903955;0.19951338199513383;0.19832985386221294;0.17045454545454544;0.18232044198895028;0.15555555555555556;0.17972350230414746;0.21553884711779447;0.24691358024691357;0.16818181818181818;0.3597122302158273;0.22875816993464052;0.2;0.019064124783362217;0.11864406779661017;0.0;0.28
gibran;0.44034278180619646;0.37721518987341773;0.39579158316633267;0.4689265536723164;0.5437956204379562;0.4384133611691023;0.5018939393939394;0.5138121546961326;0.45396825396825397;0.4700460829493088;0.46365914786967416;0.3765432098765432;0.5636363636363636;0.48201438848920863;0.5751633986928104;0.38333333333333336;0.09358752166377816;0.2033898305084746;0.75;0.16
mahfud;0.3210283454185893;0.16962025316455695;0.30561122244488975;0.3199152542372881;0.25669099756691;0.36325678496868474;0.32765151515151514;0.30386740331491713;0.3904761904761905;0.35023041474654376;0.3208020050125313;0.3765432098765432;0.2681818181818182;0.15827338129496402;0.19607843137254902;0.4166666666666667;0.8873483535528596;0.6779661016949152;0.25;0.56
