;tribunnews;metrotv;detik;kompas;viva;pikiranrakyat;antaranews;jawapos;tvone;tempo;bisnisindonesia;cnbcindonesia;disway;kumparan;republika;suara;sindo;liputan6;detikx;cnnindonesia
anies;0.2581554571083367;0.6777070063694267;0.22201834862385322;0.266868840030326;0.2822265625;0.2663316582914573;0.1967741935483871;0.21785714285714286;0.32375478927203066;0.25728987993138935;0.28714859437751006;0.4054982817869416;0.46107784431137727;0.3333333333333333;0.25882352941176473;0.34285714285714286;0.033155080213903745;0.12727272727272726;0.2;0.0
prabowo;0.32460732984293195;0.17197452229299362;0.38837920489296635;0.3555724033358605;0.52734375;0.42839195979899497;0.3311827956989247;0.36904761904761907;0.40229885057471265;0.37221269296740994;0.3433734939759036;0.28865979381443296;0.3712574850299401;0.4292237442922374;0.4823529411764706;0.47619047619047616;0.05026737967914439;0.3575757575757576;0.4;0.5
ganjar;0.41723721304873135;0.1503184713375796;0.38960244648318043;0.3775587566338135;0.1904296875;0.30527638190954776;0.4720430107526882;0.41309523809523807;0.2739463601532567;0.3704974271012007;0.36947791164658633;0.30584192439862545;0.16766467065868262;0.2374429223744292;0.25882352941176473;0.18095238095238095;0.9165775401069519;0.5151515151515151;0.4;0.5
imin;0.2257661038148843;0.4497716894977169;0.21922544951590595;0.3087818696883853;0.19544364508393286;0.20506912442396313;0.17012448132780084;0.18453427065026362;0.1801566579634465;0.15584415584415584;0.21627906976744185;0.22435897435897437;0.3469387755102041;0.22033898305084745;0.17412935323383086;0.20967741935483872;0.016666666666666666;0.11428571428571428;0.0;0.3
gibran;0.442151344590369;0.3767123287671233;0.46887966804979253;0.39943342776203966;0.5503597122302158;0.423963133640553;0.4578146611341632;0.4780316344463972;0.5117493472584856;0.47186147186147187;0.45813953488372094;0.40384615384615385;0.4897959183673469;0.576271186440678;0.527363184079602;0.3387096774193548;0.07666666666666666;0.17142857142857143;0.75;0.2
mahfud;0.3320825515947467;0.1735159817351598;0.3118948824343015;0.29178470254957506;0.2541966426858513;0.3709677419354839;0.37206085753803597;0.3374340949033392;0.30809399477806787;0.3722943722943723;0.32558139534883723;0.3717948717948718;0.16326530612244897;0.2033898305084746;0.29850746268656714;0.45161290322580644;0.9066666666666666;0.7142857142857143;0.25;0.5
