;kompas;tribunnews;cnnindonesia;viva;suara;tempo;antaranews;liputan6;bisnisindonesia;detik;jawapos;idntimes;republika;tvone;disway;sindo;mediaindonesia;pikiranrakyat;tirto;rri;kumparan;metrotv;cnbcindonesia;katadata;bbc;kontan;bloombergtechnoz;cna
anies;0.2098092643051771;0.10194902548725637;0.11842105263157894;0.10555555555555556;0.10541310541310542;0.08648648648648649;0.09393939393939393;0.100418410041841;0.09545454545454546;0.07782101167315175;0.1165644171779141;0.12080536912751678;0.21686746987951808;0.09659090909090909;0.07373271889400922;0.07339449541284404;0.06951871657754011;0.0963855421686747;0.045454545454545456;0.07446808510638298;0.05504587155963303;0.04424778761061947;0.008403361344537815;0.014598540145985401;0.25;0.006802721088435374;0.00980392156862745;0.0
prabowo;0.6212534059945504;0.6701649175412294;0.5947368421052631;0.8055555555555556;0.7720797720797721;0.7837837837837838;0.8909090909090909;0.8368200836820083;0.8863636363636364;0.6926070038910506;0.7791411042944786;0.825503355704698;0.6746987951807228;0.7840909090909091;0.8894009216589862;0.7706422018348624;0.7914438502673797;0.8192771084337349;0.9261363636363636;0.8936170212765957;0.8532110091743119;0.8938053097345132;0.9719887955182073;0.9635036496350365;0.5;0.9931972789115646;0.9313725490196079;0.8823529411764706
ganjar;0.16893732970027248;0.22788605697151423;0.2868421052631579;0.08888888888888889;0.1225071225071225;0.12972972972972974;0.015151515151515152;0.06276150627615062;0.01818181818181818;0.22957198443579765;0.10429447852760736;0.053691275167785234;0.10843373493975904;0.11931818181818182;0.03686635944700461;0.1559633027522936;0.13903743315508021;0.08433734939759036;0.028409090909090908;0.031914893617021274;0.09174311926605505;0.061946902654867256;0.0196078431372549;0.021897810218978103;0.25;0.0;0.058823529411764705;0.11764705882352941
imin;0.0;0.0;0.0;0.16666666666666666;0.0;0.0;1.0;0.0;;0.0;0.0;0.0;0.0;0.0;0.0;0.0;;0.0;0.0;0.0;0.0;0.0;0.0;0.0;;0.0;;
gibran;0.0;0.6666666666666666;0.0;0.5;0.35294117647058826;0.25;0.0;0.05263157894736842;;0.0;1.0;0.05;0.047619047619047616;0.11764705882352941;1.0;1.0;;0.0;0.0;0.0;0.0;0.0;0.0;0.25;;1.0;;
mahfud;1.0;0.3333333333333333;1.0;0.3333333333333333;0.6470588235294118;0.75;0.0;0.9473684210526315;;1.0;0.0;0.95;0.9523809523809523;0.8823529411764706;0.0;0.0;;1.0;1.0;1.0;1.0;1.0;1.0;0.75;;0.0;;
