;tribunnews;metrotv;detik;kompas;viva;pikiranrakyat;antaranews;tvone;jawapos;tempo;bisnisindonesia;cnbcindonesia;disway;kumparan;republika;sindo;suara;liputan6;detikx;cnnindonesia
anies;0.2633670520231214;0.6578034682080924;0.21440085975282105;0.25326909841706813;0.26517857142857143;0.2867274569402229;0.21434820647419073;0.3291139240506329;0.20611551528878821;0.25149700598802394;0.29444444444444445;0.387434554973822;0.4782608695652174;0.34944237918215615;0.2397003745318352;0.04100946372239748;0.35789473684210527;0.13043478260869565;0.2;0.0
prabowo;0.35079479768786126;0.19190751445086704;0.42181622783449757;0.38059187887130075;0.5616071428571429;0.44376899696048633;0.36220472440944884;0.40867992766726946;0.39637599093997733;0.36676646706586824;0.3648148148148148;0.32722513089005234;0.37681159420289856;0.43866171003717475;0.5056179775280899;0.07676130389064142;0.47368421052631576;0.36645962732919257;0.4;0.5833333333333334
ganjar;0.38583815028901736;0.15028901734104047;0.36378291241268135;0.3661390227116311;0.1732142857142857;0.2695035460992908;0.42344706911636043;0.26220614828209765;0.39750849377123443;0.38173652694610777;0.34074074074074073;0.28534031413612565;0.14492753623188406;0.21189591078066913;0.2546816479400749;0.882229232386961;0.16842105263157894;0.5031055900621118;0.4;0.4166666666666667
imin;0.23536737235367372;0.4642857142857143;0.22672064777327935;0.3092105263157895;0.1875746714456392;0.2324561403508772;0.17794486215538846;0.19109947643979058;0.17399267399267399;0.16417910447761194;0.2119047619047619;0.21739130434782608;0.33783783783783783;0.21311475409836064;0.17676767676767677;0.01779935275080906;0.22;0.15789473684210525;0.0;0.3
gibran;0.45703611457036114;0.37815126050420167;0.4817813765182186;0.4069548872180451;0.5627240143369175;0.42543859649122806;0.462406015037594;0.49214659685863876;0.5036630036630036;0.44562899786780386;0.47619047619047616;0.40372670807453415;0.5135135135135135;0.5683060109289617;0.5353535353535354;0.0889967637540453;0.3;0.2236842105263158;0.6666666666666666;0.25
mahfud;0.30759651307596514;0.15756302521008403;0.291497975708502;0.28383458646616544;0.24970131421744324;0.34210526315789475;0.35964912280701755;0.31675392670157065;0.32234432234432236;0.39019189765458423;0.3119047619047619;0.37888198757763975;0.14864864864864866;0.2185792349726776;0.2878787878787879;0.8932038834951457;0.48;0.618421052631579;0.3333333333333333;0.45
