;tribunnews;kompas;suara;antaranews;cnnindonesia;viva;liputan6;sindo;tvone;republika;detik;tempo;idntimes;mediaindonesia;disway;rri;jawapos;bisnisindonesia;kumparan;cnbcindonesia;tirto;pikiranrakyat;bloombergtechnoz;metrotv;katadata;kontan;cna;kumparanplus
anies;0.054635761589403975;0.07428571428571429;0.06481481481481481;0.06493506493506493;0.060126582278481014;0.06060606060606061;0.05116279069767442;0.05;0.06666666666666667;0.15151515151515152;0.038135593220338986;0.027607361963190184;0.05925925925925926;0.042682926829268296;0.03482587064676617;0.07407407407407407;0.039735099337748346;0.03015075376884422;0.04807692307692308;0.01440922190201729;0.025;0.0273972602739726;0.01020408163265306;0.009009009009009009;0.007407407407407408;0.0;0.0;0.0
prabowo;0.7384105960264901;0.8142857142857143;0.8425925925925926;0.9318181818181818;0.7215189873417721;0.9057239057239057;0.9023255813953488;0.815;0.8466666666666667;0.7424242424242424;0.8220338983050848;0.8926380368098159;0.9037037037037037;0.9146341463414634;0.9402985074626866;0.9259259259259259;0.8807947019867549;0.964824120603015;0.8846153846153846;0.9711815561959655;0.95625;0.9178082191780822;0.9693877551020408;0.963963963963964;0.9629629629629629;1.0;0.9375;1.0
ganjar;0.20695364238410596;0.11142857142857143;0.09259259259259259;0.003246753246753247;0.21835443037974683;0.03367003367003367;0.046511627906976744;0.135;0.08666666666666667;0.10606060606060606;0.13983050847457626;0.07975460122699386;0.037037037037037035;0.042682926829268296;0.024875621890547265;0.0;0.07947019867549669;0.005025125628140704;0.0673076923076923;0.01440922190201729;0.01875;0.0547945205479452;0.02040816326530612;0.02702702702702703;0.02962962962962963;0.0;0.0625;0.0
imin;0.0;0.05555555555555555;0.0;1.0;0.0;0.14285714285714285;0.0;0.0;0.0;0.0;0.0;0.0;0.0;;0.0;0.0;0.0;;0.0;0.0;0.0;0.0;;0.0;0.0;0.0;;
gibran;0.6666666666666666;0.0;0.4666666666666667;0.0;0.0;0.42857142857142855;0.05263157894736842;1.0;0.09523809523809523;0.041666666666666664;0.0;0.4;0.06666666666666667;;0.5;0.0;1.0;;0.0;0.0;0.0;0.0;;0.0;0.25;1.0;;
mahfud;0.3333333333333333;0.9444444444444444;0.5333333333333333;0.0;1.0;0.42857142857142855;0.9473684210526315;0.0;0.9047619047619048;0.9583333333333334;1.0;0.6;0.9333333333333333;;0.5;1.0;0.0;;1.0;1.0;1.0;1.0;;1.0;0.75;0.0;;
