;tribunnews;metrotv;detik;kompas;viva;pikiranrakyat;antaranews;jawapos;tvone;tempo;bisnisindonesia;cnbcindonesia;disway;kumparan;republika;sindo;suara;liputan6;detikx;cnnindonesia
anies;0.2656987295825771;0.660092807424594;0.2172043010752688;0.25571725571725573;0.263963963963964;0.2870275791624106;0.21187943262411346;0.20588235294117646;0.3302919708029197;0.25301204819277107;0.295668549905838;0.3868421052631579;0.47342995169082125;0.34831460674157305;0.22988505747126436;0.041928721174004195;0.3541666666666667;0.13043478260869565;0.25;0.0
prabowo;0.3509981851179673;0.1902552204176334;0.4220430107526882;0.3783783783783784;0.5630630630630631;0.44126659856996936;0.3617021276595745;0.39819004524886875;0.40875912408759124;0.3689759036144578;0.35969868173258;0.3263157894736842;0.38164251207729466;0.43820224719101125;0.5134099616858238;0.07547169811320754;0.4791666666666667;0.36024844720496896;0.25;0.5833333333333334
ganjar;0.38330308529945556;0.14965197215777262;0.36075268817204303;0.3659043659043659;0.17297297297297298;0.27170582226762;0.42641843971631205;0.39592760180995473;0.26094890510948904;0.37801204819277107;0.3446327683615819;0.2868421052631579;0.14492753623188406;0.21348314606741572;0.2567049808429119;0.8825995807127882;0.16666666666666666;0.5093167701863354;0.5;0.4166666666666667
imin;0.23540372670807452;0.46750524109014674;0.2277294038847957;0.3105706267539757;0.1873508353221957;0.2324561403508772;0.17735849056603772;0.1736745886654479;0.18798955613577023;0.16244725738396623;0.21241050119331742;0.21739130434782608;0.33557046979865773;0.21311475409836064;0.16923076923076924;0.017857142857142856;0.20754716981132076;0.15789473684210525;0.0;0.3157894736842105
gibran;0.4577639751552795;0.37735849056603776;0.4795713328868051;0.4087932647333957;0.5632458233890215;0.42543859649122806;0.46163522012578617;0.5045703839122486;0.4960835509138381;0.44936708860759494;0.47255369928400953;0.40372670807453415;0.5167785234899329;0.5683060109289617;0.5384615384615384;0.08928571428571429;0.32075471698113206;0.2236842105263158;0.6666666666666666;0.21052631578947367
mahfud;0.306832298136646;0.15513626834381553;0.2926992632283992;0.2806361085126286;0.2494033412887828;0.34210526315789475;0.3610062893081761;0.3217550274223035;0.31592689295039167;0.3881856540084388;0.315035799522673;0.37888198757763975;0.1476510067114094;0.2185792349726776;0.2923076923076923;0.8928571428571429;0.4716981132075472;0.618421052631579;0.3333333333333333;0.47368421052631576
