;tribunnews;metrotv;detik;kompas;pikiranrakyat;viva;antaranews;tvone;tempo;jawapos;cnbcindonesia;bisnisindonesia;disway;kumparan;republika;suara;sindo;liputan6;cnnindonesia;detikx
anies;0.26668984700973575;0.6419612314709237;0.21611526147278548;0.2594558725945587;0.2893356643356643;0.27151730257320317;0.2178723404255319;0.3415061295971979;0.26573426573426573;0.216;0.38902147971360385;0.283609576427256;0.4652173913043478;0.3531468531468531;0.265993265993266;0.34951456310679613;0.04202586206896552;0.1411764705882353;0.1875;0.16666666666666666
prabowo;0.35118219749652296;0.20866590649942987;0.4204909284951974;0.38155275381552756;0.4458041958041958;0.5598935226264419;0.3617021276595745;0.3905429071803853;0.37902097902097903;0.3954285714285714;0.34844868735083534;0.3683241252302026;0.4;0.4370629370629371;0.49158249158249157;0.42718446601941745;0.08297413793103449;0.3588235294117647;0.5;0.5
ganjar;0.3821279554937413;0.14937286202964653;0.3633938100320171;0.35899137358991373;0.26486013986013984;0.16858917480035493;0.4204255319148936;0.2679509632224168;0.35524475524475524;0.38857142857142857;0.26252983293556087;0.34806629834254144;0.13478260869565217;0.2097902097902098;0.24242424242424243;0.22330097087378642;0.875;0.5;0.3125;0.3333333333333333
imin;0.2309148264984227;0.4672131147540984;0.21319444444444444;0.3153692614770459;0.24444444444444444;0.19206939281288724;0.1770700636942675;0.19241192411924118;0.16344086021505377;0.17383177570093458;0.22784810126582278;0.21188630490956073;0.34459459459459457;0.23728813559322035;0.16842105263157894;0.2261904761904762;0.017035775127768313;0.14666666666666667;0.3;0.0
gibran;0.4586750788643533;0.3709016393442623;0.4840277777777778;0.4031936127744511;0.42;0.5650557620817844;0.46878980891719746;0.4878048780487805;0.44516129032258067;0.4897196261682243;0.3924050632911392;0.4702842377260982;0.5202702702702703;0.5423728813559322;0.5473684210526316;0.36904761904761907;0.09369676320272573;0.22666666666666666;0.25;0.75
mahfud;0.31041009463722397;0.16188524590163936;0.30277777777777776;0.281437125748503;0.33555555555555555;0.24287484510532836;0.354140127388535;0.31978319783197834;0.3913978494623656;0.3364485981308411;0.379746835443038;0.3178294573643411;0.13513513513513514;0.22033898305084745;0.28421052631578947;0.40476190476190477;0.889267461669506;0.6266666666666667;0.45;0.25
