;tribunnews;kompas;antaranews;suara;cnnindonesia;viva;liputan6;detik;republika;tvone;tempo;mediaindonesia;sindo;idntimes;disway;rri;bisnisindonesia;jawapos;tirto;cnbcindonesia;kumparan;metrotv;pikiranrakyat;bloombergtechnoz;katadata;cna;kontan;kumparanplus
anies;0.058922558922558925;0.08020050125313283;0.06948640483383686;0.06624605678233439;0.0625;0.06666666666666667;0.052;0.04878048780487805;0.1746031746031746;0.06666666666666667;0.025714285714285714;0.05625;0.03571428571428571;0.0547945205479452;0.03482587064676617;0.07792207792207792;0.027149321266968326;0.03680981595092025;0.03184713375796178;0.014204545454545454;0.04040404040404041;0.02459016393442623;0.024691358024691357;0.008771929824561403;0.006802721088435374;0.0625;0.0;0.0
prabowo;0.7457912457912458;0.8421052631578947;0.9274924471299094;0.8454258675078864;0.7589285714285714;0.9;0.916;0.8495934959349594;0.6984126984126984;0.8518518518518519;0.9028571428571428;0.9125;0.84375;0.9178082191780822;0.945273631840796;0.922077922077922;0.9683257918552036;0.8895705521472392;0.9490445859872612;0.9772727272727273;0.8888888888888888;0.9508196721311475;0.9259259259259259;0.9736842105263158;0.9659863945578231;0.9375;1.0;1.0
ganjar;0.19528619528619529;0.07769423558897243;0.0030211480362537764;0.08832807570977919;0.17857142857142858;0.03333333333333333;0.032;0.1016260162601626;0.12698412698412698;0.08148148148148149;0.07142857142857142;0.03125;0.12053571428571429;0.0273972602739726;0.01990049751243781;0.0;0.004524886877828055;0.0736196319018405;0.01910828025477707;0.008522727272727272;0.0707070707070707;0.02459016393442623;0.04938271604938271;0.017543859649122806;0.027210884353741496;0.0;0.0;0.0
imin;0.0;0.06666666666666667;;0.0;0.0;0.2;0.0;0.0;0.0;0.0;0.0;;0.0;0.0;0.0;0.0;;0.0;0.0;;0.0;0.0;0.0;;0.0;;0.0;
gibran;0.6666666666666666;0.13333333333333333;;0.5333333333333333;0.0;0.6;0.05263157894736842;0.0;0.05;0.1111111111111111;0.4444444444444444;;1.0;0.06666666666666667;0.6666666666666666;0.0;;0.75;0.0;;0.0;0.0;0.0;;0.3333333333333333;;1.0;
mahfud;0.3333333333333333;0.8;;0.4666666666666667;1.0;0.2;0.9473684210526315;1.0;0.95;0.8888888888888888;0.5555555555555556;;0.0;0.9333333333333333;0.3333333333333333;1.0;;0.25;1.0;;1.0;1.0;1.0;;0.6666666666666666;;0.0;
