;tribunnews;metrotv;detik;kompas;viva;pikiranrakyat;jawapos;tempo;bisnisindonesia;tvone;antaranews;cnbcindonesia;republika;disway;kumparan;suara;sindo;liputan6;cnnindonesia;detikx
anies;0.26500219010074466;0.6552631578947369;0.24061538461538462;0.2785493827160494;0.28401826484018267;0.26673326673326675;0.21728691476590636;0.2607913669064748;0.2857142857142857;0.3120879120879121;0.1933534743202417;0.3724832214765101;0.2945945945945946;0.43859649122807015;0.3141025641025641;0.3434343434343434;0.03558718861209965;0.14285714285714285;0.1111111111111111;0.2
prabowo;0.3407796758650898;0.1868421052631579;0.39384615384615385;0.36419753086419754;0.5004566210045662;0.42857142857142855;0.3637454981992797;0.4028776978417266;0.34004024144869216;0.4065934065934066;0.32628398791540786;0.3422818791946309;0.4243243243243243;0.3684210526315789;0.44871794871794873;0.43434343434343436;0.06168446026097272;0.3485714285714286;0.4444444444444444;0.4
ganjar;0.39421813403416556;0.15789473684210525;0.36553846153846153;0.35725308641975306;0.21552511415525114;0.3046953046953047;0.4189675870348139;0.3363309352517986;0.37424547283702214;0.2813186813186813;0.48036253776435045;0.28523489932885904;0.2810810810810811;0.19298245614035087;0.23717948717948717;0.2222222222222222;0.9027283511269276;0.5085714285714286;0.4444444444444444;0.4
imin;0.22678951098511693;0.43478260869565216;0.19832826747720364;0.27641408751334046;0.1959544879898862;0.18165467625899281;0.15581854043392504;0.14646464646464646;0.1917808219178082;0.13712374581939799;0.14763779527559054;0.23308270676691728;0.18726591760299627;0.34108527131782945;0.1796875;0.1864406779661017;0.017953321364452424;0.1323529411764706;0.23076923076923078;0.0
gibran;0.43869596031183555;0.37771739130434784;0.45592705167173253;0.39381003201707576;0.5246523388116309;0.4676258992805755;0.4812623274161736;0.494949494949495;0.44931506849315067;0.5317725752508361;0.4311023622047244;0.39849624060150374;0.5205992509363296;0.4883720930232558;0.5859375;0.3728813559322034;0.07899461400359066;0.17647058823529413;0.19230769230769232;0.75
mahfud;0.3345145287030475;0.1875;0.34574468085106386;0.3297758804695838;0.27939317319848295;0.35071942446043164;0.3629191321499014;0.35858585858585856;0.3589041095890411;0.3311036789297659;0.421259842519685;0.3684210526315789;0.29213483146067415;0.17054263565891473;0.234375;0.4406779661016949;0.9030520646319569;0.6911764705882353;0.5769230769230769;0.25
