;tribunnews;metrotv;detik;kompas;viva;pikiranrakyat;jawapos;tempo;bisnisindonesia;republika;tvone;antaranews;cnbcindonesia;kumparan;disway;sindo;liputan6;suara;cnnindonesia;detikx
anies;0.24783549783549783;0.6073131955484896;0.2277027027027027;0.28431372549019607;0.25317693059628543;0.26058631921824105;0.2072192513368984;0.2606924643584521;0.27314814814814814;0.2577777777777778;0.2837465564738292;0.18882466281310212;0.2875816993464052;0.2907801418439716;0.3333333333333333;0.03526093088857546;0.11827956989247312;0.21739130434782608;0.23076923076923078;0.0
prabowo;0.3582251082251082;0.1987281399046105;0.4243243243243243;0.3698752228163993;0.4760508308895406;0.41042345276872966;0.3315508021390374;0.40122199592668023;0.3726851851851852;0.4533333333333333;0.3939393939393939;0.3468208092485549;0.3888888888888889;0.46099290780141844;0.38333333333333336;0.05500705218617771;0.3333333333333333;0.40217391304347827;0.46153846153846156;1.0
ganjar;0.3939393939393939;0.19395866454689983;0.34797297297297297;0.34581105169340465;0.270772238514174;0.3289902280130293;0.4612299465240642;0.3380855397148676;0.3541666666666667;0.28888888888888886;0.32231404958677684;0.464354527938343;0.3235294117647059;0.24822695035460993;0.2833333333333333;0.9097320169252469;0.5483870967741935;0.3804347826086957;0.3076923076923077;0.0
imin;0.18124507486209615;0.38079470198675497;0.20675105485232068;0.2632794457274827;0.18242343541944075;0.1349036402569593;0.1368909512761021;0.136;0.15654952076677317;0.17366946778711484;0.14661654135338345;0.1111111111111111;0.22666666666666666;0.16312056737588654;0.23711340206185566;0.023076923076923078;0.11627906976744186;0.11594202898550725;0.3103448275862069;0.0
gibran;0.5106382978723404;0.44039735099337746;0.48270042194092827;0.40415704387990764;0.5246338215712384;0.5139186295503212;0.45011600928074247;0.552;0.4984025559105431;0.5630252100840336;0.5413533834586466;0.4715447154471545;0.4533333333333333;0.6382978723404256;0.5463917525773195;0.10384615384615385;0.2558139534883721;0.391304347826087;0.2413793103448276;1.0
mahfud;0.30811662726556344;0.17880794701986755;0.3105485232067511;0.3325635103926097;0.2929427430093209;0.3511777301927195;0.41299303944315546;0.312;0.3450479233226837;0.26330532212885155;0.31203007518796994;0.4173441734417344;0.32;0.19858156028368795;0.21649484536082475;0.8730769230769231;0.627906976744186;0.4927536231884058;0.4482758620689655;0.0
