;tribunnews;metrotv;detik;kompas;viva;jawapos;pikiranrakyat;tempo;bisnisindonesia;republika;tvone;antaranews;cnbcindonesia;disway;kumparan;suara;liputan6;sindo;cnnindonesia;detikx
anies;0.23468271334792123;0.5866013071895425;0.2292817679558011;0.27915518824609736;0.2525354969574036;0.2096128170894526;0.26057529610829105;0.2587991718426501;0.2733644859813084;0.23700623700623702;0.2782608695652174;0.17959183673469387;0.25666666666666665;0.328125;0.30708661417322836;0.2543859649122807;0.13793103448275862;0.03592814371257485;0.23076923076923078;0.0
prabowo;0.38676148796498905;0.21405228758169934;0.43646408839779005;0.38475665748393023;0.46247464503042596;0.32843791722296395;0.4077834179357022;0.40993788819875776;0.3855140186915888;0.48440748440748443;0.39420289855072466;0.363265306122449;0.4166666666666667;0.40625;0.4881889763779528;0.41228070175438597;0.3399014778325123;0.06287425149700598;0.5;1.0
ganjar;0.3785557986870897;0.19934640522875818;0.3342541436464088;0.33608815426997246;0.28498985801217036;0.46194926568758343;0.3316412859560068;0.33126293995859213;0.3411214953271028;0.2785862785862786;0.32753623188405795;0.45714285714285713;0.32666666666666666;0.265625;0.2047244094488189;0.3333333333333333;0.5221674876847291;0.9011976047904192;0.2692307692307692;0.0
imin;0.16577129700690713;0.3356401384083045;0.20974760661444736;0.25;0.17614424410540916;0.1386861313868613;0.1352549889135255;0.13612565445026178;0.15673981191222572;0.14871794871794872;0.1532258064516129;0.11403508771929824;0.2073170731707317;0.21568627450980393;0.16260162601626016;0.1111111111111111;0.10989010989010989;0.027253668763102725;0.23333333333333334;0.0
gibran;0.5448963929393706;0.4913494809688581;0.5065274151436031;0.4287383177570093;0.5270457697642164;0.45255474452554745;0.5565410199556541;0.5759162303664922;0.5329153605015674;0.6102564102564103;0.5403225806451613;0.4853801169590643;0.524390243902439;0.5686274509803921;0.6666666666666666;0.4305555555555556;0.31868131868131866;0.1278825995807128;0.3333333333333333;1.0
mahfud;0.2893323100537222;0.17301038062283736;0.28372497824194953;0.3212616822429907;0.29680998613037446;0.40875912408759124;0.3082039911308204;0.2879581151832461;0.3103448275862069;0.24102564102564103;0.3064516129032258;0.40058479532163743;0.2682926829268293;0.21568627450980393;0.17073170731707318;0.4583333333333333;0.5714285714285714;0.8448637316561844;0.43333333333333335;0.0
