;kompas;tribunnews;cnnindonesia;tempo;suara;viva;antaranews;liputan6;detik;jawapos;bisnisindonesia;idntimes;tvone;republika;disway;sindo;mediaindonesia;pikiranrakyat;rri;tirto;kumparan;cnbcindonesia;metrotv;bloombergtechnoz;katadata;bbc;kontan;cna
anies;0.19576719576719576;0.0821256038647343;0.11508951406649616;0.10422535211267606;0.10324483775811209;0.08767123287671233;0.09364548494983277;0.10775862068965517;0.06896551724137931;0.14285714285714285;0.0881057268722467;0.11409395973154363;0.09497206703910614;0.18292682926829268;0.0748663101604278;0.05726872246696035;0.06217616580310881;0.125;0.07766990291262135;0.041666666666666664;0.06422018348623854;0.017985611510791366;0.049019607843137254;0.0380952380952381;0.01652892561983471;0.16666666666666666;0.008928571428571428;0.0
prabowo;0.5529100529100529;0.534621578099839;0.4629156010230179;0.7098591549295775;0.6902654867256637;0.7342465753424657;0.882943143812709;0.7413793103448276;0.596551724137931;0.7071428571428572;0.8678414096916299;0.8053691275167785;0.7430167597765364;0.6585365853658537;0.8342245989304813;0.6696035242290749;0.6994818652849741;0.6375;0.883495145631068;0.8690476190476191;0.7431192660550459;0.9532374100719424;0.8921568627450981;0.8285714285714286;0.9338842975206612;0.6666666666666666;0.9821428571428571;0.6666666666666666
ganjar;0.25132275132275134;0.3832528180354267;0.4219948849104859;0.18591549295774648;0.20648967551622419;0.1780821917808219;0.023411371237458192;0.15086206896551724;0.33448275862068966;0.15;0.04405286343612335;0.08053691275167785;0.16201117318435754;0.15853658536585366;0.09090909090909091;0.27312775330396477;0.23834196891191708;0.2375;0.038834951456310676;0.08928571428571429;0.1926605504587156;0.02877697841726619;0.058823529411764705;0.13333333333333333;0.049586776859504134;0.16666666666666666;0.008928571428571428;0.3333333333333333
imin;0.0;0.0;0.0;0.0;0.0;0.0;1.0;0.0;0.0;0.0;;0.0;0.0;0.0;;0.0;0.0;;0.0;0.0;0.0;0.0;0.0;;0.0;;;
gibran;0.0;0.25;0.0;0.08333333333333333;0.16666666666666666;0.25;0.0;0.0;0.0;1.0;;0.043478260869565216;0.0;0.0;;1.0;0.0;;0.0;0.0;0.0;0.0;0.0;;0.3333333333333333;;;
mahfud;1.0;0.75;1.0;0.9166666666666666;0.8333333333333334;0.75;0.0;1.0;1.0;0.0;;0.9565217391304348;1.0;1.0;;0.0;1.0;;1.0;1.0;1.0;1.0;1.0;;0.6666666666666666;;;
