;tribunnews;antaranews;kompas;tempo;viva;cnnindonesia;bisnisindonesia;suara;liputan6;sindo;mediaindonesia;disway;republika;tvone;kontan;bloombergtechnoz;detik;metrotv;idntimes;jawapos;kumparan;cnbcindonesia;tirto;rri;cna;pikiranrakyat;katadata
anies;0.0794392523364486;0.07671957671957672;0.08282208588957055;0.06648936170212766;0.09913793103448276;0.08571428571428572;0.07874015748031496;0.07003891050583658;0.05421686746987952;0.06403940886699508;0.06806282722513089;0.06716417910447761;0.14516129032258066;0.09302325581395349;0.03015075376884422;0.06521739130434782;0.03409090909090909;0.08450704225352113;0.0625;0.056179775280898875;0.047619047619047616;0.01606425702811245;0.024539877300613498;0.0392156862745098;0.0625;0.02857142857142857;0.0
prabowo;0.530373831775701;0.8756613756613757;0.8190184049079755;0.7872340425531915;0.7629310344827587;0.6448979591836734;0.8700787401574803;0.7859922178988327;0.8463855421686747;0.6798029556650246;0.7591623036649214;0.8432835820895522;0.6774193548387096;0.6395348837209303;0.9547738693467337;0.8369565217391305;0.7897727272727273;0.8309859154929577;0.8875;0.8314606741573034;0.6904761904761905;0.9357429718875502;0.8220858895705522;0.8823529411764706;0.875;0.8285714285714286;0.9494949494949495
ganjar;0.3901869158878505;0.047619047619047616;0.09815950920245399;0.14627659574468085;0.13793103448275862;0.2693877551020408;0.051181102362204724;0.14396887159533073;0.09939759036144578;0.2561576354679803;0.17277486910994763;0.08955223880597014;0.1774193548387097;0.26744186046511625;0.01507537688442211;0.09782608695652174;0.17613636363636365;0.08450704225352113;0.05;0.11235955056179775;0.2619047619047619;0.04819277108433735;0.15337423312883436;0.0784313725490196;0.0625;0.14285714285714285;0.050505050505050504
imin;0.0;0.0;0.0;0.0;0.0;0.0;0.0;0.0;0.0;0.0;0.3333333333333333;0.0;0.0;0.058823529411764705;0.0;0.5;0.0;0.02702702702702703;0.0;0.0;0.0;0.0;0.0;0.0;;0.0;0.0
gibran;0.9473684210526315;0.5;0.20689655172413793;0.6;0.5;0.09090909090909091;1.0;0.7;0.20588235294117646;1.0;0.6666666666666666;0.3333333333333333;0.0;0.029411764705882353;1.0;0.0;0.08108108108108109;0.0;0.06896551724137931;0.0;0.5;0.09090909090909091;0.0;0.0;;0.2727272727272727;1.0
mahfud;0.05263157894736842;0.5;0.7931034482758621;0.4;0.5;0.9090909090909091;0.0;0.3;0.7941176470588235;0.0;0.0;0.6666666666666666;1.0;0.9117647058823529;0.0;0.5;0.918918918918919;0.972972972972973;0.9310344827586207;1.0;0.5;0.9090909090909091;1.0;1.0;;0.7272727272727273;0.0
