;tribunnews;metrotv;detik;kompas;viva;pikiranrakyat;jawapos;tempo;bisnisindonesia;republika;tvone;antaranews;cnbcindonesia;disway;kumparan;sindo;liputan6;suara;cnnindonesia;detikx
anies;0.23759647188533628;0.5854838709677419;0.22618231665524333;0.28076572470373745;0.248234106962664;0.2668918918918919;0.20533333333333334;0.25260960334029225;0.2651162790697674;0.23717948717948717;0.28205128205128205;0.18379446640316205;0.2576271186440678;0.3053435114503817;0.3008130081300813;0.03519061583577713;0.1218274111675127;0.20202020202020202;0.2222222222222222;0.0
prabowo;0.38478500551267913;0.21451612903225806;0.4393420150788211;0.3828623518687329;0.47325933400605447;0.39864864864864863;0.33466666666666667;0.4133611691022965;0.3883720930232558;0.4807692307692308;0.3903133903133903;0.36363636363636365;0.4135593220338983;0.42748091603053434;0.4796747967479675;0.06158357771260997;0.3401015228426396;0.43434343434343436;0.48148148148148145;1.0
ganjar;0.3776185226019846;0.2;0.33447566826593556;0.33637192342752964;0.2785065590312815;0.3344594594594595;0.46;0.33402922755741127;0.34651162790697676;0.28205128205128205;0.32763532763532766;0.4525691699604743;0.3288135593220339;0.26717557251908397;0.21951219512195122;0.9032258064516129;0.5380710659898477;0.36363636363636365;0.2962962962962963;0.0
imin;0.1712962962962963;0.3423728813559322;0.2058070025619129;0.2529137529137529;0.1815680880330124;0.1394335511982571;0.13647058823529412;0.13262599469496023;0.1557632398753894;0.15064935064935064;0.14785992217898833;0.1111111111111111;0.21518987341772153;0.21904761904761905;0.16279069767441862;0.02594810379241517;0.10989010989010989;0.1095890410958904;0.28125;0.0
gibran;0.5416666666666666;0.48135593220338985;0.502134927412468;0.4219114219114219;0.5268225584594223;0.5337690631808278;0.45647058823529413;0.5702917771883289;0.5202492211838006;0.6025974025974026;0.5447470817120622;0.4888888888888889;0.4936708860759494;0.5714285714285714;0.6434108527131783;0.12574850299401197;0.31868131868131866;0.4246575342465753;0.3125;1.0
mahfud;0.28703703703703703;0.17627118644067796;0.2920580700256191;0.32517482517482516;0.29160935350756534;0.32679738562091504;0.40705882352941175;0.29708222811671087;0.32398753894080995;0.24675324675324675;0.30739299610894943;0.4;0.2911392405063291;0.20952380952380953;0.1937984496124031;0.8483033932135728;0.5714285714285714;0.4657534246575342;0.40625;0.0
