;tribunnews;detik;metrotv;kompas;viva;jawapos;pikiranrakyat;republika;tempo;bisnisindonesia;cnbcindonesia;tvone;antaranews;kumparan;liputan6;disway;suara;sindo;cnnindonesia;detikx
anies;0.22794899043570668;0.2273042273042273;0.5497470489038786;0.26919431279620853;0.23278370514064015;0.2005420054200542;0.24561403508771928;0.22527472527472528;0.24242424242424243;0.2826086956521739;0.26;0.23853211009174313;0.17814726840855108;0.28378378378378377;0.1598360655737705;0.2777777777777778;0.24812030075187969;0.039792387543252594;0.2413793103448276;0.3333333333333333
prabowo;0.4064824654622742;0.45807345807345806;0.23946037099494097;0.4018957345971564;0.45295829291949563;0.34010840108401086;0.43157894736842106;0.5164835164835165;0.4262626262626263;0.38405797101449274;0.43333333333333335;0.41284403669724773;0.4014251781472684;0.47297297297297297;0.36475409836065575;0.3968253968253968;0.39849624060150374;0.0726643598615917;0.5172413793103449;0.6666666666666666
ganjar;0.3655685441020191;0.3146223146223146;0.21079258010118043;0.3289099526066351;0.3142580019398642;0.45934959349593496;0.32280701754385965;0.25824175824175827;0.33131313131313134;0.3333333333333333;0.30666666666666664;0.3486238532110092;0.42042755344418054;0.24324324324324326;0.47540983606557374;0.3253968253968254;0.3533834586466165;0.8875432525951558;0.2413793103448276;0.0
imin;0.14533622559652928;0.19746835443037974;0.3395638629283489;0.22765196662693682;0.16875871687587168;0.1386861313868613;0.12628865979381443;0.15246636771300448;0.13216957605985039;0.174496644295302;0.24210526315789474;0.16017316017316016;0.08783783783783784;0.17424242424242425;0.07692307692307693;0.15384615384615385;0.10869565217391304;0.028761061946902654;0.15625;0.0
gibran;0.5603759942154736;0.5206751054852321;0.4953271028037383;0.45172824791418353;0.5174337517433751;0.43795620437956206;0.5644329896907216;0.6278026905829597;0.5935162094763092;0.5134228187919463;0.5473684210526316;0.5238095238095238;0.5033783783783784;0.6363636363636364;0.41346153846153844;0.5384615384615384;0.4782608695652174;0.15265486725663716;0.53125;1.0
mahfud;0.2942877801879971;0.2818565400843882;0.16510903426791276;0.3206197854588796;0.3138075313807531;0.4233576642335766;0.30927835051546393;0.21973094170403587;0.2743142144638404;0.31208053691275167;0.21052631578947367;0.31601731601731603;0.40878378378378377;0.1893939393939394;0.5096153846153846;0.3076923076923077;0.41304347826086957;0.8185840707964602;0.3125;0.0
