;kompas;tribunnews;cnnindonesia;suara;tempo;viva;antaranews;liputan6;detik;bisnisindonesia;jawapos;idntimes;tvone;republika;disway;mediaindonesia;sindo;pikiranrakyat;rri;tirto;kumparan;cnbcindonesia;metrotv;bloombergtechnoz;katadata;bbc;kontan;cna
anies;0.21052631578947367;0.10194902548725637;0.11302211302211303;0.10743801652892562;0.09840425531914894;0.09788359788359788;0.09316770186335403;0.104;0.08992805755395683;0.1004566210045662;0.13815789473684212;0.11801242236024845;0.0972972972972973;0.189873417721519;0.07281553398058252;0.06829268292682927;0.06018518518518518;0.10989010989010989;0.08490566037735849;0.04419889502762431;0.061946902654867256;0.01730103806228374;0.043478260869565216;0.037037037037037035;0.015503875968992248;0.2;0.008064516129032258;0.0
prabowo;0.5413533834586466;0.5937031484257871;0.5135135135135135;0.7024793388429752;0.7313829787234043;0.753968253968254;0.8881987577639752;0.776;0.5935251798561151;0.8584474885844748;0.7368421052631579;0.8012422360248447;0.7621621621621621;0.6455696202531646;0.8592233009708737;0.7365853658536585;0.7175925925925926;0.6923076923076923;0.8773584905660378;0.8895027624309392;0.7610619469026548;0.9584775086505191;0.8956521739130435;0.8333333333333334;0.9457364341085271;0.6;0.9838709677419355;0.7692307692307693
ganjar;0.24812030075187969;0.30434782608695654;0.37346437346437344;0.19008264462809918;0.1702127659574468;0.14814814814814814;0.018633540372670808;0.12;0.31654676258992803;0.0410958904109589;0.125;0.08074534161490683;0.14054054054054055;0.16455696202531644;0.06796116504854369;0.1951219512195122;0.2222222222222222;0.1978021978021978;0.03773584905660377;0.06629834254143646;0.17699115044247787;0.02422145328719723;0.06086956521739131;0.12962962962962962;0.03875968992248062;0.2;0.008064516129032258;0.23076923076923078
imin;0.0;0.0;0.0;0.0;0.0;0.0;1.0;0.0;0.0;;0.0;0.0;0.0;0.0;0.0;0.0;0.0;0.0;0.0;0.0;0.0;0.0;0.0;;0.0;;0.0;
gibran;0.0;0.3333333333333333;0.0;0.3076923076923077;0.2857142857142857;0.3333333333333333;0.0;0.0;0.0;;1.0;0.045454545454545456;0.0;0.045454545454545456;1.0;0.0;1.0;0.0;0.0;0.0;0.0;0.0;0.0;;0.3333333333333333;;1.0;
mahfud;1.0;0.6666666666666666;1.0;0.6923076923076923;0.7142857142857143;0.6666666666666666;0.0;1.0;1.0;;0.0;0.9545454545454546;1.0;0.9545454545454546;0.0;1.0;0.0;1.0;1.0;1.0;1.0;1.0;1.0;;0.6666666666666666;;0.0;
