;tribunnews;metrotv;detik;kompas;viva;pikiranrakyat;jawapos;tempo;bisnisindonesia;tvone;republika;cnbcindonesia;antaranews;disway;kumparan;suara;sindo;liputan6;cnnindonesia;detikx
anies;0.2602140077821012;0.6174033149171271;0.2350346565847511;0.28449744463373083;0.26358695652173914;0.27003699136868065;0.21712907117008443;0.25946969696969696;0.28297872340425534;0.2904761904761905;0.26635514018691586;0.3333333333333333;0.19094488188976377;0.3724137931034483;0.3157894736842105;0.29906542056074764;0.03810775295663601;0.11351351351351352;0.17391304347826086;0.3333333333333333
prabowo;0.35651750972762647;0.20165745856353592;0.42218021424070573;0.3747870528109029;0.4782608695652174;0.4217016029593095;0.34620024125452353;0.39204545454545453;0.3553191489361702;0.3880952380952381;0.4485981308411215;0.35873015873015873;0.34448818897637795;0.36551724137931035;0.4276315789473684;0.40186915887850466;0.05781865965834428;0.32972972972972975;0.43478260869565216;0.3333333333333333
ganjar;0.3832684824902724;0.18093922651933703;0.3427851291745432;0.34071550255536626;0.25815217391304346;0.3082614056720099;0.436670687575392;0.3484848484848485;0.3617021276595745;0.32142857142857145;0.2850467289719626;0.30793650793650795;0.4645669291338583;0.2620689655172414;0.2565789473684211;0.29906542056074764;0.9040735873850198;0.5567567567567567;0.391304347826087;0.3333333333333333
imin;0.1941747572815534;0.4074074074074074;0.20394736842105263;0.2693208430913349;0.1859557867360208;0.14225941422594143;0.15124153498871332;0.1527777777777778;0.17133956386292834;0.14855072463768115;0.1875;0.23529411764705882;0.11171662125340599;0.24509803921568626;0.17054263565891473;0.1509433962264151;0.024074074074074074;0.125;0.3333333333333333;0.0
gibran;0.49029126213592233;0.4276094276094276;0.47944078947368424;0.3992974238875878;0.5227568270481144;0.50418410041841;0.4401805869074492;0.5361111111111111;0.4766355140186916;0.5434782608695652;0.54375;0.4852941176470588;0.4768392370572207;0.5490196078431373;0.6356589147286822;0.4339622641509434;0.08148148148148149;0.2222222222222222;0.2222222222222222;1.0
mahfud;0.3155339805825243;0.16498316498316498;0.31661184210526316;0.33138173302107726;0.29128738621586475;0.35355648535564854;0.40857787810383744;0.3111111111111111;0.35202492211838005;0.3079710144927536;0.26875;0.27941176470588236;0.4114441416893733;0.20588235294117646;0.1937984496124031;0.41509433962264153;0.8944444444444445;0.6527777777777778;0.4444444444444444;0.0
