;tribunnews;antaranews;tempo;viva;kompas;cnnindonesia;liputan6;suara;bisnisindonesia;mediaindonesia;sindo;republika;kontan;disway;detik;tvone;bloombergtechnoz;jawapos;idntimes;metrotv;kumparan;cnbcindonesia;tirto;rri;cna;pikiranrakyat;katadata
anies;0.0748792270531401;0.08136482939632546;0.06521739130434782;0.10212765957446808;0.0749185667752443;0.09166666666666666;0.06230529595015576;0.075;0.0703125;0.07537688442211055;0.07216494845360824;0.14285714285714285;0.038834951456310676;0.05925925925925926;0.03763440860215054;0.0875;0.06382978723404255;0.06976744186046512;0.06666666666666667;0.07246376811594203;0.05194805194805195;0.01556420233463035;0.024691358024691357;0.058823529411764705;0.06666666666666667;0.030303030303030304;0.0
prabowo;0.5676328502415459;0.8740157480314961;0.8179347826086957;0.7787234042553192;0.8436482084690554;0.6666666666666666;0.8535825545171339;0.825;0.8671875;0.7437185929648241;0.6958762886597938;0.7142857142857143;0.9466019417475728;0.8666666666666667;0.8494623655913979;0.7125;0.851063829787234;0.8372093023255814;0.8933333333333333;0.855072463768116;0.7662337662337663;0.9494163424124513;0.845679012345679;0.8627450980392157;0.8666666666666667;0.8484848484848485;0.95
ganjar;0.357487922705314;0.04461942257217848;0.11684782608695653;0.11914893617021277;0.08143322475570032;0.24166666666666667;0.08411214953271028;0.1;0.0625;0.18090452261306533;0.23195876288659795;0.14285714285714285;0.014563106796116505;0.07407407407407407;0.11290322580645161;0.2;0.0851063829787234;0.09302325581395349;0.04;0.07246376811594203;0.18181818181818182;0.03501945525291829;0.12962962962962962;0.0784313725490196;0.06666666666666667;0.12121212121212122;0.05
imin;0.0;0.0;0.0;0.0;0.0;0.0;0.0;0.0;0.0;0.2;0.0;0.0;0.0;0.0;0.0;0.06451612903225806;0.5;0.0;0.0;0.02564102564102564;0.0;0.0;0.0;0.0;;0.0;0.0
gibran;0.95;0.5;0.5833333333333334;0.3333333333333333;0.24489795918367346;0.08620689655172414;0.19444444444444445;0.8;1.0;0.4;1.0;0.029411764705882353;1.0;0.3333333333333333;0.10344827586206896;0.03225806451612903;0.0;0.5;0.0967741935483871;0.0;0.5;0.125;0.0;0.0;;0.3333333333333333;1.0
mahfud;0.05;0.5;0.4166666666666667;0.6666666666666666;0.7551020408163265;0.9137931034482759;0.8055555555555556;0.2;0.0;0.4;0.0;0.9705882352941176;0.0;0.6666666666666666;0.896551724137931;0.9032258064516129;0.5;0.5;0.9032258064516129;0.9743589743589743;0.5;0.875;1.0;1.0;;0.6666666666666666;0.0
