;tribunnews;metrotv;detik;kompas;viva;pikiranrakyat;jawapos;tvone;tempo;bisnisindonesia;antaranews;cnbcindonesia;republika;disway;kumparan;suara;sindo;liputan6;cnnindonesia;detikx
anies;0.26214028776978415;0.6291390728476821;0.23207776427703525;0.2696715049656226;0.2742653606411398;0.2664609053497942;0.22588235294117648;0.31210191082802546;0.2574430823117338;0.28772635814889336;0.19039735099337748;0.3517915309446254;0.2654639175257732;0.4452054794520548;0.31645569620253167;0.3211009174311927;0.036773428232502965;0.13872832369942195;0.1;0.3333333333333333
prabowo;0.3439748201438849;0.2;0.40765492102065615;0.3689839572192513;0.4959928762243989;0.4279835390946502;0.35294117647058826;0.39065817409766457;0.3975481611208406;0.34004024144869216;0.3294701986754967;0.36156351791530944;0.43556701030927836;0.363013698630137;0.43670886075949367;0.43119266055045874;0.06168446026097272;0.3468208092485549;0.45;0.3333333333333333
ganjar;0.39388489208633093;0.17086092715231788;0.3602673147023086;0.36134453781512604;0.22974176313446126;0.3055555555555556;0.4211764705882353;0.29723991507430997;0.3450087565674256;0.3722334004024145;0.48013245033112584;0.28664495114006516;0.29896907216494845;0.1917808219178082;0.2468354430379747;0.24770642201834864;0.9015421115065243;0.5144508670520231;0.45;0.3333333333333333
imin;0.20726672171758878;0.42105263157894735;0.2056910569105691;0.27958236658932717;0.18498659517426275;0.16346153846153846;0.1590909090909091;0.14184397163120568;0.14363143631436315;0.17295597484276728;0.11851851851851852;0.25333333333333335;0.17582417582417584;0.3118279569892473;0.1694915254237288;0.17307692307692307;0.018691588785046728;0.12307692307692308;0.23076923076923078;0.0
gibran;0.45334434351775393;0.41118421052631576;0.45203252032520325;0.3874709976798144;0.5254691689008043;0.47115384615384615;0.45227272727272727;0.524822695035461;0.5149051490514905;0.4591194968553459;0.4469135802469136;0.4266666666666667;0.5164835164835165;0.5376344086021505;0.6101694915254238;0.40384615384615385;0.07289719626168224;0.2;0.23076923076923078;1.0
mahfud;0.3393889347646573;0.16776315789473684;0.34227642276422765;0.3329466357308585;0.289544235924933;0.36538461538461536;0.3886363636363636;0.3333333333333333;0.34146341463414637;0.36792452830188677;0.4345679012345679;0.32;0.3076923076923077;0.15053763440860216;0.22033898305084745;0.4230769230769231;0.908411214953271;0.676923076923077;0.5384615384615384;0.0
