;tribunnews;metrotv;detik;kompas;viva;pikiranrakyat;jawapos;tempo;bisnisindonesia;republika;tvone;antaranews;cnbcindonesia;kumparan;disway;sindo;liputan6;suara;cnnindonesia;detikx
anies;0.0;0.0;0.0;0.0;0.0;0.0;0.0;0.0;0.0;0.0;0.0;0.0;0.0;0.0;0.0;0.0;0.0;0.0;0.0;0.0
prabowo;0.0;0.0;0.0;0.0;0.0;0.0;0.0;0.0;0.0;0.0;0.0;0.0;0.0;0.0;0.0;0.0;0.0;0.0;0.0;0.0
ganjar;0.0;0.0;0.0;0.0;0.0;0.0;0.0;0.0;0.0;0.0;0.0;0.0;0.0;0.0;0.0;0.0;0.0;0.0;0.0;0.0
imin;0.18245888801879404;0.38263665594855306;0.20098441345365053;0.26057142857142856;0.1815823605706874;0.13598326359832635;0.14018691588785046;0.14133333333333334;0.15625;0.17746478873239438;0.14661654135338345;0.10991957104557641;0.22666666666666666;0.1619718309859155;0.23469387755102042;0.022988505747126436;0.12345679012345678;0.11940298507462686;0.3103448275862069;0.0
gibran;0.5027407987470635;0.4405144694533762;0.4856439704675964;0.40685714285714286;0.5214007782101168;0.5104602510460251;0.45093457943925236;0.5413333333333333;0.490625;0.5549295774647888;0.5451127819548872;0.4718498659517426;0.4533333333333333;0.6408450704225352;0.5510204081632653;0.10344827586206896;0.2222222222222222;0.373134328358209;0.2413793103448276;1.0
mahfud;0.31480031323414254;0.17684887459807075;0.3133716160787531;0.3325714285714286;0.29701686121919585;0.35355648535564854;0.4088785046728972;0.31733333333333336;0.353125;0.2676056338028169;0.3082706766917293;0.41823056300268097;0.32;0.19718309859154928;0.21428571428571427;0.8735632183908046;0.654320987654321;0.5074626865671642;0.4482758620689655;0.0
