;tribunnews;metrotv;pikiranrakyat;viva;kompas;antaranews;detik;tvone;tempo;jawapos;bisnisindonesia;cnbcindonesia;disway;kumparan;suara;republika;sindo;liputan6;cnnindonesia;detikx
anies;0.26739752144899903;0.6453558504221955;0.3035122597746852;0.26402393418100223;0.28760330578512394;0.22718052738336714;0.2640977443609023;0.3413098236775819;0.2722457627118644;0.22304832713754646;0.30526315789473685;0.38415841584158417;0.4533762057877814;0.35359116022099446;0.31806615776081426;0.26625386996904027;0.04231082180634662;0.18699186991869918;0.17647058823529413;0.16666666666666666
prabowo;0.3617731172545281;0.2135102533172497;0.4340622929092114;0.5684367988032909;0.3702479338842975;0.3583502366463827;0.44642857142857145;0.4080604534005038;0.3908898305084746;0.3903345724907063;0.35;0.3564356435643564;0.40514469453376206;0.43646408839779005;0.4173027989821883;0.5046439628482973;0.07241659886086249;0.34959349593495936;0.5294117647058824;0.5
ganjar;0.3708293612964728;0.1411338962605549;0.2624254473161034;0.16753926701570682;0.3421487603305785;0.41446923597025015;0.2894736842105263;0.2506297229219144;0.336864406779661;0.38661710037174724;0.3447368421052632;0.2594059405940594;0.1414790996784566;0.20994475138121546;0.26463104325699743;0.22910216718266255;0.8852725793327909;0.4634146341463415;0.29411764705882354;0.3333333333333333
imin;0.2092511013215859;0.47415730337078654;0.24041297935103245;0.18130630630630631;0.336734693877551;0.16649537512846865;0.24015748031496062;0.17718940936863545;0.151618398637138;0.1697792869269949;0.20784313725490197;0.23076923076923078;0.2916666666666667;0.23788546255506607;0.1566265060240964;0.17733990147783252;0.01948051948051948;0.14563106796116504;0.28;0.0
gibran;0.45704845814977973;0.35730337078651686;0.41887905604719766;0.5664414414414415;0.4005102040816326;0.4645426515930113;0.47244094488188976;0.5030549898167006;0.4599659284497445;0.5042444821731749;0.4568627450980392;0.3905325443786982;0.546875;0.5594713656387665;0.4578313253012048;0.5320197044334976;0.08441558441558442;0.24271844660194175;0.28;0.75
mahfud;0.33370044052863435;0.16853932584269662;0.3407079646017699;0.25225225225225223;0.2627551020408163;0.36896197327852004;0.2874015748031496;0.319755600814664;0.38841567291311757;0.32597623089983024;0.3352941176470588;0.378698224852071;0.16145833333333334;0.2026431718061674;0.3855421686746988;0.29064039408866993;0.8961038961038961;0.6116504854368932;0.44;0.25
