;tribunnews;metrotv;detik;kompas;pikiranrakyat;viva;antaranews;tvone;jawapos;tempo;bisnisindonesia;cnbcindonesia;disway;kumparan;republika;sindo;suara;liputan6;detikx;cnnindonesia
anies;0.26825792661204134;0.6525229357798165;0.22061191626409019;0.2574123989218329;0.29277566539923955;0.27362736273627364;0.21347331583552057;0.34408602150537637;0.21313364055299538;0.26368876080691644;0.29061371841155237;0.3900523560209424;0.4772727272727273;0.35251798561151076;0.2545454545454545;0.04105263157894737;0.34782608695652173;0.13125;0.2;0.07692307692307693
prabowo;0.3437833986462415;0.19495412844036697;0.4111647879763822;0.37735849056603776;0.4372623574144487;0.5571557155715572;0.36045494313210846;0.3996415770609319;0.39285714285714285;0.3703170028818444;0.3628158844765343;0.33507853403141363;0.38181818181818183;0.4352517985611511;0.5054545454545455;0.07789473684210527;0.4782608695652174;0.375;0.4;0.5384615384615384
ganjar;0.38795867474171714;0.15252293577981652;0.36822329575952767;0.36522911051212936;0.26996197718631176;0.1692169216921692;0.42607174103237094;0.25627240143369173;0.39400921658986177;0.3659942363112392;0.34657039711191334;0.27486910994764396;0.1409090909090909;0.21223021582733814;0.24;0.8810526315789474;0.17391304347826086;0.49375;0.4;0.38461538461538464
imin;0.23866498740554157;0.46153846153846156;0.22381930184804927;0.3087248322147651;0.24053452115812918;0.18727050183598531;0.1782051282051282;0.19346049046321526;0.17690875232774675;0.16594827586206898;0.2073170731707317;0.22012578616352202;0.3401360544217687;0.2122905027932961;0.16580310880829016;0.017915309446254073;0.22916666666666666;0.16;0.0;0.3
gibran;0.4552896725440806;0.3783783783783784;0.48254620123203285;0.4074784276126558;0.42538975501113585;0.5679314565483476;0.46923076923076923;0.49591280653950953;0.49906890130353815;0.4396551724137931;0.47804878048780486;0.39622641509433965;0.5170068027210885;0.5754189944134078;0.5492227979274611;0.08957654723127036;0.2916666666666667;0.22666666666666666;0.6666666666666666;0.25
mahfud;0.3060453400503778;0.1600831600831601;0.2936344969199179;0.2837967401725791;0.33407572383073497;0.24479804161566707;0.3525641025641026;0.3106267029972752;0.3240223463687151;0.39439655172413796;0.3146341463414634;0.3836477987421384;0.14285714285714285;0.2122905027932961;0.2849740932642487;0.8925081433224755;0.4791666666666667;0.6133333333333333;0.3333333333333333;0.45
