;tribunnews;metrotv;detik;kompas;viva;pikiranrakyat;antaranews;tvone;jawapos;tempo;bisnisindonesia;cnbcindonesia;kumparan;disway;republika;suara;sindo;liputan6;detikx;cnnindonesia
anies;0.26244167962674964;0.6823379923761118;0.20447849145550973;0.24602573807721423;0.26653696498054474;0.2690951821386604;0.1900990099009901;0.3282442748091603;0.19478908188585609;0.23684210526315788;0.2883435582822086;0.3942652329749104;0.3347107438016529;0.46706586826347307;0.244;0.3469387755102041;0.03333333333333333;0.12962962962962962;0.25;0.0
prabowo;0.3394245723172628;0.17662007623888182;0.41838538597525043;0.3762301286903861;0.5642023346303502;0.4336075205640423;0.36435643564356435;0.4026717557251908;0.38957816377171217;0.3684210526315789;0.35173824130879344;0.2974910394265233;0.4297520661157025;0.3772455089820359;0.508;0.47959183673469385;0.05806451612903226;0.36419753086419754;0.25;0.5
ganjar;0.39813374805598756;0.14104193138500634;0.37713612256923984;0.3777441332323997;0.16926070038910507;0.2972972972972973;0.44554455445544555;0.26908396946564883;0.41563275434243174;0.39473684210526316;0.35991820040899797;0.30824372759856633;0.23553719008264462;0.15568862275449102;0.248;0.17346938775510204;0.9086021505376344;0.5061728395061729;0.5;0.5
imin;0.23382173382173382;0.45052631578947366;0.22894736842105262;0.3053016453382084;0.19489559164733178;0.22929936305732485;0.17676767676767677;0.18814432989690721;0.18330308529945555;0.1589958158995816;0.21462264150943397;0.22151898734177214;0.22826086956521738;0.3288590604026846;0.175;0.22413793103448276;0.01765650080256822;0.125;0.0;0.3
gibran;0.45604395604395603;0.3894736842105263;0.4776315789473684;0.41224862888482633;0.5638051044083526;0.4267515923566879;0.4696969696969697;0.5;0.49909255898366606;0.4560669456066946;0.4693396226415094;0.41139240506329117;0.5652173913043478;0.5234899328859061;0.54;0.3103448275862069;0.08186195826645265;0.225;0.6666666666666666;0.25
mahfud;0.31013431013431014;0.16;0.29342105263157897;0.28244972577696525;0.24129930394431554;0.34394904458598724;0.35353535353535354;0.3118556701030928;0.3176043557168784;0.38493723849372385;0.3160377358490566;0.3670886075949367;0.20652173913043478;0.1476510067114094;0.285;0.46551724137931033;0.9004815409309791;0.65;0.3333333333333333;0.45
