;tribunnews;metrotv;detik;kompas;viva;pikiranrakyat;antaranews;tvone;jawapos;tempo;bisnisindonesia;cnbcindonesia;kumparan;disway;republika;suara;sindo;liputan6;detikx;cnnindonesia
anies;0.2620528771384137;0.6788874841972187;0.20551967116852612;0.2465857359635812;0.26356589147286824;0.27134502923976606;0.19090009891196835;0.32695984703632885;0.19478908188585609;0.23731587561374795;0.28542094455852157;0.3964285714285714;0.3401639344262295;0.46706586826347307;0.24096385542168675;0.3469387755102041;0.03333333333333333;0.12883435582822086;0.25;0.0
prabowo;0.3402021772939347;0.17825537294563842;0.4192601291837933;0.37632776934749623;0.5658914728682171;0.43157894736842106;0.3649851632047478;0.40152963671128106;0.38957816377171217;0.36824877250409166;0.3531827515400411;0.29642857142857143;0.4262295081967213;0.3772455089820359;0.5100401606425703;0.47959183673469385;0.05913978494623656;0.36809815950920244;0.25;0.5
ganjar;0.3977449455676516;0.14285714285714285;0.37522019964768055;0.37708649468892264;0.17054263565891473;0.2970760233918129;0.44411473788328387;0.27151051625239003;0.41563275434243174;0.3944353518821604;0.3613963039014374;0.30714285714285716;0.2336065573770492;0.15568862275449102;0.24899598393574296;0.17346938775510204;0.9075268817204301;0.5030674846625767;0.5;0.5
imin;0.2334963325183374;0.45397489539748953;0.22894736842105262;0.3058608058608059;0.1925754060324826;0.2330508474576271;0.17632241813602015;0.18863049095607234;0.18297101449275363;0.16075156576200417;0.21462264150943397;0.22151898734177214;0.22826086956521738;0.32666666666666666;0.175;0.22413793103448276;0.017628205128205128;0.125;0.0;0.3
gibran;0.4572127139364303;0.38702928870292885;0.4789473684210526;0.41117216117216115;0.5649651972157773;0.4216101694915254;0.46977329974811083;0.49870801033591733;0.5;0.4551148225469729;0.4693396226415094;0.41139240506329117;0.5652173913043478;0.5266666666666666;0.54;0.3103448275862069;0.08173076923076923;0.225;0.6666666666666666;0.25
mahfud;0.3092909535452323;0.1589958158995816;0.29210526315789476;0.28296703296703296;0.24245939675174014;0.3453389830508475;0.353904282115869;0.31266149870801035;0.3170289855072464;0.38413361169102295;0.3160377358490566;0.3670886075949367;0.20652173913043478;0.14666666666666667;0.285;0.46551724137931033;0.9006410256410257;0.65;0.3333333333333333;0.45
