;tribunnews;metrotv;detik;kompas;viva;pikiranrakyat;jawapos;tempo;bisnisindonesia;republika;tvone;antaranews;cnbcindonesia;kumparan;disway;liputan6;suara;sindo;cnnindonesia;detikx
anies;0.23234501347708894;0.5690515806988353;0.23237962316817865;0.2762906309751434;0.24573721163490472;0.2585034013605442;0.20161290322580644;0.2530612244897959;0.288135593220339;0.2263056092843327;0.26153846153846155;0.18820861678004536;0.25925925925925924;0.30714285714285716;0.3046875;0.14027149321266968;0.24603174603174602;0.03636363636363636;0.25;0.3333333333333333
prabowo;0.39568733153638813;0.22296173044925124;0.4424284717376134;0.3919694072657744;0.45035105315947843;0.4217687074829932;0.33736559139784944;0.4204081632653061;0.387409200968523;0.5164410058027079;0.4153846153846154;0.38095238095238093;0.4276094276094276;0.4785714285714286;0.375;0.36199095022624433;0.42063492063492064;0.06611570247933884;0.5357142857142857;0.6666666666666666
ganjar;0.3719676549865229;0.2079866888519135;0.325191905094208;0.3317399617590822;0.3039117352056169;0.3197278911564626;0.46102150537634407;0.32653061224489793;0.324455205811138;0.2572533849129594;0.3230769230769231;0.4308390022675737;0.31313131313131315;0.21428571428571427;0.3203125;0.497737556561086;0.3333333333333333;0.8975206611570248;0.21428571428571427;0.0
imin;0.15345080763582966;0.34069400630914826;0.20563139931740615;0.23837902264600716;0.17422096317280453;0.1342925659472422;0.13975903614457832;0.13520408163265307;0.16233766233766234;0.1522248243559719;0.1652542372881356;0.10576923076923077;0.25;0.17829457364341086;0.1792452830188679;0.09278350515463918;0.11235955056179775;0.028017241379310345;0.18181818181818182;0.0
gibran;0.5565345080763583;0.48580441640378547;0.5136518771331058;0.4362336114421931;0.5141643059490085;0.5515587529976019;0.4433734939759036;0.5816326530612245;0.5324675324675324;0.6229508196721312;0.5254237288135594;0.49038461538461536;0.5104166666666666;0.6589147286821705;0.5283018867924528;0.35051546391752575;0.449438202247191;0.14224137931034483;0.45454545454545453;1.0
mahfud;0.290014684287812;0.17350157728706625;0.28071672354948807;0.3253873659117998;0.311614730878187;0.31414868105515587;0.41686746987951806;0.28316326530612246;0.3051948051948052;0.22482435597189696;0.3093220338983051;0.40384615384615385;0.23958333333333334;0.16279069767441862;0.29245283018867924;0.5567010309278351;0.43820224719101125;0.8297413793103449;0.36363636363636365;0.0
