;tribunnews;metrotv;detik;kompas;pikiranrakyat;viva;antaranews;tvone;tempo;jawapos;cnbcindonesia;bisnisindonesia;disway;suara;kumparan;republika;sindo;liputan6;cnnindonesia;detikx
anies;0.271095717884131;0.6465422612513722;0.2339913336543091;0.26973684210526316;0.3017241379310345;0.2598551890587289;0.2328977709454266;0.338006230529595;0.27125;0.22900763358778625;0.3851063829787234;0.29081632653061223;0.47470817120622566;0.3411764705882353;0.34591194968553457;0.26755852842809363;0.05090137857900318;0.20103092783505155;0.17647058823529413;0.16666666666666666
prabowo;0.36114609571788414;0.21514818880351264;0.4236880115551276;0.3839712918660287;0.45454545454545453;0.5711987127916331;0.372021521906226;0.4143302180685358;0.395;0.40021810250817885;0.3638297872340426;0.35714285714285715;0.39299610894941633;0.4147058823529412;0.44025157232704404;0.5150501672240803;0.08377518557794274;0.3711340206185567;0.5294117647058824;0.5
ganjar;0.3677581863979849;0.13830954994511527;0.34232065479056334;0.34629186602870815;0.24373040752351097;0.16894609814963799;0.3950807071483474;0.24766355140186916;0.33375;0.3707742639040349;0.251063829787234;0.3520408163265306;0.13229571984435798;0.24411764705882352;0.2138364779874214;0.21739130434782608;0.865323435843054;0.42783505154639173;0.29411764705882354;0.3333333333333333
imin;0.22676579925650558;0.4787018255578093;0.21020408163265306;0.3280943025540275;0.2685370741482966;0.17906683480453972;0.17152858809801633;0.18461538461538463;0.16595744680851063;0.1854043392504931;0.22641509433962265;0.21614583333333334;0.32432432432432434;0.16666666666666666;0.2388888888888889;0.18518518518518517;0.022435897435897436;0.13513513513513514;0.29411764705882354;0.0
gibran;0.45043370508054525;0.359026369168357;0.48299319727891155;0.40078585461689586;0.39478957915831664;0.5611601513240857;0.4620770128354726;0.48205128205128206;0.43829787234042555;0.48717948717948717;0.39622641509433965;0.4427083333333333;0.527027027027027;0.4393939393939394;0.5555555555555556;0.5343915343915344;0.08974358974358974;0.25675675675675674;0.35294117647058826;0.75
mahfud;0.3228004956629492;0.16227180527383367;0.30680272108843537;0.27111984282907664;0.3366733466933868;0.2597730138713745;0.3663943990665111;0.3333333333333333;0.39574468085106385;0.32741617357001973;0.37735849056603776;0.3411458333333333;0.14864864864864866;0.3939393939393939;0.20555555555555555;0.2804232804232804;0.8878205128205128;0.6081081081081081;0.35294117647058826;0.25
