;tribunnews;metrotv;detik;kompas;viva;pikiranrakyat;jawapos;tvone;bisnisindonesia;tempo;antaranews;cnbcindonesia;republika;disway;kumparan;suara;sindo;liputan6;cnnindonesia;detikx
anies;0.2644628099173554;0.653997378768021;0.2396341463414634;0.2796281951975213;0.28296703296703296;0.2640562248995984;0.21712907117008443;0.3130434782608696;0.28429423459244535;0.25493716337522443;0.18962962962962962;0.3728813559322034;0.28254847645429365;0.43529411764705883;0.3081761006289308;0.3434343434343434;0.03403755868544601;0.14450867052023122;0.1111111111111111;0.2
prabowo;0.3392779469334493;0.18872870249017037;0.3926829268292683;0.3632842757552285;0.5018315018315018;0.4307228915662651;0.36429433051869725;0.40652173913043477;0.34393638170974156;0.4021543985637343;0.32592592592592595;0.3423728813559322;0.43490304709141275;0.37058823529411766;0.4528301886792453;0.43434343434343436;0.06103286384976526;0.34104046242774566;0.4444444444444444;0.4
ganjar;0.3962592431491953;0.15727391874180865;0.3676829268292683;0.3570875290472502;0.21520146520146521;0.30522088353413657;0.41857659831121835;0.28043478260869564;0.3717693836978131;0.34290843806104127;0.48444444444444446;0.2847457627118644;0.28254847645429365;0.19411764705882353;0.2389937106918239;0.2222222222222222;0.9049295774647887;0.5144508670520231;0.4444444444444444;0.4
imin;0.2272108843537415;0.4323607427055703;0.1994198694706309;0.2797055730809674;0.19454770755885997;0.18198198198198198;0.1583011583011583;0.14465408805031446;0.2010443864229765;0.15384615384615385;0.1490566037735849;0.23943661971830985;0.17803030303030304;0.3284671532846715;0.17985611510791366;0.1864406779661017;0.017889087656529516;0.1323529411764706;0.23076923076923078;0.0
gibran;0.44285714285714284;0.3819628647214854;0.4619289340101523;0.39747634069400634;0.530359355638166;0.46846846846846846;0.4864864864864865;0.5345911949685535;0.45430809399477806;0.49278846153846156;0.44150943396226416;0.3873239436619718;0.5303030303030303;0.49635036496350365;0.60431654676259;0.3728813559322034;0.08228980322003578;0.17647058823529413;0.19230769230769232;0.75
mahfud;0.3299319727891156;0.1856763925729443;0.3386511965192168;0.3228180862250263;0.275092936802974;0.34954954954954953;0.3552123552123552;0.32075471698113206;0.34464751958224543;0.35336538461538464;0.40943396226415096;0.3732394366197183;0.2916666666666667;0.17518248175182483;0.2158273381294964;0.4406779661016949;0.8998211091234347;0.6911764705882353;0.5769230769230769;0.25
