;tribunnews;metrotv;detik;kompas;viva;pikiranrakyat;jawapos;tempo;republika;bisnisindonesia;tvone;antaranews;cnbcindonesia;disway;kumparan;sindo;liputan6;suara;cnnindonesia;detikx
anies;0.23963381798599892;0.5926517571884984;0.22410291130670276;0.2845379688929552;0.2502482621648461;0.26533996683250416;0.20794701986754968;0.25667351129363447;0.24364406779661016;0.26573426573426573;0.2808988764044944;0.18199608610567514;0.25838926174496646;0.31007751937984496;0.29457364341085274;0.03428571428571429;0.11764705882352941;0.21052631578947367;0.2;0.0
prabowo;0.37856758212170166;0.2108626198083067;0.43872714962762355;0.37694419030192133;0.4766633565044687;0.4079601990049751;0.3337748344370861;0.4024640657084189;0.4724576271186441;0.38694638694638694;0.39325842696629215;0.35812133072407043;0.412751677852349;0.4263565891472868;0.4728682170542636;0.06285714285714286;0.33689839572192515;0.42105263157894735;0.5333333333333333;1.0
ganjar;0.3817985998922994;0.1964856230031949;0.33716993906567366;0.33851784080512354;0.2730883813306852;0.32669983416252074;0.45827814569536424;0.3408624229979466;0.2838983050847458;0.3473193473193473;0.3258426966292135;0.4598825831702544;0.3288590604026846;0.26356589147286824;0.23255813953488372;0.9028571428571428;0.5454545454545454;0.3684210526315789;0.26666666666666666;0.0
imin;0.17414860681114552;0.35313531353135313;0.20506329113924052;0.26215895610913403;0.18292682926829268;0.14038876889848811;0.13657407407407407;0.13262599469496023;0.15968586387434555;0.1550632911392405;0.14671814671814673;0.11171662125340599;0.21794871794871795;0.22330097087378642;0.15789473684210525;0.021400778210116732;0.10989010989010989;0.1111111111111111;0.28125;0.0
gibran;0.5294117647058824;0.46864686468646866;0.49451476793248944;0.40569395017793597;0.5257452574525745;0.5140388768898488;0.44907407407407407;0.5543766578249337;0.5890052356020943;0.5126582278481012;0.5405405405405406;0.4768392370572207;0.48717948717948717;0.5631067961165048;0.6466165413533834;0.11673151750972763;0.2857142857142857;0.4166666666666667;0.3125;1.0
mahfud;0.2964396284829721;0.1782178217821782;0.30042194092827;0.33214709371293;0.29132791327913277;0.34557235421166305;0.41435185185185186;0.3129973474801061;0.2513089005235602;0.3322784810126582;0.3127413127413127;0.4114441416893733;0.2948717948717949;0.21359223300970873;0.19548872180451127;0.8618677042801557;0.6043956043956044;0.4722222222222222;0.40625;0.0
