;tribunnews;metrotv;kompas;detik;viva;pikiranrakyat;jawapos;tvone;antaranews;tempo;bisnisindonesia;cnbcindonesia;republika;disway;kumparan;suara;sindo;liputan6;detikx;cnnindonesia
anies;0.26869455006337134;0.677124183006536;0.294811320754717;0.22881880024737167;0.28517469310670446;0.2681564245810056;0.22275449101796407;0.3473684210526316;0.20127388535031848;0.2736842105263158;0.30425963488843816;0.3851132686084142;0.2833333333333333;0.47337278106508873;0.33727810650887574;0.3523809523809524;0.03325942350332594;0.1393939393939394;0.2;0.05555555555555555
prabowo;0.33755809040980145;0.18169934640522875;0.35062893081761004;0.396413110698825;0.5203021718602455;0.4324022346368715;0.3784431137724551;0.3957894736842105;0.32611464968152865;0.38421052631578945;0.33468559837728196;0.313915857605178;0.45666666666666667;0.34911242603550297;0.4378698224852071;0.5047619047619047;0.06430155210643015;0.38181818181818183;0.4;0.3888888888888889
ganjar;0.3937473595268272;0.1411764705882353;0.35455974842767296;0.3747680890538033;0.19452313503305005;0.2994413407821229;0.39880239520958083;0.25684210526315787;0.4726114649681529;0.34210526315789475;0.36105476673427994;0.30097087378640774;0.26;0.17751479289940827;0.22485207100591717;0.14285714285714285;0.9024390243902439;0.47878787878787876;0.4;0.5555555555555556
imin;0.23796967699406724;0.455470737913486;0.3004032258064516;0.21149751596877217;0.19951632406287786;0.19672131147540983;0.1634980988593156;0.181058495821727;0.15849673202614378;0.17972350230414746;0.21804511278195488;0.2360248447204969;0.16591928251121077;0.36428571428571427;0.22875816993464052;0.21666666666666667;0.019064124783362217;0.11864406779661017;0.0;0.28
gibran;0.4396835860250494;0.37659033078880405;0.3911290322580645;0.46699787083037614;0.5417170495767836;0.4385245901639344;0.5038022813688213;0.5181058495821727;0.44607843137254904;0.46543778801843316;0.46115288220551376;0.38509316770186336;0.5650224215246636;0.4714285714285714;0.5816993464052288;0.38333333333333336;0.09705372616984402;0.22033898305084745;0.75;0.16
mahfud;0.32234673698088334;0.16793893129770993;0.3084677419354839;0.32150461320085166;0.2587666263603386;0.36475409836065575;0.33269961977186313;0.3008356545961003;0.3954248366013072;0.3548387096774194;0.3208020050125313;0.37888198757763975;0.26905829596412556;0.16428571428571428;0.1895424836601307;0.4;0.8838821490467937;0.6610169491525424;0.25;0.56
