;tribunnews;metrotv;detik;kompas;viva;pikiranrakyat;jawapos;tempo;bisnisindonesia;tvone;republika;cnbcindonesia;antaranews;disway;kumparan;suara;sindo;liputan6;cnnindonesia;detikx
anies;0.2669190724088973;0.6221322537112011;0.2421972534332085;0.28255528255528256;0.27314390467461047;0.26936416184971096;0.22448979591836735;0.26217228464419473;0.2839506172839506;0.30068337129840544;0.26535626535626533;0.34415584415584416;0.19498069498069498;0.4084507042253521;0.32867132867132864;0.3063063063063063;0.039190897597977246;0.11931818181818182;0.13636363636363635;0.3333333333333333
prabowo;0.3412210127780407;0.203778677462888;0.4107365792759051;0.3701883701883702;0.4775435380384968;0.4254335260115607;0.3397358943577431;0.38764044943820225;0.35390946502057613;0.38496583143507973;0.4348894348894349;0.36363636363636365;0.333976833976834;0.352112676056338;0.4125874125874126;0.40540540540540543;0.05436156763590392;0.3409090909090909;0.45454545454545453;0.3333333333333333
ganjar;0.391859914813062;0.17408906882591094;0.3470661672908864;0.34725634725634724;0.24931255728689275;0.30520231213872834;0.43577430972388953;0.350187265917603;0.36213991769547327;0.3143507972665148;0.29975429975429974;0.2922077922077922;0.47104247104247104;0.23943661971830985;0.25874125874125875;0.2882882882882883;0.9064475347661188;0.5397727272727273;0.4090909090909091;0.3333333333333333
imin;0.20308692120227456;0.40397350993377484;0.20868113522537562;0.26674500587544064;0.1842456608811749;0.15163934426229508;0.15730337078651685;0.1523545706371191;0.16822429906542055;0.14028776978417265;0.18092105263157895;0.23376623376623376;0.11444141689373297;0.28125;0.17073170731707318;0.14814814814814814;0.024528301886792454;0.12307692307692308;0.25925925925925924;0.0
gibran;0.46222583265637696;0.4304635761589404;0.46160267111853087;0.39482961222091656;0.520694259012016;0.48565573770491804;0.43820224719101125;0.5318559556786704;0.4766355140186916;0.539568345323741;0.5296052631578947;0.45454545454545453;0.46321525885558584;0.53125;0.6260162601626016;0.4074074074074074;0.08113207547169811;0.23076923076923078;0.2222222222222222;1.0
mahfud;0.3346872461413485;0.16556291390728478;0.3297161936560935;0.3384253819036428;0.29506008010680906;0.36270491803278687;0.4044943820224719;0.3157894736842105;0.35514018691588783;0.32014388489208634;0.2894736842105263;0.3116883116883117;0.4223433242506812;0.1875;0.2032520325203252;0.4444444444444444;0.8943396226415095;0.6461538461538462;0.5185185185185185;0.0
