;tribunnews;metrotv;kompas;detik;viva;pikiranrakyat;jawapos;tempo;tvone;antaranews;bisnisindonesia;cnbcindonesia;republika;disway;kumparan;suara;sindo;liputan6;cnnindonesia;detikx
anies;0.2705932565087495;0.675;0.2943962115232833;0.2320200125078174;0.28178368121442127;0.2703296703296703;0.22677925211097708;0.2773851590106007;0.3390928725701944;0.20159151193633953;0.2953156822810591;0.3783783783783784;0.2847682119205298;0.4647058823529412;0.32926829268292684;0.34;0.032329988851727984;0.14634146341463414;0.05263157894736842;0.2
prabowo;0.33760136577037986;0.18289473684210528;0.35201262825572216;0.39274546591619763;0.5208728652751423;0.432967032967033;0.37394451145958985;0.3833922261484099;0.39956803455723544;0.31432360742705573;0.34012219959266804;0.31756756756756754;0.45695364238410596;0.3588235294117647;0.43902439024390244;0.5;0.06354515050167224;0.36585365853658536;0.42105263157894735;0.4
ganjar;0.39180537772087065;0.14210526315789473;0.35359116022099446;0.37523452157598497;0.19734345351043645;0.2967032967032967;0.39927623642943305;0.3392226148409894;0.2613390928725702;0.48408488063660476;0.3645621181262729;0.30405405405405406;0.2582781456953642;0.17647058823529413;0.23170731707317074;0.16;0.9041248606465998;0.4878048780487805;0.5263157894736842;0.4
imin;0.23727693324520818;0.4505208333333333;0.2994871794871795;0.2086021505376344;0.19853836784409257;0.19438877755511022;0.16037735849056603;0.17990654205607476;0.16666666666666666;0.15136054421768708;0.21158690176322417;0.24183006535947713;0.16289592760180996;0.3546099290780142;0.21568627450980393;0.19672131147540983;0.017361111111111112;0.11864406779661017;0.2692307692307692;0.0
gibran;0.44216787838731;0.3776041666666667;0.38564102564102565;0.4645161290322581;0.5444579780755177;0.4468937875751503;0.5056603773584906;0.4696261682242991;0.5344827586206896;0.44047619047619047;0.4634760705289673;0.38562091503267976;0.5656108597285068;0.48226950354609927;0.5816993464052288;0.3770491803278688;0.0954861111111111;0.22033898305084745;0.15384615384615385;0.75
mahfud;0.3205551883674818;0.171875;0.3148717948717949;0.32688172043010755;0.2570036540803898;0.3587174348697395;0.3339622641509434;0.35046728971962615;0.2988505747126437;0.40816326530612246;0.3249370277078086;0.37254901960784315;0.27149321266968324;0.16312056737588654;0.20261437908496732;0.4262295081967213;0.8871527777777778;0.6610169491525424;0.5769230769230769;0.25
