;liputan6;suara;viva;kompas;bisnisindonesia;tempo;antaranews;mediaindonesia;tribunnews;detik;cnnindonesia;metrotv;jawapos;sindo;disway;tvone;idntimes;pikiranrakyat;tirto;katadata;kontan;republika;cnbcindonesia;kumparan;rri;kumparanplus;detikx
anies;0.10245901639344263;0.08417508417508418;0.10311750599520383;0.08695652173913043;0.1111111111111111;0.07692307692307693;0.08387096774193549;0.08391608391608392;0.061068702290076333;0.06785714285714285;0.06844106463878327;0.08900523560209424;0.10457516339869281;0.0673076923076923;0.0896551724137931;0.11818181818181818;0.04198473282442748;0.0625;0.07377049180327869;0.06293706293706294;0.051470588235294115;0.031413612565445025;0.013114754098360656;0.03636363636363636;0.06060606060606061;0.0;0.0
prabowo;0.8545081967213115;0.7474747474747475;0.8081534772182254;0.8535469107551488;0.8070175438596491;0.7782805429864253;0.8612903225806452;0.8461538461538461;0.7659033078880407;0.825;0.7908745247148289;0.8429319371727748;0.8496732026143791;0.8557692307692307;0.8689655172413793;0.8090909090909091;0.8854961832061069;0.7625;0.8032786885245902;0.8531468531468531;0.9338235294117647;0.8691099476439791;0.9377049180327869;0.6909090909090909;0.9090909090909091;1.0;0.5
ganjar;0.0430327868852459;0.16835016835016836;0.08872901678657075;0.059496567505720827;0.08187134502923976;0.14479638009049775;0.054838709677419356;0.06993006993006994;0.17302798982188294;0.10714285714285714;0.14068441064638784;0.06806282722513089;0.0457516339869281;0.07692307692307693;0.041379310344827586;0.07272727272727272;0.07251908396946564;0.175;0.12295081967213115;0.08391608391608392;0.014705882352941176;0.09947643979057591;0.04918032786885246;0.2727272727272727;0.030303030303030304;0.0;0.5
imin;0.0;0.03225806451612903;0.0;0.0;0.0;0.0;0.0;0.0;0.25;0.0;0.045454545454545456;0.0625;0.0;0.0;0.0;0.0;0.0;0.0;0.0;0.0;0.0;0.0;0.0;0.0;0.0;;
gibran;0.2727272727272727;0.22580645161290322;0.4;0.10526315789473684;0.4;0.07352941176470588;0.0;0.5;0.5;0.09090909090909091;0.09090909090909091;0.25;0.0;0.8;0.5;0.08333333333333333;0.16666666666666666;0.26666666666666666;0.0;0.4;1.0;0.09090909090909091;0.0;0.2;0.0;;
mahfud;0.7272727272727273;0.7419354838709677;0.6;0.8947368421052632;0.6;0.9264705882352942;1.0;0.5;0.25;0.9090909090909091;0.8636363636363636;0.6875;1.0;0.2;0.5;0.9166666666666666;0.8333333333333334;0.7333333333333333;1.0;0.6;0.0;0.9090909090909091;1.0;0.8;1.0;;
