;antaranews;viva;kompas;tribunnews;bisnisindonesia;cnnindonesia;suara;mediaindonesia;liputan6;tempo;republika;tvone;sindo;idntimes;jawapos;detik;metrotv;kontan;disway;pikiranrakyat;kumparan;cnbcindonesia;bloombergtechnoz;tirto;cna;katadata;rri;kumparanplus
anies;0.11280487804878049;0.11483253588516747;0.08582089552238806;0.06084656084656084;0.07894736842105263;0.08095238095238096;0.08415841584158416;0.1;0.05747126436781609;0.04861111111111111;0.29545454545454547;0.136986301369863;0.04;0.06542056074766354;0.056;0.04861111111111111;0.09090909090909091;0.03260869565217391;0.045454545454545456;0.07017543859649122;0.056338028169014086;0.018691588785046728;0.03488372093023256;0.023255813953488372;0.11764705882352941;0.01;0.0;0.0
prabowo;0.8689024390243902;0.7894736842105263;0.8432835820895522;0.5925925925925926;0.8947368421052632;0.6666666666666666;0.7475247524752475;0.83125;0.8697318007662835;0.8090277777777778;0.5;0.6712328767123288;0.745;0.897196261682243;0.84;0.9097222222222222;0.8571428571428571;0.967391304347826;0.9090909090909091;0.8245614035087719;0.7323943661971831;0.9439252336448598;0.9302325581395349;0.8527131782945736;0.8235294117647058;0.95;1.0;1.0
ganjar;0.018292682926829267;0.09569377990430622;0.0708955223880597;0.34656084656084657;0.02631578947368421;0.2523809523809524;0.16831683168316833;0.06875;0.07279693486590039;0.1423611111111111;0.20454545454545456;0.1917808219178082;0.215;0.037383177570093455;0.104;0.041666666666666664;0.05194805194805195;0.0;0.045454545454545456;0.10526315789473684;0.2112676056338028;0.037383177570093455;0.03488372093023256;0.12403100775193798;0.058823529411764705;0.04;0.0;0.0
imin;0.0;0.0;0.0;0.0;;0.0;0.0;0.3333333333333333;0.0;0.0;0.0;0.0;0.0;0.0;0.0;0.0;0.030303030303030304;0.0;0.0;0.0;0.0;0.0;1.0;0.0;;0.0;0.0;
gibran;1.0;0.0;0.018518518518518517;0.5;;0.023255813953488372;0.5833333333333334;0.6666666666666666;0.037037037037037035;0.42857142857142855;0.0;0.0;1.0;0.08;0.0;0.0;0.0;1.0;0.2;0.12;0.4444444444444444;0.0;0.0;0.0625;;0.0;0.0;
mahfud;0.0;1.0;0.9814814814814815;0.5;;0.9767441860465116;0.4166666666666667;0.0;0.9629629629629629;0.5714285714285714;1.0;1.0;0.0;0.92;1.0;1.0;0.9696969696969697;0.0;0.8;0.88;0.5555555555555556;1.0;0.0;0.9375;;1.0;1.0;
