;tribunnews;metrotv;detik;kompas;viva;pikiranrakyat;jawapos;tempo;bisnisindonesia;republika;tvone;antaranews;cnbcindonesia;disway;kumparan;sindo;liputan6;suara;cnnindonesia;detikx
anies;0.23885525591634563;0.5888;0.22571819425444598;0.28167730173199634;0.24825523429710866;0.2685810810810811;0.20588235294117646;0.25366876310272535;0.26573426573426573;0.23768736616702354;0.2792022792022792;0.1830708661417323;0.2576271186440678;0.31007751937984496;0.30158730158730157;0.036231884057971016;0.11855670103092783;0.20618556701030927;0.21428571428571427;0.0
prabowo;0.3830489818381948;0.2128;0.4384404924760602;0.381950774840474;0.4765702891326022;0.3969594594594595;0.33288770053475936;0.4109014675052411;0.38694638694638694;0.4796573875802998;0.39316239316239315;0.36220472440944884;0.4135593220338983;0.4263565891472868;0.47619047619047616;0.06231884057971015;0.34536082474226804;0.4329896907216495;0.5;1.0
ganjar;0.37809576224545954;0.1984;0.33584131326949385;0.33637192342752964;0.27517447657028915;0.3344594594594595;0.4612299465240642;0.33542976939203356;0.3473193473193473;0.2826552462526767;0.32763532763532766;0.4547244094488189;0.3288135593220339;0.26356589147286824;0.2222222222222222;0.9014492753623189;0.5360824742268041;0.36082474226804123;0.2857142857142857;0.0
imin;0.17156105100463678;0.3422818791946309;0.2058070025619129;0.25350467289719625;0.18106995884773663;0.13876651982378854;0.13615023474178403;0.13333333333333333;0.15723270440251572;0.15104166666666666;0.14285714285714285;0.11019283746556474;0.21794871794871795;0.22115384615384615;0.16279069767441862;0.023668639053254437;0.10869565217391304;0.1095890410958904;0.28125;0.0
gibran;0.5394126738794436;0.4798657718120805;0.4995730145175064;0.4205607476635514;0.5294924554183813;0.5308370044052864;0.45305164319248825;0.568;0.5157232704402516;0.6015625;0.5482625482625483;0.48760330578512395;0.48717948717948717;0.5673076923076923;0.6434108527131783;0.1242603550295858;0.30434782608695654;0.4246575342465753;0.3125;1.0
mahfud;0.2890262751159196;0.17785234899328858;0.2946199829205807;0.32593457943925236;0.289437585733882;0.3303964757709251;0.4107981220657277;0.2986666666666667;0.3270440251572327;0.24739583333333334;0.3088803088803089;0.4022038567493113;0.2948717948717949;0.21153846153846154;0.1937984496124031;0.8520710059171598;0.5869565217391305;0.4657534246575342;0.40625;0.0
