;tribunnews;metrotv;detik;kompas;viva;pikiranrakyat;jawapos;tempo;bisnisindonesia;republika;tvone;antaranews;cnbcindonesia;kumparan;disway;suara;liputan6;sindo;cnnindonesia;detikx
anies;0.23311546840958605;0.5707154742096506;0.23092926490984744;0.276657060518732;0.24825523429710866;0.2629815745393635;0.20345744680851063;0.2606924643584521;0.2891566265060241;0.2283464566929134;0.2652439024390244;0.18805309734513273;0.26421404682274247;0.30434782608695654;0.3228346456692913;0.248;0.13425925925925927;0.03588907014681892;0.25;0.5
prabowo;0.39433551198257083;0.22296173044925124;0.441747572815534;0.39385206532180594;0.452642073778664;0.4187604690117253;0.33643617021276595;0.4154786150712831;0.38795180722891565;0.5118110236220472;0.40853658536585363;0.37610619469026546;0.42474916387959866;0.4855072463768116;0.3858267716535433;0.416;0.37037037037037035;0.06525285481239804;0.5357142857142857;0.5
ganjar;0.37254901960784315;0.20632279534109818;0.3273231622746186;0.32949087415946204;0.29910269192422734;0.31825795644891125;0.4601063829787234;0.32382892057026474;0.3228915662650602;0.25984251968503935;0.32621951219512196;0.4358407079646018;0.3110367892976589;0.21014492753623187;0.29133858267716534;0.336;0.49537037037037035;0.8988580750407831;0.21428571428571427;0.0
imin;0.155902004454343;0.33865814696485624;0.20882852292020374;0.24404761904761904;0.175561797752809;0.1378504672897196;0.14014251781472684;0.13881748071979436;0.16129032258064516;0.1543942992874109;0.16033755274261605;0.109717868338558;0.25;0.17054263565891473;0.1941747572815534;0.11363636363636363;0.0967741935483871;0.028199566160520606;0.18181818181818182;0.0
gibran;0.5538233110616184;0.48881789137380194;0.5101867572156197;0.43452380952380953;0.5168539325842697;0.5490654205607477;0.44418052256532065;0.5758354755784062;0.535483870967742;0.6175771971496437;0.5232067510548524;0.48589341692789967;0.5208333333333334;0.6589147286821705;0.5533980582524272;0.4659090909090909;0.3655913978494624;0.14099783080260303;0.45454545454545453;1.0
mahfud;0.2902746844840386;0.17252396166134185;0.28098471986417656;0.32142857142857145;0.30758426966292135;0.3130841121495327;0.4156769596199525;0.2853470437017995;0.3032258064516129;0.22802850356294538;0.31645569620253167;0.4043887147335423;0.22916666666666666;0.17054263565891473;0.2524271844660194;0.42045454545454547;0.5376344086021505;0.8308026030368764;0.36363636363636365;0.0
