;tribunnews;metrotv;detik;kompas;viva;jawapos;pikiranrakyat;tempo;bisnisindonesia;republika;tvone;antaranews;cnbcindonesia;disway;kumparan;suara;liputan6;sindo;cnnindonesia;detikx
anies;0.23754789272030652;0.5879478827361564;0.2308752584424535;0.2802960222016651;0.25203252032520324;0.20849933598937584;0.2604340567612688;0.25925925925925924;0.2716627634660422;0.2336065573770492;0.28152492668621704;0.18067226890756302;0.25666666666666665;0.33070866141732286;0.3106060606060606;0.26956521739130435;0.13725490196078433;0.03463855421686747;0.2692307692307692;0.0
prabowo;0.38368910782703886;0.21172638436482086;0.4328049620951068;0.3829787234042553;0.4573170731707317;0.3293492695883134;0.4073455759599332;0.411522633744856;0.38875878220140514;0.4918032786885246;0.39002932551319647;0.35714285714285715;0.4166666666666667;0.4015748031496063;0.49242424242424243;0.40869565217391307;0.3382352941176471;0.06325301204819277;0.5;1.0
ganjar;0.3787629994526546;0.2003257328990228;0.3363197794624397;0.3367252543940796;0.29065040650406504;0.46215139442231074;0.332220367278798;0.3292181069958848;0.3395784543325527;0.27459016393442626;0.3284457478005865;0.46218487394957986;0.32666666666666666;0.2677165354330709;0.19696969696969696;0.3217391304347826;0.5245098039215687;0.9021084337349398;0.23076923076923078;0.0
imin;0.1637337413925019;0.339041095890411;0.21465517241379312;0.24707259953161592;0.17614424410540916;0.13734939759036144;0.1346578366445916;0.13541666666666666;0.15673981191222572;0.15151515151515152;0.1557377049180328;0.11212121212121212;0.2;0.21782178217821782;0.1640625;0.1095890410958904;0.11235955056179775;0.02754237288135593;0.21875;0.0
gibran;0.5462892119357307;0.4897260273972603;0.5043103448275862;0.4309133489461358;0.5256588072122053;0.4506024096385542;0.5562913907284768;0.578125;0.5297805642633229;0.6111111111111112;0.5368852459016393;0.47878787878787876;0.5411764705882353;0.5643564356435643;0.671875;0.4383561643835616;0.3258426966292135;0.13135593220338984;0.375;1.0
mahfud;0.2899770466717674;0.17123287671232876;0.2810344827586207;0.32201405152224827;0.29819694868238555;0.41204819277108434;0.3090507726269316;0.2864583333333333;0.31347962382445144;0.23737373737373738;0.3073770491803279;0.4090909090909091;0.25882352941176473;0.21782178217821782;0.1640625;0.4520547945205479;0.5617977528089888;0.8411016949152542;0.40625;0.0
