;antaranews;tribunnews;kompas;bisnisindonesia;suara;tempo;viva;mediaindonesia;liputan6;cnnindonesia;republika;sindo;tvone;jawapos;metrotv;disway;detik;idntimes;kumparan;kontan;tirto;pikiranrakyat;bloombergtechnoz;cnbcindonesia;cna;katadata;rri;kumparanplus
anies;0.10559006211180125;0.05896805896805897;0.07342657342657342;0.08;0.085;0.05246913580246913;0.08247422680412371;0.1032258064516129;0.057034220532319393;0.06944444444444445;0.2619047619047619;0.04040404040404041;0.11594202898550725;0.056451612903225805;0.08571428571428572;0.04672897196261682;0.030864197530864196;0.05;0.05714285714285714;0.022857142857142857;0.023809523809523808;0.05660377358490566;0.03529411764705882;0.00847457627118644;0.125;0.0;0.0;0.0
prabowo;0.8757763975155279;0.5749385749385749;0.8636363636363636;0.8933333333333333;0.745;0.8179012345679012;0.8144329896907216;0.8258064516129032;0.8669201520912547;0.6851851851851852;0.5238095238095238;0.7474747474747475;0.6811594202898551;0.8387096774193549;0.8571428571428571;0.9065420560747663;0.8703703703703703;0.91;0.7285714285714285;0.9771428571428571;0.8492063492063492;0.8490566037735849;0.9294117647058824;0.9576271186440678;0.8125;0.9680851063829787;1.0;1.0
ganjar;0.018633540372670808;0.36609336609336607;0.06293706293706294;0.02666666666666667;0.17;0.12962962962962962;0.10309278350515463;0.07096774193548387;0.07604562737642585;0.24537037037037038;0.21428571428571427;0.21212121212121213;0.2028985507246377;0.10483870967741936;0.05714285714285714;0.04672897196261682;0.09876543209876543;0.04;0.21428571428571427;0.0;0.12698412698412698;0.09433962264150944;0.03529411764705882;0.03389830508474576;0.0625;0.031914893617021274;0.0;0.0
imin;0.0;0.0;0.0;;0.0;0.0;;0.3333333333333333;0.0;0.0;0.0;0.0;0.0;0.0;0.029411764705882353;0.0;0.0;0.0;0.0;0.0;0.0;0.0;1.0;0.0;;0.0;0.0;
gibran;0.6666666666666666;1.0;0.015384615384615385;;0.6153846153846154;0.5454545454545454;;0.6666666666666666;0.15151515151515152;0.09090909090909091;0.0;1.0;0.0;0.0;0.0;0.2;0.05714285714285714;0.09090909090909091;0.4444444444444444;1.0;0.0625;0.13043478260869565;0.0;0.0;;0.0;0.0;
mahfud;0.3333333333333333;0.0;0.9846153846153847;;0.38461538461538464;0.45454545454545453;;0.0;0.8484848484848485;0.9090909090909091;1.0;0.0;1.0;1.0;0.9705882352941176;0.8;0.9428571428571428;0.9090909090909091;0.5555555555555556;0.0;0.9375;0.8695652173913043;0.0;1.0;;1.0;1.0;
