;tribunnews;metrotv;detik;kompas;viva;pikiranrakyat;antaranews;tvone;jawapos;bisnisindonesia;tempo;cnbcindonesia;disway;kumparan;republika;suara;sindo;liputan6;detikx;cnnindonesia
anies;0.2600079270709473;0.6817010309278351;0.2132442284325638;0.25383435582822084;0.2754195459032576;0.2621951219512195;0.19017763845350052;0.32688588007736946;0.20220588235294118;0.29545454545454547;0.24143835616438356;0.40569395017793597;0.44886363636363635;0.34080717488789236;0.25;0.34615384615384615;0.03285870755750274;0.125;0.25;0.0
prabowo;0.3349187475227903;0.1713917525773196;0.402187120291616;0.36809815950920244;0.5488647581441264;0.43902439024390244;0.3573667711598746;0.40425531914893614;0.38357843137254904;0.34297520661157027;0.363013698630137;0.2846975088967972;0.38636363636363635;0.4260089686098655;0.5;0.47115384615384615;0.054764512595837894;0.35714285714285715;0.25;0.4444444444444444
ganjar;0.4050733254062624;0.14690721649484537;0.3845686512758202;0.37806748466257667;0.175715695952616;0.29878048780487804;0.45245559038662486;0.2688588007736944;0.41421568627450983;0.3615702479338843;0.3955479452054795;0.3096085409252669;0.16477272727272727;0.23318385650224216;0.25;0.18269230769230768;0.9123767798466593;0.5178571428571429;0.5;0.5555555555555556
imin;0.23166974738139248;0.4346895074946467;0.22334004024144868;0.3058608058608059;0.19343493552168817;0.21444201312910285;0.17748344370860927;0.18441558441558442;0.1783783783783784;0.2151029748283753;0.14989293361884368;0.21604938271604937;0.3125;0.23204419889502761;0.175;0.21311475409836064;0.016611295681063124;0.10126582278481013;0.0;0.2857142857142857
gibran;0.4534812076401725;0.4004282655246253;0.47350771294433264;0.4056776556776557;0.5592028135990621;0.43982494529540483;0.47152317880794703;0.5038961038961038;0.4990990990990991;0.4668192219679634;0.46466809421841543;0.4074074074074074;0.525;0.569060773480663;0.54;0.32786885245901637;0.08305647840531562;0.22784810126582278;0.6666666666666666;0.23809523809523808
mahfud;0.314849044978435;0.16488222698072805;0.30315224681421865;0.28846153846153844;0.2473622508792497;0.34573304157549234;0.3509933774834437;0.3116883116883117;0.3225225225225225;0.3180778032036613;0.3854389721627409;0.3765432098765432;0.1625;0.19889502762430938;0.285;0.45901639344262296;0.9003322259136213;0.6708860759493671;0.3333333333333333;0.47619047619047616
