;antaranews;viva;tribunnews;suara;kompas;bisnisindonesia;cnnindonesia;republika;mediaindonesia;liputan6;tempo;tvone;sindo;detik;metrotv;jawapos;disway;idntimes;tirto;kontan;pikiranrakyat;cnbcindonesia;kumparan;bloombergtechnoz;cna;rri;katadata;kumparanplus
anies;0.1069182389937107;0.11353711790393013;0.056555269922879174;0.09417040358744394;0.059748427672955975;0.06967213114754098;0.06722689075630252;0.3191489361702128;0.09375;0.05416666666666667;0.03728813559322034;0.1111111111111111;0.045662100456621;0.046948356807511735;0.09195402298850575;0.04697986577181208;0.043478260869565216;0.049586776859504134;0.032520325203252036;0.022727272727272728;0.06153846153846154;0.0163265306122449;0.0449438202247191;0.03260869565217391;0.1;0.018867924528301886;0.009174311926605505;0.0
prabowo;0.8773584905660378;0.8165938864628821;0.6169665809768637;0.7443946188340808;0.8522012578616353;0.9098360655737705;0.7436974789915967;0.5106382978723404;0.85;0.8833333333333333;0.8440677966101695;0.7111111111111111;0.7534246575342466;0.9061032863849765;0.8620689655172413;0.8523489932885906;0.9202898550724637;0.9173553719008265;0.8780487804878049;0.9772727272727273;0.8307692307692308;0.9510204081632653;0.7752808988764045;0.9347826086956522;0.85;0.9811320754716981;0.9541284403669725;1.0
ganjar;0.015723270440251572;0.06986899563318777;0.3264781491002571;0.16143497757847533;0.0880503144654088;0.020491803278688523;0.18907563025210083;0.1702127659574468;0.05625;0.0625;0.11864406779661017;0.17777777777777778;0.2009132420091324;0.046948356807511735;0.04597701149425287;0.10067114093959731;0.036231884057971016;0.03305785123966942;0.08943089430894309;0.0;0.1076923076923077;0.0326530612244898;0.1797752808988764;0.03260869565217391;0.05;0.0;0.03669724770642202;0.0
imin;0.0;0.25;0.0;0.0;0.0;;0.0;0.0;1.0;0.0;0.0;0.0;0.0;0.0;0.03125;0.0;0.0;0.0;0.0;;0.0;0.0;0.0;1.0;;0.0;0.0;
gibran;1.0;0.5;0.6666666666666666;0.46153846153846156;0.0851063829787234;;0.02564102564102564;0.0;0.0;0.07407407407407407;0.375;0.05555555555555555;1.0;0.022222222222222223;0.0;0.0;0.2;0.0;0.07692307692307693;;0.10714285714285714;0.0;0.4444444444444444;0.0;;0.0;0.0;
mahfud;0.0;0.25;0.3333333333333333;0.5384615384615384;0.9148936170212766;;0.9743589743589743;1.0;0.0;0.9259259259259259;0.625;0.9444444444444444;0.0;0.9777777777777777;0.96875;1.0;0.8;1.0;0.9230769230769231;;0.8928571428571429;1.0;0.5555555555555556;0.0;;1.0;1.0;
