;tribunnews;metrotv;detik;kompas;viva;pikiranrakyat;jawapos;tempo;bisnisindonesia;republika;tvone;antaranews;cnbcindonesia;disway;kumparan;sindo;liputan6;suara;cnnindonesia;detikx
anies;0.23881401617250675;0.5917065390749602;0.22486413043478262;0.28258887876025524;0.24975222993062438;0.26622296173044924;0.20877659574468085;0.25614754098360654;0.26635514018691586;0.24248927038626608;0.2808988764044944;0.1814595660749507;0.25838926174496646;0.31007751937984496;0.30158730158730157;0.034383954154727794;0.1164021164021164;0.21649484536082475;0.20689655172413793;0.0
prabowo;0.37951482479784365;0.21052631578947367;0.4375;0.37921604375569734;0.4767096134786918;0.4059900166389351;0.3324468085106383;0.4036885245901639;0.3855140186915888;0.4742489270386266;0.39325842696629215;0.35700197238658776;0.412751677852349;0.4263565891472868;0.46825396825396826;0.06303724928366762;0.3439153439153439;0.422680412371134;0.5172413793103449;1.0
ganjar;0.3816711590296496;0.19776714513556617;0.3376358695652174;0.3381950774840474;0.27353815659068387;0.3277870216306156;0.4587765957446808;0.3401639344262295;0.34813084112149534;0.2832618025751073;0.3258426966292135;0.46153846153846156;0.3288590604026846;0.26356589147286824;0.23015873015873015;0.9025787965616046;0.5396825396825397;0.36082474226804123;0.27586206896551724;0.0
imin;0.1736111111111111;0.3543046357615894;0.20610687022900764;0.2591715976331361;0.18317503392130258;0.1400862068965517;0.13752913752913754;0.13227513227513227;0.1550632911392405;0.15608465608465608;0.14615384615384616;0.10989010989010989;0.21794871794871795;0.22115384615384615;0.16153846153846155;0.021568627450980392;0.10869565217391304;0.1111111111111111;0.2903225806451613;0.0
gibran;0.5300925925925926;0.47019867549668876;0.49363867684478374;0.40828402366863903;0.5251017639077341;0.5150862068965517;0.44755244755244755;0.5555555555555556;0.5126582278481012;0.5952380952380952;0.5423076923076923;0.47802197802197804;0.48717948717948717;0.5673076923076923;0.6461538461538462;0.11960784313725491;0.29347826086956524;0.4166666666666667;0.2903225806451613;1.0
mahfud;0.2962962962962963;0.17549668874172186;0.30025445292620867;0.33254437869822484;0.29172320217096337;0.3448275862068966;0.4149184149184149;0.31216931216931215;0.3322784810126582;0.24867724867724866;0.31153846153846154;0.41208791208791207;0.2948717948717949;0.21153846153846154;0.19230769230769232;0.8588235294117647;0.5978260869565217;0.4722222222222222;0.41935483870967744;0.0
