;tribunnews;metrotv;kompas;detik;viva;pikiranrakyat;jawapos;tvone;antaranews;tempo;bisnisindonesia;cnbcindonesia;republika;disway;kumparan;suara;sindo;liputan6;cnnindonesia;detikx
anies;0.2687447346251053;0.6781456953642384;0.2869496855345912;0.22516964836520667;0.280188679245283;0.26436781609195403;0.22623345367027678;0.34845360824742266;0.1927710843373494;0.2716049382716049;0.2975206611570248;0.39490445859872614;0.2808219178082192;0.47368421052631576;0.3409090909090909;0.3619047619047619;0.033185840707964605;0.13836477987421383;0.0625;0.2
prabowo;0.33656276326874474;0.1827814569536424;0.3577044025157233;0.40160394818013573;0.5264150943396226;0.4367816091954023;0.37906137184115524;0.4;0.3385542168674699;0.3950617283950617;0.33884297520661155;0.31210191082802546;0.4589041095890411;0.3508771929824561;0.4375;0.5047619047619047;0.06084070796460177;0.3710691823899371;0.4375;0.4
ganjar;0.39469250210615;0.1390728476821192;0.3553459119496855;0.37322640345465763;0.19339622641509435;0.2988505747126437;0.394705174488568;0.2515463917525773;0.4686746987951807;0.3333333333333333;0.36363636363636365;0.2929936305732484;0.2602739726027397;0.17543859649122806;0.2215909090909091;0.13333333333333333;0.9059734513274337;0.49056603773584906;0.5;0.4
imin;0.23978919631093545;0.4517766497461929;0.29673590504451036;0.2125874125874126;0.19304556354916066;0.1957894736842105;0.17073170731707318;0.18328840970350405;0.15146831530139104;0.17954545454545454;0.2135678391959799;0.24691358024691357;0.16591928251121077;0.3706293706293706;0.23417721518987342;0.2;0.019130434782608695;0.11666666666666667;0.28;0.0
gibran;0.4413702239789196;0.38071065989847713;0.4025717111770524;0.47132867132867134;0.5479616306954437;0.4421052631578947;0.5065666041275797;0.5175202156334232;0.45904173106646057;0.4727272727272727;0.46733668341708545;0.38271604938271603;0.5560538116591929;0.46853146853146854;0.569620253164557;0.38333333333333336;0.09043478260869565;0.21666666666666667;0.16;0.75
mahfud;0.3188405797101449;0.16751269035532995;0.3006923837784372;0.31608391608391606;0.2589928057553957;0.36210526315789476;0.3227016885553471;0.2991913746630728;0.3894899536321484;0.3477272727272727;0.31909547738693467;0.37037037037037035;0.27802690582959644;0.16083916083916083;0.1962025316455696;0.4166666666666667;0.8904347826086957;0.6666666666666666;0.56;0.25
