;tribunnews;metrotv;detik;kompas;viva;pikiranrakyat;jawapos;tvone;bisnisindonesia;tempo;antaranews;cnbcindonesia;republika;disway;kumparan;suara;sindo;liputan6;cnnindonesia;detikx
anies;0.2640278381905176;0.6544502617801047;0.2387332521315469;0.2791956689868523;0.2828282828282828;0.26337033299697277;0.21686746987951808;0.31101511879049676;0.28542914171656686;0.25448028673835127;0.1893491124260355;0.3741496598639456;0.2861111111111111;0.437125748502994;0.3018867924528302;0.3469387755102041;0.03391812865497076;0.14367816091954022;0.1111111111111111;0.2
prabowo;0.3384080034797738;0.18848167539267016;0.392204628501827;0.36349574632637277;0.5013774104683195;0.4318869828456105;0.36626506024096384;0.4103671706263499;0.3413173652694611;0.4032258064516129;0.3239644970414201;0.3401360544217687;0.4305555555555556;0.3652694610778443;0.4591194968553459;0.4387755102040816;0.06315789473684211;0.3390804597701149;0.4444444444444444;0.4
ganjar;0.3975641583297086;0.15706806282722513;0.3690621193666261;0.35730858468677495;0.2157943067033976;0.30474268415741673;0.41686746987951806;0.2786177105831533;0.37325349301397204;0.34229390681003585;0.48668639053254437;0.2857142857142857;0.2833333333333333;0.19760479041916168;0.2389937106918239;0.21428571428571427;0.9029239766081871;0.5172413793103449;0.4444444444444444;0.4
imin;0.22785665990534146;0.4312169312169312;0.20014398848092152;0.27958115183246074;0.19478908188585609;0.18115942028985507;0.15738963531669867;0.146875;0.20365535248041775;0.15476190476190477;0.150093808630394;0.23943661971830985;0.17692307692307693;0.3333333333333333;0.18439716312056736;0.1864406779661017;0.017761989342806393;0.1323529411764706;0.23076923076923078;0.0
gibran;0.4415145368492224;0.3835978835978836;0.46220302375809935;0.3968586387434555;0.5297766749379652;0.4692028985507246;0.491362763915547;0.534375;0.4516971279373368;0.49047619047619045;0.43902439024390244;0.3873239436619718;0.5307692307692308;0.4888888888888889;0.6028368794326241;0.3728813559322034;0.0852575488454707;0.17647058823529413;0.19230769230769232;0.75
mahfud;0.3306288032454361;0.18518518518518517;0.33765298776097913;0.32356020942408376;0.27543424317617865;0.3496376811594203;0.3512476007677543;0.31875;0.34464751958224543;0.3547619047619048;0.41088180112570355;0.3732394366197183;0.2923076923076923;0.17777777777777778;0.2127659574468085;0.4406779661016949;0.8969804618117229;0.6911764705882353;0.5769230769230769;0.25
