;tribunnews;metrotv;detik;kompas;pikiranrakyat;viva;antaranews;tvone;tempo;jawapos;cnbcindonesia;bisnisindonesia;disway;kumparan;suara;republika;sindo;liputan6;cnnindonesia;detikx
anies;0.26492287055667335;0.6402714932126696;0.21788871554862194;0.2611218568665377;0.2826825127334465;0.2628372497824195;0.21937086092715233;0.3445378151260504;0.2668463611859838;0.216;0.3764172335600907;0.2761061946902655;0.46320346320346323;0.34915254237288135;0.3563218390804598;0.26557377049180325;0.04403866809881848;0.13529411764705881;0.1875;0.16666666666666666
prabowo;0.3591549295774648;0.2149321266968326;0.42745709828393136;0.3849129593810445;0.4533106960950764;0.5674499564838991;0.3716887417218543;0.3983193277310924;0.38409703504043125;0.4;0.36054421768707484;0.36283185840707965;0.39826839826839827;0.44745762711864406;0.40229885057471265;0.49508196721311476;0.08485499462943072;0.3764705882352941;0.5;0.5
ganjar;0.37592219986586184;0.14479638009049775;0.3546541861674467;0.3539651837524178;0.2640067911714771;0.16971279373368145;0.40894039735099336;0.2571428571428571;0.3490566037735849;0.384;0.26303854875283444;0.36106194690265486;0.13852813852813853;0.2033898305084746;0.2413793103448276;0.23934426229508196;0.8711063372717508;0.48823529411764705;0.3125;0.3333333333333333
imin;0.22673329169269207;0.4673469387755102;0.21001390820584145;0.31763527054108215;0.24622030237580994;0.1905940594059406;0.1760299625468165;0.1945945945945946;0.1670235546038544;0.17692307692307693;0.2229299363057325;0.21818181818181817;0.33793103448275863;0.2413793103448276;0.20408163265306123;0.17616580310880828;0.016666666666666666;0.14473684210526316;0.3;0.0
gibran;0.45971267957526546;0.3673469387755102;0.4860917941585535;0.40380761523046094;0.4168466522678186;0.5606435643564357;0.4731585518102372;0.4864864864864865;0.44325481798715205;0.49038461538461536;0.39490445859872614;0.45194805194805193;0.5241379310344828;0.5517241379310345;0.3877551020408163;0.538860103626943;0.095;0.23684210526315788;0.3;0.75
mahfud;0.31355402873204247;0.1653061224489796;0.303894297635605;0.2785571142284569;0.3369330453563715;0.24876237623762376;0.35081148564294634;0.31891891891891894;0.3897216274089936;0.3326923076923077;0.3821656050955414;0.32987012987012987;0.13793103448275862;0.20689655172413793;0.40816326530612246;0.2849740932642487;0.8883333333333333;0.618421052631579;0.4;0.25
