;tribunnews;metrotv;detik;kompas;viva;pikiranrakyat;jawapos;tvone;tempo;bisnisindonesia;antaranews;cnbcindonesia;republika;disway;kumparan;suara;sindo;liputan6;cnnindonesia;detikx
anies;0.26230975828111014;0.6446837146702558;0.23457544288332316;0.2747081712062257;0.27711941659070194;0.26627218934911245;0.21549636803874092;0.31896551724137934;0.2565905096660808;0.2909090909090909;0.18441971383147854;0.36212624584717606;0.28116710875331563;0.4594594594594595;0.31788079470198677;0.3333333333333333;0.03588516746411483;0.14124293785310735;0.1111111111111111;0.2
prabowo;0.341987466427932;0.18842530282637954;0.4007330482590104;0.3680933852140078;0.5013673655423884;0.4270216962524655;0.3583535108958838;0.39439655172413796;0.4024604569420035;0.33535353535353535;0.3322734499205087;0.36212624584717606;0.4270557029177719;0.36486486486486486;0.4370860927152318;0.42857142857142855;0.06339712918660287;0.3446327683615819;0.4444444444444444;0.4
ganjar;0.39570277529095793;0.16689098250336473;0.36469150885766644;0.35719844357976654;0.22151321786690975;0.3067061143984221;0.4261501210653753;0.28663793103448276;0.3409490333919156;0.37373737373737376;0.48330683624801274;0.2757475083056478;0.2917771883289125;0.17567567567567569;0.24503311258278146;0.23809523809523808;0.9007177033492823;0.5141242937853108;0.4444444444444444;0.4
imin;0.20812182741116753;0.4395973154362416;0.20987654320987653;0.28113879003558717;0.19433198380566802;0.18021201413427562;0.14788732394366197;0.13818181818181818;0.1443850267379679;0.1838006230529595;0.13176470588235295;0.1917808219178082;0.16793893129770993;0.34408602150537637;0.1826086956521739;0.16981132075471697;0.019083969465648856;0.13043478260869565;0.2222222222222222;0.0
gibran;0.4526226734348562;0.38926174496644295;0.44279835390946504;0.37959667852906287;0.5168690958164642;0.46466431095406363;0.460093896713615;0.5309090909090909;0.49732620320855614;0.4454828660436137;0.43058823529411766;0.4520547945205479;0.5076335877862596;0.5161290322580645;0.5652173913043478;0.39622641509433965;0.07251908396946564;0.2028985507246377;0.2222222222222222;0.6666666666666666
mahfud;0.3392554991539763;0.17114093959731544;0.34732510288065843;0.33926453143534996;0.28879892037786775;0.3551236749116608;0.392018779342723;0.33090909090909093;0.3582887700534759;0.3707165109034268;0.4376470588235294;0.3561643835616438;0.3244274809160305;0.13978494623655913;0.25217391304347825;0.4339622641509434;0.9083969465648855;0.6666666666666666;0.5555555555555556;0.3333333333333333
