;tribunnews;metrotv;kompas;detik;viva;pikiranrakyat;jawapos;tvone;antaranews;tempo;bisnisindonesia;cnbcindonesia;republika;disway;kumparan;suara;sindo;liputan6;detikx;cnnindonesia
anies;0.2677595628415301;0.6776750330250991;0.28852201257861637;0.22509225092250923;0.28098391674550616;0.2646048109965636;0.22661870503597123;0.34845360824742266;0.1932367149758454;0.2712765957446808;0.2975206611570248;0.39490445859872614;0.27986348122866894;0.47337278106508873;0.33714285714285713;0.3619047619047619;0.03325942350332594;0.13836477987421383;0.2;0.0625
prabowo;0.33669609079445145;0.18229854689564068;0.3561320754716981;0.4015990159901599;0.5269631031220435;0.436426116838488;0.3776978417266187;0.4;0.33816425120772947;0.39361702127659576;0.33884297520661155;0.3089171974522293;0.46075085324232085;0.35502958579881655;0.44;0.5047619047619047;0.06097560975609756;0.3710691823899371;0.4;0.4375
ganjar;0.3955443463640185;0.14002642007926025;0.3553459119496855;0.37330873308733087;0.19205298013245034;0.29896907216494845;0.39568345323741005;0.2515463917525773;0.46859903381642515;0.3351063829787234;0.36363636363636365;0.2961783439490446;0.2593856655290102;0.17159763313609466;0.22285714285714286;0.13333333333333333;0.9057649667405765;0.49056603773584906;0.4;0.5
imin;0.23931623931623933;0.45202020202020204;0.299009900990099;0.21174004192872117;0.19374247894103488;0.1970649895178197;0.17228464419475656;0.1837837837837838;0.15217391304347827;0.17848970251716248;0.2135678391959799;0.24691358024691357;0.16216216216216217;0.36428571428571427;0.2356687898089172;0.2;0.019230769230769232;0.11666666666666667;0.0;0.28
gibran;0.44049967126890205;0.3813131313131313;0.39801980198019804;0.4716981132075472;0.5487364620938628;0.44025157232704404;0.5037453183520599;0.5162162162162162;0.4580745341614907;0.47368421052631576;0.46733668341708545;0.38271604938271603;0.5630630630630631;0.4785714285714286;0.5732484076433121;0.38333333333333336;0.09090909090909091;0.21666666666666667;0.75;0.16
mahfud;0.32018408941485865;0.16666666666666666;0.30297029702970296;0.3165618448637317;0.2575210589651023;0.36268343815513626;0.32397003745318353;0.3;0.38975155279503104;0.34782608695652173;0.31909547738693467;0.37037037037037035;0.2747747747747748;0.15714285714285714;0.1910828025477707;0.4166666666666667;0.8898601398601399;0.6666666666666666;0.25;0.56
