;antaranews;tribunnews;kompas;viva;bisnisindonesia;tempo;suara;cnnindonesia;liputan6;mediaindonesia;republika;sindo;tvone;detik;bloombergtechnoz;jawapos;metrotv;idntimes;tirto;disway;kontan;kumparan;pikiranrakyat;cnbcindonesia;cna;katadata;rri;kumparanplus
anies;0.09146341463414634;0.06178489702517163;0.07246376811594203;0.08837209302325581;0.07723577235772358;0.05555555555555555;0.08144796380090498;0.06882591093117409;0.053691275167785234;0.09090909090909091;0.25;0.04186046511627907;0.09210526315789473;0.04375;0.05555555555555555;0.04878048780487805;0.0759493670886076;0.05154639175257732;0.03355704697986577;0.043859649122807015;0.028901734104046242;0.04878048780487805;0.05172413793103448;0.009009009009009009;0.125;0.0;0.0;0.0
prabowo;0.8841463414634146;0.5881006864988558;0.8695652173913043;0.8046511627906977;0.8943089430894309;0.8099415204678363;0.7601809954751131;0.6923076923076923;0.8624161073825504;0.8303030303030303;0.5833333333333334;0.7581395348837209;0.7236842105263158;0.83125;0.8703703703703703;0.8373983739837398;0.8607594936708861;0.9072164948453608;0.8389261744966443;0.9122807017543859;0.9595375722543352;0.7439024390243902;0.8448275862068966;0.954954954954955;0.8125;0.963302752293578;1.0;1.0
ganjar;0.024390243902439025;0.3501144164759725;0.057971014492753624;0.10697674418604651;0.028455284552845527;0.13450292397660818;0.1583710407239819;0.2388663967611336;0.08389261744966443;0.07878787878787878;0.16666666666666666;0.2;0.18421052631578946;0.125;0.07407407407407407;0.11382113821138211;0.06329113924050633;0.041237113402061855;0.12751677852348994;0.043859649122807015;0.011560693641618497;0.2073170731707317;0.10344827586206896;0.036036036036036036;0.0625;0.03669724770642202;0.0;0.0
imin;0.0;0.0;0.0;0.0;;0.0;0.0;0.0;0.0;0.3333333333333333;0.0;0.0;0.07407407407407407;0.0;1.0;0.0;0.03571428571428571;0.0;0.0;0.0;0.0;0.0;0.0;0.0;;;0.0;
gibran;0.6666666666666666;0.9375;0.18072289156626506;1.0;;0.6;0.6875;0.09090909090909091;0.1875;0.6666666666666666;0.0;1.0;0.037037037037037035;0.05405405405405406;0.0;0.0;0.0;0.09523809523809523;0.08333333333333333;0.3333333333333333;1.0;0.5555555555555556;0.14285714285714285;0.0;;;0.0;
mahfud;0.3333333333333333;0.0625;0.8192771084337349;0.0;;0.4;0.3125;0.9090909090909091;0.8125;0.0;1.0;0.0;0.8888888888888888;0.9459459459459459;0.0;1.0;0.9642857142857143;0.9047619047619048;0.9166666666666666;0.6666666666666666;0.0;0.4444444444444444;0.8571428571428571;1.0;;;1.0;
