;tribunnews;metrotv;detik;kompas;viva;pikiranrakyat;antaranews;jawapos;tvone;tempo;bisnisindonesia;cnbcindonesia;disway;kumparan;republika;sindo;suara;liputan6;detikx;cnnindonesia
anies;0.2651710187568959;0.6631578947368421;0.2132034632034632;0.2549019607843137;0.2668488160291439;0.2822085889570552;0.20233812949640287;0.20804597701149424;0.33025830258302585;0.24539877300613497;0.2962962962962963;0.38524590163934425;0.46766169154228854;0.3511450381679389;0.2413793103448276;0.03987408184679958;0.35051546391752575;0.12883435582822086;0.25;0.0
prabowo;0.3501287237955131;0.1871345029239766;0.42424242424242425;0.38095238095238093;0.563752276867031;0.4437627811860941;0.36241007194244607;0.39425287356321836;0.4077490774907749;0.36809815950920244;0.3567251461988304;0.3251366120218579;0.3880597014925373;0.4312977099236641;0.5095785440613027;0.07345225603357818;0.4742268041237113;0.37423312883435583;0.25;0.5454545454545454
ganjar;0.384700257447591;0.1497076023391813;0.3625541125541126;0.3641456582633053;0.16939890710382513;0.2740286298568507;0.4352517985611511;0.39770114942528734;0.26199261992619927;0.38650306748466257;0.3469785575048733;0.2896174863387978;0.14427860696517414;0.21755725190839695;0.24904214559386972;0.8866736621196223;0.17525773195876287;0.49693251533742333;0.5;0.45454545454545453
imin;0.2328767123287671;0.4639830508474576;0.22438044206296048;0.3076923076923077;0.18838862559241706;0.23210412147505424;0.17780580075662042;0.17550274223034734;0.18947368421052632;0.1589958158995816;0.21291866028708134;0.21739130434782608;0.3288590604026846;0.20994475138121546;0.17346938775510204;0.017713365539452495;0.2037037037037037;0.15584415584415584;0.0;0.3157894736842105
gibran;0.4589041095890411;0.3813559322033898;0.4815807099799062;0.41088180112570355;0.5651658767772512;0.42516268980477223;0.46532156368221944;0.5045703839122486;0.5;0.45397489539748953;0.47129186602870815;0.40372670807453415;0.5234899328859061;0.574585635359116;0.5357142857142857;0.08695652173913043;0.3148148148148148;0.22077922077922077;0.6666666666666666;0.21052631578947367
mahfud;0.3082191780821918;0.15466101694915255;0.2940388479571333;0.28142589118198874;0.24644549763033174;0.34273318872017355;0.35687263556116017;0.31992687385740404;0.3105263157894737;0.38702928870292885;0.3157894736842105;0.37888198757763975;0.1476510067114094;0.2154696132596685;0.29081632653061223;0.895330112721417;0.48148148148148145;0.6233766233766234;0.3333333333333333;0.47368421052631576
