;tribunnews;metrotv;detik;kompas;viva;pikiranrakyat;jawapos;tempo;bisnisindonesia;republika;tvone;antaranews;cnbcindonesia;kumparan;disway;sindo;liputan6;suara;cnnindonesia;detikx
anies;0.2470010905125409;0.6025641025641025;0.2268392370572207;0.28481581311769993;0.25245579567779963;0.2618657937806874;0.20451527224435592;0.25865580448065173;0.2672811059907834;0.25219298245614036;0.2809917355371901;0.1828793774319066;0.26440677966101694;0.2898550724637681;0.31746031746031744;0.033946251768033946;0.11578947368421053;0.21505376344086022;0.20689655172413793;0.0
prabowo;0.36095965103598693;0.20192307692307693;0.4284741144414169;0.3746630727762803;0.4764243614931238;0.41243862520458263;0.3346613545816733;0.40325865580448067;0.38018433179723504;0.4605263157894737;0.3939393939393939;0.3521400778210117;0.4033898305084746;0.47101449275362317;0.4126984126984127;0.056577086280056574;0.34210526315789475;0.40860215053763443;0.5172413793103449;1.0
ganjar;0.3920392584514722;0.1955128205128205;0.3446866485013624;0.34052111410601976;0.27111984282907664;0.32569558101472995;0.46082337317397076;0.3380855397148676;0.35253456221198154;0.28728070175438597;0.325068870523416;0.4649805447470817;0.33220338983050846;0.2391304347826087;0.2698412698412698;0.9094766619519095;0.5421052631578948;0.3763440860215054;0.27586206896551724;0.0
imin;0.18074191002367798;0.37209302325581395;0.2064570943075616;0.26426076833527357;0.18315508021390375;0.13432835820895522;0.13501144164759726;0.13333333333333333;0.15873015873015872;0.16666666666666666;0.14606741573033707;0.11081081081081082;0.22666666666666666;0.15942028985507245;0.23232323232323232;0.02127659574468085;0.1111111111111111;0.11267605633802817;0.28125;0.0
gibran;0.5122336227308603;0.4485049833887043;0.48598130841121495;0.4051222351571595;0.5227272727272727;0.5181236673773987;0.45537757437070936;0.5546666666666666;0.4984126984126984;0.5765027322404371;0.5393258426966292;0.4702702702702703;0.4533333333333333;0.644927536231884;0.5555555555555556;0.10638297872340426;0.2777777777777778;0.4084507042253521;0.28125;1.0
mahfud;0.30702446724546173;0.17940199335548174;0.30756159728122345;0.33061699650756693;0.29411764705882354;0.34754797441364604;0.4096109839816934;0.312;0.34285714285714286;0.2568306010928962;0.3146067415730337;0.4189189189189189;0.32;0.1956521739130435;0.21212121212121213;0.8723404255319149;0.6111111111111112;0.4788732394366197;0.4375;0.0
