;tribunnews;detik;metrotv;kompas;viva;jawapos;pikiranrakyat;republika;tempo;bisnisindonesia;tvone;cnbcindonesia;antaranews;kumparan;liputan6;disway;suara;sindo;cnnindonesia;detikx
anies;0.22854077253218885;0.22837370242214533;0.5521885521885522;0.27178030303030304;0.23310479921645447;0.19973009446693657;0.24607329842931938;0.22077922077922077;0.24081632653061225;0.28117359413202936;0.24085365853658536;0.2608695652173913;0.17814726840855108;0.28378378378378377;0.15151515151515152;0.2777777777777778;0.24812030075187969;0.03754266211604096;0.2413793103448276;0.3333333333333333
prabowo;0.40450643776824036;0.45467128027681664;0.23905723905723905;0.39678030303030304;0.4534769833496572;0.340080971659919;0.4293193717277487;0.5213358070500927;0.42857142857142855;0.39119804400978;0.4115853658536585;0.431438127090301;0.4014251781472684;0.47297297297297297;0.36796536796536794;0.3888888888888889;0.39849624060150374;0.07167235494880546;0.5172413793103449;0.6666666666666666
ganjar;0.3669527896995708;0.3169550173010381;0.20875420875420875;0.3314393939393939;0.31341821743388837;0.4601889338731444;0.32460732984293195;0.25788497217068646;0.3306122448979592;0.3276283618581907;0.3475609756097561;0.3076923076923077;0.42042755344418054;0.24324324324324326;0.4805194805194805;0.3333333333333333;0.3533834586466165;0.8907849829351536;0.2413793103448276;0.0
imin;0.148014440433213;0.1994949494949495;0.3395638629283489;0.2294887039239001;0.16946778711484595;0.14215686274509803;0.13010204081632654;0.15384615384615385;0.1318407960199005;0.1717171717171717;0.1623931623931624;0.23958333333333334;0.08754208754208755;0.17164179104477612;0.08737864077669903;0.1553398058252427;0.10752688172043011;0.02857142857142857;0.17647058823529413;0.0
gibran;0.5574007220216607;0.5168350168350169;0.4953271028037383;0.4470868014268728;0.5154061624649859;0.43137254901960786;0.5586734693877551;0.6266968325791855;0.5870646766169154;0.5185185185185185;0.5170940170940171;0.5416666666666666;0.5050505050505051;0.6417910447761194;0.39805825242718446;0.5339805825242718;0.4731182795698925;0.14945054945054945;0.5;1.0
mahfud;0.2945848375451264;0.2836700336700337;0.16510903426791276;0.3234244946492271;0.31512605042016806;0.4264705882352941;0.3112244897959184;0.21945701357466063;0.2810945273631841;0.30976430976430974;0.32051282051282054;0.21875;0.4074074074074074;0.1865671641791045;0.5145631067961165;0.3106796116504854;0.41935483870967744;0.8219780219780219;0.3235294117647059;0.0
