;antaranews;tribunnews;kompas;viva;tempo;cnnindonesia;bisnisindonesia;suara;liputan6;mediaindonesia;sindo;republika;tvone;disway;kontan;bloombergtechnoz;metrotv;idntimes;detik;jawapos;kumparan;cnbcindonesia;tirto;rri;cna;pikiranrakyat;katadata
anies;0.09065934065934066;0.07568807339449542;0.08496732026143791;0.10869565217391304;0.06611570247933884;0.08536585365853659;0.0846774193548387;0.06772908366533864;0.054313099041533544;0.08152173913043478;0.06896551724137931;0.1935483870967742;0.10843373493975904;0.06451612903225806;0.030927835051546393;0.06666666666666667;0.08571428571428572;0.075;0.030120481927710843;0.05434782608695652;0.04819277108433735;0.016;0.024691358024691357;0.04;0.0625;0.029411764705882353;0.0
prabowo;0.8708791208791209;0.5160550458715596;0.8137254901960784;0.7521739130434782;0.7878787878787878;0.6341463414634146;0.8669354838709677;0.7888446215139442;0.853035143769968;0.7554347826086957;0.6699507389162561;0.6290322580645161;0.6144578313253012;0.8629032258064516;0.9587628865979382;0.8333333333333334;0.8285714285714286;0.875;0.8072289156626506;0.8369565217391305;0.6867469879518072;0.936;0.8209876543209876;0.88;0.875;0.8235294117647058;0.9587628865979382
ganjar;0.038461538461538464;0.40825688073394495;0.10130718954248366;0.1391304347826087;0.14600550964187328;0.2804878048780488;0.04838709677419355;0.14342629482071714;0.0926517571884984;0.16304347826086957;0.26108374384236455;0.1774193548387097;0.27710843373493976;0.07258064516129033;0.010309278350515464;0.1;0.08571428571428572;0.05;0.16265060240963855;0.10869565217391304;0.26506024096385544;0.048;0.15432098765432098;0.08;0.0625;0.14705882352941177;0.041237113402061855
imin;0.0;0.0;0.0;0.0;0.0;0.0;0.0;0.0;0.0;0.3333333333333333;0.0;0.0;0.058823529411764705;0.0;0.0;0.5;0.02631578947368421;0.0;0.0;0.0;0.0;0.0;0.0;0.0;;0.0;0.0
gibran;0.5;0.9473684210526315;0.20175438596491227;1.0;0.6;0.07547169811320754;1.0;0.7368421052631579;0.21212121212121213;0.6666666666666666;1.0;0.0;0.029411764705882353;0.3333333333333333;1.0;0.0;0.0;0.07407407407407407;0.09090909090909091;0.0;0.5;0.09090909090909091;0.0;0.0;;0.2727272727272727;1.0
mahfud;0.5;0.05263157894736842;0.7982456140350878;0.0;0.4;0.9245283018867925;0.0;0.2631578947368421;0.7878787878787878;0.0;0.0;1.0;0.9117647058823529;0.6666666666666666;0.0;0.5;0.9736842105263158;0.9259259259259259;0.9090909090909091;1.0;0.5;0.9090909090909091;1.0;1.0;;0.7272727272727273;0.0
