;tribunnews;metrotv;detik;kompas;viva;pikiranrakyat;jawapos;antaranews;tvone;tempo;bisnisindonesia;cnbcindonesia;republika;disway;kumparan;suara;sindo;liputan6;detikx;cnnindonesia
anies;0.26540880503144654;0.6796368352788587;0.22365196078431374;0.2856025039123631;0.28217349857006674;0.2637749120750293;0.2243667068757539;0.20023282887077998;0.3497942386831276;0.2649122807017544;0.2993762993762994;0.3954248366013072;0.27697841726618705;0.463855421686747;0.3425414364640884;0.3627450980392157;0.034140969162995596;0.14285714285714285;0.2;0.0
prabowo;0.3350104821802935;0.17769130998702984;0.4019607843137255;0.3591549295774648;0.5347950428979981;0.4372801875732708;0.37997587454764775;0.3352735739231665;0.40329218106995884;0.39649122807017545;0.34511434511434513;0.3104575163398693;0.4748201438848921;0.3674698795180723;0.43646408839779005;0.5196078431372549;0.05726872246696035;0.37267080745341613;0.4;0.45454545454545453
ganjar;0.39958071278825996;0.14267185473411154;0.3743872549019608;0.35524256651017216;0.18303145853193517;0.2989449003516999;0.3956574185765983;0.46449359720605354;0.24691358024691357;0.3385964912280702;0.35550935550935553;0.29411764705882354;0.24820143884892087;0.1686746987951807;0.22099447513812154;0.11764705882352941;0.9085903083700441;0.484472049689441;0.4;0.5454545454545454
imin;0.23920051579626048;0.4576271186440678;0.2206896551724138;0.3048543689320388;0.19662243667068757;0.19700214132762311;0.17896678966789667;0.162406015037594;0.1897018970189702;0.17084282460136674;0.21393034825870647;0.24183006535947713;0.1650943396226415;0.3546099290780142;0.2345679012345679;0.23333333333333334;0.01936619718309859;0.11864406779661017;0.0;0.2608695652173913
gibran;0.44294003868471954;0.36803874092009686;0.47517241379310343;0.40485436893203886;0.5560916767189384;0.4411134903640257;0.503690036900369;0.4631578947368421;0.5176151761517616;0.4806378132118451;0.472636815920398;0.38562091503267976;0.5613207547169812;0.48226950354609927;0.5740740740740741;0.38333333333333336;0.08450704225352113;0.22033898305084745;0.75;0.17391304347826086
mahfud;0.31785944551902;0.17433414043583534;0.3041379310344828;0.2902912621359223;0.24728588661037396;0.3618843683083512;0.3173431734317343;0.3744360902255639;0.2926829268292683;0.34851936218678814;0.31343283582089554;0.37254901960784315;0.27358490566037735;0.16312056737588654;0.19135802469135801;0.38333333333333336;0.8961267605633803;0.6610169491525424;0.25;0.5652173913043478
