;tribunnews;metrotv;detik;kompas;viva;pikiranrakyat;jawapos;tvone;bisnisindonesia;tempo;antaranews;cnbcindonesia;republika;disway;kumparan;suara;sindo;liputan6;cnnindonesia;detikx
anies;0.26214028776978415;0.6296296296296297;0.23300970873786409;0.2724481964696853;0.2741071428571429;0.2683937823834197;0.22695035460992907;0.3148936170212766;0.288;0.2557726465364121;0.18801996672212978;0.3485342019543974;0.26785714285714285;0.43243243243243246;0.3141025641025641;0.3211009174311927;0.039473684210526314;0.1329479768786127;0.09523809523809523;0.3333333333333333
prabowo;0.34532374100719426;0.19973544973544974;0.4059466019417476;0.36914811972371453;0.4973214285714286;0.42383419689119173;0.35224586288416077;0.3872340425531915;0.342;0.3960923623445826;0.33111480865224624;0.36482084690553745;0.43112244897959184;0.3581081081081081;0.4358974358974359;0.43119266055045874;0.061004784688995214;0.35260115606936415;0.47619047619047616;0.3333333333333333
ganjar;0.3925359712230216;0.17063492063492064;0.36104368932038833;0.35840368380660015;0.22857142857142856;0.3077720207253886;0.42080378250591016;0.2978723404255319;0.37;0.3481349911190053;0.480865224625624;0.28664495114006516;0.3010204081632653;0.20945945945945946;0.25;0.24770642201834864;0.8995215311004785;0.5144508670520231;0.42857142857142855;0.3333333333333333
imin;0.20624486442070666;0.42671009771986973;0.20326530612244897;0.2775842044134727;0.18438761776581428;0.1607843137254902;0.15945330296127563;0.1443661971830986;0.17445482866043613;0.14209115281501342;0.115;0.25333333333333335;0.17689530685920576;0.30851063829787234;0.1694915254237288;0.16326530612244897;0.02247191011235955;0.12307692307692308;0.23076923076923078;0.0
gibran;0.45439605587510273;0.40716612377850164;0.45387755102040817;0.389082462253194;0.5302826379542396;0.47058823529411764;0.4510250569476082;0.528169014084507;0.46105919003115264;0.5093833780160858;0.45;0.4266666666666667;0.51985559566787;0.5319148936170213;0.6101694915254238;0.40816326530612246;0.07116104868913857;0.2153846153846154;0.23076923076923078;1.0
mahfud;0.33935907970419066;0.16612377850162866;0.34285714285714286;0.3333333333333333;0.2853297442799462;0.3686274509803922;0.3895216400911162;0.3274647887323944;0.3644859813084112;0.3485254691689008;0.435;0.32;0.30324909747292417;0.1595744680851064;0.22033898305084745;0.42857142857142855;0.9063670411985019;0.6615384615384615;0.5384615384615384;0.0
