;tribunnews;metrotv;detik;kompas;viva;pikiranrakyat;jawapos;tvone;tempo;bisnisindonesia;antaranews;cnbcindonesia;republika;disway;kumparan;suara;sindo;liputan6;cnnindonesia;detikx
anies;0.2599910193084867;0.6286472148541115;0.22936893203883496;0.2682370820668693;0.2729705619982159;0.2658486707566462;0.22169811320754718;0.3143459915611814;0.2517482517482518;0.28714859437751006;0.18883415435139572;0.34967320261437906;0.2661498708010336;0.4421768707482993;0.31210191082802546;0.32407407407407407;0.034482758620689655;0.13872832369942195;0.1;0.3333333333333333
prabowo;0.345756623259991;0.2002652519893899;0.4077669902912621;0.371580547112462;0.49866190900981266;0.4284253578732106;0.35495283018867924;0.39029535864978904;0.40034965034965037;0.3393574297188755;0.32676518883415434;0.3627450980392157;0.43410852713178294;0.3741496598639456;0.4394904458598726;0.4351851851851852;0.06183115338882283;0.3468208092485549;0.45;0.3333333333333333
ganjar;0.3942523574315222;0.17108753315649866;0.3628640776699029;0.3601823708206687;0.22836752899197146;0.3057259713701431;0.4233490566037736;0.29535864978902954;0.3479020979020979;0.37349397590361444;0.48440065681444994;0.2875816993464052;0.2997416020671835;0.1836734693877551;0.2484076433121019;0.24074074074074073;0.9036860879904876;0.5144508670520231;0.45;0.3333333333333333
imin;0.20802620802620803;0.42207792207792205;0.2056910569105691;0.2825836216839677;0.18850267379679145;0.1657142857142857;0.15575620767494355;0.1413427561837456;0.14054054054054055;0.17350157728706625;0.12254901960784313;0.24;0.1814814814814815;0.3191489361702128;0.16101694915254236;0.17307692307692307;0.016885553470919325;0.12307692307692308;0.23076923076923078;0.0
gibran;0.4537264537264537;0.4090909090909091;0.45203252032520325;0.3863898500576701;0.5267379679144385;0.4723809523809524;0.45372460496614;0.5229681978798587;0.5135135135135135;0.45741324921135645;0.4411764705882353;0.4266666666666667;0.5111111111111111;0.5319148936170213;0.6016949152542372;0.40384615384615385;0.07129455909943715;0.2;0.23076923076923078;1.0
mahfud;0.33824733824733827;0.16883116883116883;0.34227642276422765;0.33102652825836215;0.28475935828877;0.3619047619047619;0.3905191873589165;0.33568904593639576;0.34594594594594597;0.36908517350157727;0.4362745098039216;0.3333333333333333;0.3074074074074074;0.14893617021276595;0.23728813559322035;0.4230769230769231;0.9118198874296435;0.676923076923077;0.5384615384615384;0.0
