;tribunnews;metrotv;detik;kompas;viva;pikiranrakyat;jawapos;antaranews;tvone;tempo;bisnisindonesia;cnbcindonesia;republika;disway;kumparan;suara;sindo;liputan6;detikx;cnnindonesia
anies;0.26340033500837523;0.6800518134715026;0.220810647307925;0.2828282828282828;0.2819047619047619;0.26435406698564595;0.22023809523809523;0.19954648526077098;0.3379721669980119;0.2609457092819615;0.2972972972972973;0.39087947882736157;0.27941176470588236;0.4658385093167702;0.3229166666666667;0.34579439252336447;0.032467532467532464;0.15432098765432098;0.2;0.0
prabowo;0.33291457286432163;0.17875647668393782;0.4016938898971567;0.3605283605283605;0.5333333333333333;0.4354066985645933;0.37857142857142856;0.3333333333333333;0.40755467196819084;0.3922942206654991;0.34303534303534305;0.30618892508143325;0.47794117647058826;0.37267080745341613;0.4375;0.48598130841121495;0.05194805194805195;0.37037037037037035;0.4;0.45454545454545453
ganjar;0.4036850921273032;0.1411917098445596;0.37749546279491836;0.35664335664335667;0.18476190476190477;0.30023923444976075;0.4011904761904762;0.4671201814058957;0.2544731610337972;0.3467600700525394;0.3596673596673597;0.30293159609120524;0.2426470588235294;0.16149068322981366;0.23958333333333334;0.16822429906542055;0.9155844155844156;0.47530864197530864;0.4;0.5454545454545454
imin;0.24002574002574004;0.46539379474940334;0.22010869565217392;0.3056894889103182;0.19855595667870035;0.2;0.1844484629294756;0.16371681415929204;0.18469656992084432;0.17155756207674944;0.21287128712871287;0.23684210526315788;0.17061611374407584;0.3546099290780142;0.2289156626506024;0.21875;0.01721170395869191;0.13559322033898305;0.0;0.2727272727272727
gibran;0.4375804375804376;0.3627684964200477;0.47214673913043476;0.4059787849566056;0.5499398315282792;0.4351648351648352;0.49547920433996384;0.45870206489675514;0.5171503957783641;0.4717832957110609;0.47029702970297027;0.3881578947368421;0.5592417061611374;0.48226950354609927;0.5662650602409639;0.34375;0.08089500860585198;0.22033898305084745;0.75;0.18181818181818182
mahfud;0.3223938223938224;0.1718377088305489;0.3077445652173913;0.28833172613307617;0.25150421179302046;0.3648351648351648;0.32007233273056057;0.3775811209439528;0.29815303430079154;0.35665914221218964;0.31683168316831684;0.375;0.27014218009478674;0.16312056737588654;0.20481927710843373;0.4375;0.9018932874354562;0.6440677966101694;0.25;0.5454545454545454
