;tribunnews;viva;tempo;tvone;jawapos;bisnisindonesia;antaranews;pikiranrakyat;detik;republika;cnbcindonesia;kumparan;liputan6;disway;suara;sindo;kompas;cnnindonesia;detikx
anies;0.0;0.0;0.0;0.0;0.0;0.0;0.0;0.0;0.0;0.0;0.0;0.0;0.0;0.0;0.0;0.0;0.0;0.0;0.0
prabowo;0.0;0.0;0.0;0.0;0.0;0.0;0.0;0.0;0.0;0.0;0.0;0.0;0.0;0.0;0.0;0.0;0.0;0.0;0.0
ganjar;0.0;0.0;0.0;0.0;0.0;0.0;0.0;0.0;0.0;0.0;0.0;0.0;0.0;0.0;0.0;0.0;0.0;0.0;0.0
imin;0.7079646017699115;0.17070600632244468;0.14639905548996457;0.2222222222222222;0.16666666666666666;0.15170278637770898;0.15214384508990317;0.13478260869565217;0.5512820512820513;0.12751677852348994;0.14925373134328357;0.18115942028985507;0.4647887323943662;0.2;0.25;0.02717391304347826;0.52;0.2345679012345679;0.2857142857142857
gibran;0.1592920353982301;0.5521601685985248;0.5785123966942148;0.5038314176245211;0.5016339869281046;0.5634674922600619;0.47164591977869985;0.55;0.21794871794871795;0.6291946308724832;0.5621890547263682;0.6123188405797102;0.2676056338028169;0.5333333333333333;0.4393939393939394;0.1793478260869565;0.0;0.49382716049382713;0.5
mahfud;0.13274336283185842;0.27713382507903056;0.27508854781582054;0.2739463601532567;0.33169934640522875;0.2848297213622291;0.37621023513139695;0.31521739130434784;0.23076923076923078;0.24328859060402686;0.2885572139303483;0.20652173913043478;0.2676056338028169;0.26666666666666666;0.3106060606060606;0.7934782608695652;0.48;0.2716049382716049;0.21428571428571427
