;tribunnews;metrotv;detik;kompas;viva;pikiranrakyat;jawapos;tempo;bisnisindonesia;tvone;republika;cnbcindonesia;antaranews;disway;kumparan;suara;sindo;liputan6;cnnindonesia;detikx
anies;0.2653644592663173;0.6205962059620597;0.239375;0.2838392124692371;0.27206551410373064;0.2675893886966551;0.2235434007134364;0.26481481481481484;0.28482328482328484;0.30045871559633025;0.2665036674816626;0.34627831715210355;0.19284294234592445;0.4;0.32666666666666666;0.3090909090909091;0.03787878787878788;0.11797752808988764;0.17391304347826086;0.3333333333333333
prabowo;0.34444973797046213;0.2046070460704607;0.41375;0.36915504511895;0.4740673339399454;0.4232987312572088;0.34244946492271106;0.3851851851851852;0.35135135135135137;0.38990825688073394;0.4400977995110024;0.3592233009708738;0.341948310139165;0.3448275862068966;0.4066666666666667;0.4;0.05555555555555555;0.3202247191011236;0.43478260869565216;0.3333333333333333
ganjar;0.39018580276322057;0.17479674796747968;0.346875;0.347005742411813;0.2538671519563239;0.3091118800461361;0.4340071343638526;0.35;0.36382536382536385;0.30963302752293576;0.293398533007335;0.29449838187702265;0.46520874751491054;0.25517241379310346;0.26666666666666666;0.2909090909090909;0.9065656565656566;0.5617977528089888;0.391304347826087;0.3333333333333333
imin;0.19951923076923078;0.40202702702702703;0.20627062706270627;0.2675233644859813;0.1837270341207349;0.14959016393442623;0.15575620767494355;0.14958448753462603;0.165625;0.14184397163120568;0.18122977346278318;0.23376623376623376;0.1111111111111111;0.2727272727272727;0.171875;0.14545454545454545;0.02411873840445269;0.13432835820895522;0.2962962962962963;0.0
gibran;0.4719551282051282;0.4391891891891892;0.47194719471947194;0.39485981308411217;0.5196850393700787;0.48770491803278687;0.4401805869074492;0.5346260387811634;0.48125;0.5425531914893617;0.5339805825242718;0.45454545454545453;0.4722222222222222;0.5252525252525253;0.625;0.41818181818181815;0.08534322820037106;0.22388059701492538;0.2222222222222222;1.0
mahfud;0.328525641025641;0.15878378378378377;0.3217821782178218;0.33761682242990654;0.29658792650918636;0.36270491803278687;0.4040632054176072;0.3157894736842105;0.353125;0.31560283687943264;0.284789644012945;0.3116883116883117;0.4166666666666667;0.20202020202020202;0.203125;0.43636363636363634;0.8905380333951762;0.6417910447761194;0.48148148148148145;0.0
