;tribunnews;metrotv;detik;kompas;viva;pikiranrakyat;jawapos;tempo;bisnisindonesia;republika;tvone;antaranews;cnbcindonesia;disway;kumparan;suara;liputan6;sindo;cnnindonesia;detikx
anies;0.23770491803278687;0.5856905158069884;0.23221757322175732;0.2802249297094658;0.2512768130745659;0.2627388535031847;0.20754716981132076;0.258130081300813;0.28028503562945367;0.23140495867768596;0.2746268656716418;0.18872017353579176;0.2558139534883721;0.32558139534883723;0.3088235294117647;0.2605042016806723;0.13333333333333333;0.03538461538461538;0.25925925925925924;0.0
prabowo;0.387431693989071;0.2129783693843594;0.4351464435146444;0.3880037488284911;0.45454545454545453;0.4028662420382166;0.33153638814016173;0.41260162601626016;0.3824228028503563;0.5041322314049587;0.3970149253731343;0.36225596529284165;0.4219269102990033;0.3875968992248062;0.49264705882352944;0.40336134453781514;0.3619047619047619;0.06461538461538462;0.5185185185185185;1.0
ganjar;0.37486338797814206;0.20133111480865223;0.33263598326359833;0.33177132146204313;0.2941777323799796;0.3343949044585987;0.4609164420485175;0.32926829268292684;0.33729216152019004;0.2644628099173554;0.3283582089552239;0.4490238611713666;0.3222591362126246;0.2868217054263566;0.19852941176470587;0.33613445378151263;0.5047619047619047;0.9;0.2222222222222222;0.0
imin;0.1633587786259542;0.35785953177257523;0.21565217391304348;0.24793388429752067;0.18104667609618105;0.13258426966292136;0.1466992665036675;0.14652956298200515;0.16025641025641027;0.15724815724815724;0.16666666666666666;0.1125;0.2;0.21359223300970873;0.171875;0.12;0.10869565217391304;0.028017241379310345;0.20588235294117646;0.0
gibran;0.5465648854961832;0.47491638795986624;0.5095652173913043;0.4344746162927981;0.5176803394625177;0.550561797752809;0.44254278728606355;0.5681233933161953;0.5352564102564102;0.6093366093366094;0.525;0.478125;0.5411764705882353;0.5436893203883495;0.6640625;0.44;0.33695652173913043;0.14224137931034483;0.4117647058823529;1.0
mahfud;0.2900763358778626;0.16722408026755853;0.2747826086956522;0.31759149940968123;0.3012729844413013;0.31685393258426964;0.41075794621026895;0.2853470437017995;0.30448717948717946;0.2334152334152334;0.30833333333333335;0.409375;0.25882352941176473;0.24271844660194175;0.1640625;0.44;0.5543478260869565;0.8297413793103449;0.38235294117647056;0.0
