;antaranews;viva;tribunnews;suara;kompas;republika;mediaindonesia;bisnisindonesia;cnnindonesia;liputan6;tempo;detik;tvone;sindo;idntimes;jawapos;metrotv;disway;tirto;cnbcindonesia;pikiranrakyat;bloombergtechnoz;kontan;rri;kumparan;cna;katadata;kumparanplus
anies;0.09467455621301775;0.10236220472440945;0.05417607223476298;0.09016393442622951;0.049315068493150684;0.30612244897959184;0.08333333333333333;0.06363636363636363;0.054474708171206226;0.047244094488188976;0.034055727554179564;0.052132701421800945;0.10989010989010989;0.04186046511627907;0.06060606060606061;0.0457516339869281;0.06382978723404255;0.041666666666666664;0.037037037037037035;0.013745704467353952;0.05063291139240506;0.03260869565217391;0.016129032258064516;0.034482758620689655;0.023809523809523808;0.09090909090909091;0.00819672131147541;0.0
prabowo;0.8964497041420119;0.84251968503937;0.6501128668171557;0.7704918032786885;0.8684931506849315;0.5714285714285714;0.875;0.9318181818181818;0.7587548638132295;0.9094488188976378;0.848297213622291;0.8862559241706162;0.7362637362637363;0.7813953488372093;0.9015151515151515;0.869281045751634;0.9042553191489362;0.9236111111111112;0.9037037037037037;0.9690721649484536;0.8607594936708861;0.9347826086956522;0.9838709677419355;0.9655172413793104;0.8452380952380952;0.8636363636363636;0.9754098360655737;1.0
ganjar;0.008875739644970414;0.05511811023622047;0.29571106094808125;0.13934426229508196;0.0821917808219178;0.12244897959183673;0.041666666666666664;0.004545454545454545;0.1867704280155642;0.04330708661417323;0.11764705882352941;0.061611374407582936;0.15384615384615385;0.17674418604651163;0.03787878787878788;0.08496732026143791;0.031914893617021274;0.034722222222222224;0.05925925925925926;0.01718213058419244;0.08860759493670886;0.03260869565217391;0.0;0.0;0.13095238095238096;0.045454545454545456;0.01639344262295082;0.0
imin;0.0;0.25;0.0;0.0;0.0;0.0;1.0;;0.0;0.0;0.0;0.0;0.0;0.0;0.0;0.0;0.0;0.0;0.0;0.0;0.0;1.0;0.0;0.0;0.0;;0.0;
gibran;1.0;0.5;0.875;0.5;0.12727272727272726;0.02702702702702703;0.0;;0.02702702702702703;0.08333333333333333;0.5;0.019230769230769232;0.06666666666666667;1.0;0.0;0.3333333333333333;0.0;0.5;0.07142857142857142;0.0;0.0;0.0;1.0;0.0;0.2;;0.0;
mahfud;0.0;0.25;0.125;0.5;0.8727272727272727;0.972972972972973;0.0;;0.972972972972973;0.9166666666666666;0.5;0.9807692307692307;0.9333333333333333;0.0;1.0;0.6666666666666666;1.0;0.5;0.9285714285714286;1.0;1.0;0.0;0.0;1.0;0.8;;1.0;
