;tribunnews;metrotv;detik;kompas;viva;pikiranrakyat;jawapos;tempo;republika;bisnisindonesia;tvone;antaranews;cnbcindonesia;disway;kumparan;sindo;liputan6;suara;cnnindonesia;detikx
anies;0.2390481341265549;0.5968;0.22402159244264508;0.28493150684931506;0.2495049504950495;0.26359143327841844;0.2073976221928666;0.25766871165644173;0.24312896405919662;0.26450116009280744;0.2808988764044944;0.18235294117647058;0.25838926174496646;0.3076923076923077;0.2923076923076923;0.03409090909090909;0.11827956989247312;0.21052631578947367;0.2;0.0
prabowo;0.3758788534342888;0.208;0.4392712550607287;0.37534246575342467;0.4782178217821782;0.41186161449752884;0.332892998678996;0.40286298568507156;0.47357293868921774;0.3874709976798144;0.39325842696629215;0.35490196078431374;0.412751677852349;0.4307692307692308;0.47692307692307695;0.0625;0.3387096774193548;0.42105263157894735;0.5333333333333333;1.0
ganjar;0.3850730124391563;0.1952;0.3367071524966262;0.33972602739726027;0.2722772277227723;0.3245469522240527;0.45970937912813736;0.3394683026584867;0.2832980972515856;0.3480278422273782;0.3258426966292135;0.4627450980392157;0.3288590604026846;0.26153846153846155;0.23076923076923078;0.9034090909090909;0.543010752688172;0.3684210526315789;0.26666666666666666;0.0
imin;0.1756440281030445;0.3576158940397351;0.20558375634517767;0.26272189349112424;0.18243243243243243;0.13978494623655913;0.1359447004608295;0.13227513227513227;0.15926892950391644;0.15457413249211358;0.14559386973180077;0.11202185792349727;0.22077922077922077;0.22115384615384615;0.15671641791044777;0.021359223300970873;0.10989010989010989;0.1111111111111111;0.2727272727272727;0.0
gibran;0.5238095238095238;0.46357615894039733;0.494077834179357;0.4035502958579882;0.5256756756756756;0.5161290322580645;0.44930875576036866;0.5555555555555556;0.5900783289817232;0.5110410094637224;0.5402298850574713;0.4726775956284153;0.4805194805194805;0.5673076923076923;0.6492537313432836;0.1145631067961165;0.2857142857142857;0.4166666666666667;0.30303030303030304;1.0
mahfud;0.3005464480874317;0.17880794701986755;0.3003384094754653;0.3337278106508876;0.2918918918918919;0.34408602150537637;0.4147465437788018;0.31216931216931215;0.2506527415143603;0.334384858044164;0.31417624521072796;0.41530054644808745;0.2987012987012987;0.21153846153846154;0.19402985074626866;0.8640776699029126;0.6043956043956044;0.4722222222222222;0.42424242424242425;0.0
