;tribunnews;metrotv;detik;kompas;viva;pikiranrakyat;jawapos;antaranews;tvone;tempo;bisnisindonesia;cnbcindonesia;disway;kumparan;republika;suara;sindo;liputan6;detikx;cnnindonesia
anies;0.2619047619047619;0.6798975672215108;0.22148058252427186;0.2713529856386999;0.2812803103782735;0.26492537313432835;0.21631205673758866;0.19934640522875818;0.32375478927203066;0.25757575757575757;0.2903225806451613;0.4033898305084746;0.4578313253012048;0.32558139534883723;0.26744186046511625;0.34579439252336447;0.032908704883227176;0.1317365269461078;0.2;0.0
prabowo;0.324455205811138;0.17157490396927016;0.3907766990291262;0.35374149659863946;0.5295829291949563;0.43159203980099503;0.37115839243498816;0.3333333333333333;0.4061302681992337;0.37037037037037035;0.34475806451612906;0.29152542372881357;0.37349397590361444;0.4325581395348837;0.4806201550387597;0.4766355140186916;0.049893842887473464;0.3532934131736527;0.4;0.5
ganjar;0.41364003228410007;0.14852752880921896;0.38774271844660196;0.3749055177626606;0.18913676042677013;0.3034825870646766;0.41252955082742315;0.4673202614379085;0.27011494252873564;0.3720538720538721;0.3649193548387097;0.3050847457627119;0.1686746987951807;0.24186046511627907;0.25193798449612403;0.17757009345794392;0.9171974522292994;0.5149700598802395;0.4;0.5
imin;0.22804801010739104;0.4588235294117647;0.2183828610919143;0.30988593155893535;0.19687875150060025;0.20090293453724606;0.18197879858657243;0.1669024045261669;0.18041237113402062;0.15732758620689655;0.21241050119331742;0.22580645161290322;0.3561643835616438;0.2222222222222222;0.17587939698492464;0.20634920634920634;0.016863406408094434;0.11594202898550725;0.0;0.3
gibran;0.441566645609602;0.36470588235294116;0.469937802349689;0.3982889733840304;0.5498199279711885;0.43115124153498874;0.4823321554770318;0.4611032531824611;0.5180412371134021;0.46336206896551724;0.4606205250596659;0.4064516129032258;0.4794520547945205;0.5730994152046783;0.5326633165829145;0.3492063492063492;0.07588532883642496;0.17391304347826086;0.75;0.2
mahfud;0.330385344283007;0.17647058823529413;0.3116793365583967;0.29182509505703425;0.2533013205282113;0.36794582392776526;0.33568904593639576;0.371994342291372;0.3015463917525773;0.3793103448275862;0.3269689737470167;0.36774193548387096;0.1643835616438356;0.2046783625730994;0.2914572864321608;0.4444444444444444;0.9072512647554806;0.7101449275362319;0.25;0.5
