;tribunnews;metrotv;detik;kompas;viva;pikiranrakyat;jawapos;tempo;bisnisindonesia;republika;tvone;antaranews;cnbcindonesia;kumparan;disway;sindo;suara;liputan6;cnnindonesia;detikx
anies;0.0;0.0;0.0;0.0;0.0;0.0;0.0;0.0;0.0;0.0;0.0;0.0;0.0;0.0;0.0;0.0;0.0;0.0;0.0;0.0
prabowo;0.0;0.0;0.0;0.0;0.0;0.0;0.0;0.0;0.0;0.0;0.0;0.0;0.0;0.0;0.0;0.0;0.0;0.0;0.0;0.0
ganjar;0.0;0.0;0.0;0.0;0.0;0.0;0.0;0.0;0.0;0.0;0.0;0.0;0.0;0.0;0.0;0.0;0.0;0.0;0.0;0.0
imin;0.18521462639109698;0.39144736842105265;0.20148026315789475;0.2608695652173913;0.18335500650195058;0.13800424628450106;0.14018691588785046;0.14361702127659576;0.15902140672782875;0.17796610169491525;0.1455223880597015;0.10933333333333334;0.22666666666666666;0.1619718309859155;0.23469387755102042;0.022944550669216062;0.14492753623188406;0.12345679012345678;0.3103448275862069;0.0
gibran;0.4984101748807631;0.4342105263157895;0.484375;0.4061784897025172;0.5214564369310793;0.5074309978768577;0.45093457943925236;0.5398936170212766;0.48623853211009177;0.5536723163841808;0.5447761194029851;0.472;0.4533333333333333;0.6408450704225352;0.5510204081632653;0.0994263862332696;0.36231884057971014;0.2222222222222222;0.2413793103448276;1.0
mahfud;0.3163751987281399;0.17434210526315788;0.31414473684210525;0.3329519450800915;0.2951885565669701;0.35456475583864117;0.4088785046728972;0.31648936170212766;0.3547400611620795;0.268361581920904;0.30970149253731344;0.4186666666666667;0.32;0.19718309859154928;0.21428571428571427;0.8776290630975143;0.4927536231884058;0.654320987654321;0.4482758620689655;0.0
