;tribunnews;metrotv;detik;kompas;pikiranrakyat;viva;antaranews;tvone;tempo;jawapos;cnbcindonesia;bisnisindonesia;disway;kumparan;republika;suara;sindo;liputan6;cnnindonesia;detikx
anies;0.2672473867595819;0.6419612314709237;0.21664887940234792;0.26104417670682734;0.29225352112676056;0.27151730257320317;0.21617021276595744;0.34210526315789475;0.26805555555555555;0.216;0.38609112709832133;0.28305400372439476;0.47161572052401746;0.35106382978723405;0.2668918918918919;0.358974358974359;0.04216216216216216;0.14035087719298245;0.1875;0.16666666666666666
prabowo;0.34982578397212544;0.20866590649942987;0.41782283884738525;0.38018741633199465;0.44454225352112675;0.5598935226264419;0.3608510638297872;0.3894736842105263;0.3763888888888889;0.392;0.34772182254196643;0.36685288640595903;0.3930131004366812;0.43617021276595747;0.48986486486486486;0.4256410256410256;0.08108108108108109;0.3567251461988304;0.5;0.5
ganjar;0.3829268292682927;0.14937286202964653;0.3655282817502668;0.35876840696117807;0.2632042253521127;0.16858917480035493;0.4229787234042553;0.26842105263157895;0.35555555555555557;0.392;0.26618705035971224;0.3500931098696462;0.13537117903930132;0.2127659574468085;0.24324324324324326;0.2153846153846154;0.8767567567567568;0.5029239766081871;0.3125;0.3333333333333333
imin;0.23266078184110972;0.4670781893004115;0.21666666666666667;0.3156843156843157;0.24390243902439024;0.19141104294478528;0.178117048346056;0.19293478260869565;0.16738197424892703;0.1726078799249531;0.22784810126582278;0.211340206185567;0.34;0.23728813559322035;0.16753926701570682;0.20987654320987653;0.01694915254237288;0.14285714285714285;0.3;0.0
gibran;0.45775535939470363;0.37037037037037035;0.48333333333333334;0.4035964035964036;0.4146341463414634;0.5656441717791411;0.46946564885496184;0.48641304347826086;0.44206008583690987;0.4915572232645403;0.3924050632911392;0.4690721649484536;0.5266666666666666;0.5423728813559322;0.5445026178010471;0.35802469135802467;0.09152542372881356;0.22077922077922077;0.25;0.75
mahfud;0.30958385876418665;0.16255144032921812;0.3;0.2807192807192807;0.34146341463414637;0.24294478527607363;0.3524173027989822;0.32065217391304346;0.3905579399141631;0.33583489681050654;0.379746835443038;0.31958762886597936;0.13333333333333333;0.22033898305084745;0.2879581151832461;0.43209876543209874;0.8915254237288136;0.6363636363636364;0.45;0.25
