;tribunnews;metrotv;detik;kompas;viva;pikiranrakyat;jawapos;tvone;tempo;bisnisindonesia;antaranews;cnbcindonesia;republika;disway;kumparan;suara;sindo;liputan6;cnnindonesia;detikx
anies;0.2613995485327314;0.6264900662251656;0.23357664233576642;0.2737819025522042;0.2732142857142857;0.2713833157338965;0.2235294117647059;0.31317494600431967;0.25760286225402507;0.28716904276985744;0.1870748299319728;0.3485342019543974;0.26329113924050634;0.42758620689655175;0.3116883116883117;0.30434782608695654;0.03990326481257558;0.12790697674418605;0.09523809523809523;0.3333333333333333
prabowo;0.3471783295711061;0.20264900662251656;0.40875912408759124;0.3720030935808198;0.49642857142857144;0.42344244984160506;0.3517647058823529;0.38444924406047515;0.39713774597495527;0.3421588594704684;0.33843537414965985;0.36482084690553745;0.4379746835443038;0.3586206896551724;0.43506493506493504;0.4260869565217391;0.06166868198307134;0.3546511627906977;0.47619047619047616;0.3333333333333333
ganjar;0.39142212189616254;0.17086092715231788;0.35766423357664234;0.354215003866976;0.23035714285714284;0.3051742344244984;0.42470588235294116;0.3023758099352052;0.34525939177101966;0.37067209775967414;0.4744897959183674;0.28664495114006516;0.29873417721518986;0.21379310344827587;0.2532467532467532;0.26956521739130435;0.898428053204353;0.5174418604651163;0.42857142857142855;0.3333333333333333
imin;0.20573770491803278;0.4212218649517685;0.20279146141215107;0.2743055555555556;0.18304172274562583;0.16237623762376238;0.1583710407239819;0.14487632508833923;0.14594594594594595;0.16878980891719744;0.10913705583756345;0.25333333333333335;0.175;0.30851063829787234;0.1694915254237288;0.15384615384615385;0.024667931688804556;0.12307692307692308;0.23076923076923078;0.0
gibran;0.4565573770491803;0.41479099678456594;0.4548440065681445;0.3923611111111111;0.5302826379542396;0.46732673267326735;0.4479638009049774;0.5229681978798587;0.5081081081081081;0.46496815286624205;0.45685279187817257;0.44;0.525;0.5319148936170213;0.6101694915254238;0.40384615384615385;0.07210626185958255;0.23076923076923078;0.23076923076923078;1.0
mahfud;0.3377049180327869;0.1639871382636656;0.34236453201970446;0.3333333333333333;0.28667563930013457;0.3702970297029703;0.3936651583710407;0.3321554770318021;0.34594594594594597;0.3662420382165605;0.434010152284264;0.30666666666666664;0.3;0.1595744680851064;0.22033898305084745;0.4423076923076923;0.9032258064516129;0.6461538461538462;0.5384615384615384;0.0
