;tribunnews;metrotv;detik;kompas;viva;pikiranrakyat;antaranews;tvone;jawapos;bisnisindonesia;tempo;cnbcindonesia;kumparan;disway;republika;suara;sindo;liputan6;detikx;cnnindonesia
anies;0.26119402985074625;0.6849489795918368;0.21083978558665872;0.2507530120481928;0.275390625;0.2672309552599758;0.19183673469387755;0.32625482625482627;0.19877300613496932;0.29338842975206614;0.23979591836734693;0.40070921985815605;0.341991341991342;0.46296296296296297;0.25;0.3434343434343434;0.03293084522502744;0.12574850299401197;0.25;0.0
prabowo;0.33739198743126475;0.17091836734693877;0.40857653365098273;0.3689759036144578;0.5498046875;0.4328899637243047;0.35816326530612247;0.40540540540540543;0.38773006134969323;0.3450413223140496;0.3656462585034014;0.2872340425531915;0.42424242424242425;0.38271604938271603;0.5;0.47474747474747475;0.05598243688254665;0.3592814371257485;0.25;0.4444444444444444
ganjar;0.401413982717989;0.1441326530612245;0.38058368076235854;0.3802710843373494;0.1748046875;0.2998790810157195;0.45;0.26833976833976836;0.4134969325153374;0.3615702479338843;0.3945578231292517;0.3120567375886525;0.23376623376623376;0.15432098765432098;0.25;0.18181818181818182;0.9110867178924259;0.5149700598802395;0.5;0.5555555555555556
imin;0.23428920073215376;0.4421052631578947;0.22694094226940942;0.30363636363636365;0.19744483159117304;0.22198275862068967;0.1788931788931789;0.18393782383419688;0.18198198198198198;0.21658986175115208;0.15565031982942432;0.2236024844720497;0.23369565217391305;0.3310810810810811;0.17587939698492464;0.22033898305084745;0.018121911037891267;0.125;0.0;0.2857142857142857
gibran;0.45332519829164125;0.3936842105263158;0.4744525547445255;0.4081818181818182;0.554006968641115;0.43103448275862066;0.4671814671814672;0.5051813471502591;0.4990990990990991;0.4700460829493088;0.4605543710021322;0.40993788819875776;0.5597826086956522;0.527027027027027;0.5376884422110553;0.3220338983050847;0.08401976935749589;0.225;0.6666666666666666;0.23809523809523808
mahfud;0.312385600976205;0.16421052631578947;0.298606502986065;0.2881818181818182;0.24854819976771197;0.34698275862068967;0.3539253539253539;0.31088082901554404;0.31891891891891894;0.31336405529953915;0.3837953091684435;0.36645962732919257;0.20652173913043478;0.14189189189189189;0.2864321608040201;0.4576271186440678;0.8978583196046128;0.65;0.3333333333333333;0.47619047619047616
