;tribunnews;metrotv;detik;kompas;viva;pikiranrakyat;jawapos;tempo;tvone;bisnisindonesia;antaranews;cnbcindonesia;republika;disway;kumparan;suara;sindo;liputan6;cnnindonesia;detikx
anies;0.26386321626617376;0.625;0.23671199011124847;0.27812995245641836;0.2750455373406193;0.2710382513661202;0.22115384615384615;0.26238532110091745;0.31291028446389496;0.2848360655737705;0.1931407942238267;0.34415584415584416;0.2654639175257732;0.42758620689655175;0.3157894736842105;0.30973451327433627;0.04059040590405904;0.12280701754385964;0.09523809523809523;0.3333333333333333
prabowo;0.3419593345656192;0.2047872340425532;0.4085290482076638;0.36687797147385104;0.4872495446265938;0.4262295081967213;0.35216346153846156;0.3871559633027523;0.38074398249452956;0.3483606557377049;0.33212996389891697;0.36688311688311687;0.4381443298969072;0.3586206896551724;0.4276315789473684;0.415929203539823;0.055350553505535055;0.3567251461988304;0.47619047619047616;0.3333333333333333
ganjar;0.394177449168207;0.1702127659574468;0.3547589616810878;0.3549920760697306;0.23770491803278687;0.30273224043715846;0.4266826923076923;0.3504587155963303;0.3063457330415755;0.3668032786885246;0.4747292418772563;0.288961038961039;0.2963917525773196;0.21379310344827587;0.2565789473684211;0.2743362831858407;0.9040590405904059;0.52046783625731;0.42857142857142855;0.3333333333333333
imin;0.20521172638436483;0.42207792207792205;0.20430107526881722;0.2689655172413793;0.18413978494623656;0.16129032258064516;0.15753424657534246;0.14804469273743018;0.148014440433213;0.17034700315457413;0.10880829015544041;0.25675675675675674;0.17770034843205576;0.3020833333333333;0.1694915254237288;0.1509433962264151;0.026415094339622643;0.12307692307692308;0.23076923076923078;0.0
gibran;0.4552117263843648;0.41233766233766234;0.45409429280397023;0.39080459770114945;0.5268817204301075;0.46975806451612906;0.4497716894977169;0.5167597765363129;0.5234657039711191;0.47003154574132494;0.46113989637305697;0.43243243243243246;0.5261324041811847;0.5208333333333334;0.6101694915254238;0.39622641509433965;0.07358490566037736;0.23076923076923078;0.23076923076923078;1.0
mahfud;0.33957654723127034;0.16558441558441558;0.3416046319272126;0.34022988505747126;0.28897849462365593;0.3689516129032258;0.3926940639269406;0.33519553072625696;0.3285198555956679;0.35962145110410093;0.43005181347150256;0.3108108108108108;0.2961672473867596;0.17708333333333334;0.22033898305084745;0.4528301886792453;0.9;0.6461538461538462;0.5384615384615384;0.0
