;tribunnews;tempo;viva;cnnindonesia;suara;antaranews;bisnisindonesia;idntimes;liputan6;jawapos;kompas;tvone;mediaindonesia;republika;disway;pikiranrakyat;sindo;tirto;detik;rri;metrotv;cnbcindonesia;bloombergtechnoz;kumparan;katadata;bbc;kontan;cna;detikx
anies;0.08992805755395683;0.09887005649717515;0.08967391304347826;0.0990990990990991;0.10273972602739725;0.06948640483383686;0.09375;0.1357142857142857;0.0871559633027523;0.15;0.050445103857566766;0.09036144578313253;0.07;0.15853658536585366;0.06976744186046512;0.13414634146341464;0.04954954954954955;0.03592814371257485;0.021367521367521368;0.04424778761061947;0.04807692307692308;0.015037593984962405;0.030612244897959183;0.028846153846153848;0.018018018018018018;0.14285714285714285;0.008;0.0;0.0
prabowo;0.4784172661870504;0.7344632768361582;0.7282608695652174;0.48348348348348347;0.684931506849315;0.9123867069486404;0.8616071428571429;0.7928571428571428;0.7706422018348624;0.7083333333333334;0.7270029673590505;0.7590361445783133;0.715;0.6951219512195121;0.8430232558139535;0.6219512195121951;0.6801801801801802;0.874251497005988;0.7350427350427351;0.9203539823008849;0.9038461538461539;0.9586466165413534;0.8367346938775511;0.8173076923076923;0.9459459459459459;0.5714285714285714;0.984;0.6363636363636364;0.0
ganjar;0.4316546762589928;0.16666666666666666;0.18206521739130435;0.4174174174174174;0.21232876712328766;0.01812688821752266;0.044642857142857144;0.07142857142857142;0.14220183486238533;0.14166666666666666;0.22255192878338279;0.15060240963855423;0.215;0.14634146341463414;0.0872093023255814;0.24390243902439024;0.2702702702702703;0.08982035928143713;0.24358974358974358;0.035398230088495575;0.04807692307692308;0.02631578947368421;0.1326530612244898;0.15384615384615385;0.036036036036036036;0.2857142857142857;0.008;0.36363636363636365;1.0
imin;0.0;0.0;0.2;0.027777777777777776;0.0;1.0;;0.0;0.0;0.0;0.0;0.0;0.0;0.0;0.0;;0.0;0.0;0.030303030303030304;0.0;0.0;0.0;;0.0;0.0;;;;
gibran;0.2;0.09523809523809523;0.2;0.0;0.23076923076923078;0.0;;0.0;0.0;1.0;0.0;0.0;0.0;0.0;0.0;;1.0;0.0;0.0;0.0;0.0;0.0;;0.0;0.3333333333333333;;;;
mahfud;0.8;0.9047619047619048;0.6;0.9722222222222222;0.7692307692307693;0.0;;1.0;1.0;0.0;1.0;1.0;1.0;1.0;1.0;;0.0;1.0;0.9696969696969697;1.0;1.0;1.0;;1.0;0.6666666666666666;;;;
