;tribunnews;metrotv;detik;kompas;viva;pikiranrakyat;antaranews;tvone;jawapos;tempo;bisnisindonesia;cnbcindonesia;kumparan;disway;republika;suara;sindo;liputan6;detikx;cnnindonesia
anies;0.26293271100739013;0.6815856777493606;0.20887573964497042;0.249811320754717;0.2736124634858812;0.26904761904761904;0.1903323262839879;0.32755298651252407;0.19454770755885997;0.2387312186978297;0.29098360655737704;0.397887323943662;0.34177215189873417;0.46987951807228917;0.24696356275303644;0.3469387755102041;0.03369565217391304;0.12048192771084337;0.25;0.0
prabowo;0.338000777907429;0.17519181585677748;0.41124260355029585;0.3728301886792453;0.5559883154819864;0.43214285714285716;0.36253776435045315;0.40655105973025046;0.3878562577447336;0.3672787979966611;0.3483606557377049;0.29225352112676056;0.42616033755274263;0.3795180722891566;0.5060728744939271;0.47959183673469385;0.05652173913043478;0.3674698795180723;0.25;0.4444444444444444
ganjar;0.3990665110851809;0.1432225063938619;0.37988165680473374;0.37735849056603776;0.17039922103213243;0.2988095238095238;0.4471299093655589;0.2658959537572254;0.41759603469640644;0.39398998330550916;0.36065573770491804;0.30985915492957744;0.2320675105485232;0.15060240963855423;0.24696356275303644;0.17346938775510204;0.9097826086956522;0.5120481927710844;0.5;0.5555555555555556
imin;0.23493609251369446;0.44537815126050423;0.22838283828382838;0.3076923076923077;0.19721577726218098;0.22340425531914893;0.1798469387755102;0.18508997429305912;0.18264014466546113;0.15711252653927812;0.2175925925925926;0.2236024844720497;0.23243243243243245;0.3310810810810811;0.17412935323383086;0.22413793103448276;0.017915309446254073;0.125;0.0;0.3
gibran;0.4522215459525259;0.3907563025210084;0.4726072607260726;0.41025641025641024;0.5603248259860789;0.4297872340425532;0.46938775510204084;0.5038560411311054;0.49909584086799275;0.4585987261146497;0.4675925925925926;0.40993788819875776;0.5621621621621622;0.527027027027027;0.5422885572139303;0.3103448275862069;0.08306188925081433;0.225;0.6666666666666666;0.25
mahfud;0.31284236153377964;0.1638655462184874;0.299009900990099;0.28205128205128205;0.24245939675174014;0.3468085106382979;0.350765306122449;0.3110539845758355;0.3182640144665461;0.3842887473460722;0.3148148148148148;0.36645962732919257;0.20540540540540542;0.14189189189189189;0.2835820895522388;0.46551724137931033;0.8990228013029316;0.65;0.3333333333333333;0.45
