;antaranews;tribunnews;viva;kompas;tempo;mediaindonesia;liputan6;cnnindonesia;suara;bisnisindonesia;sindo;disway;republika;tvone;tirto;kontan;detik;jawapos;idntimes;cnbcindonesia;bloombergtechnoz;metrotv;rri;kumparan;katadata;pikiranrakyat;cna
anies;0.08188585607940446;0.07075471698113207;0.1059322033898305;0.06535947712418301;0.04815864022662889;0.08333333333333333;0.05190311418685121;0.06481481481481481;0.060085836909871244;0.058823529411764705;0.05527638190954774;0.06993006993006994;0.11392405063291139;0.07777777777777778;0.03932584269662921;0.029556650246305417;0.0375;0.06172839506172839;0.06153846153846154;0.01762114537444934;0.033707865168539325;0.043478260869565216;0.07894736842105263;0.02666666666666667;0.009174311926605505;0.0;0.0
prabowo;0.8709677419354839;0.5683962264150944;0.7838983050847458;0.8366013071895425;0.830028328611898;0.6944444444444444;0.8546712802768166;0.6620370370370371;0.8369098712446352;0.8781512605042017;0.6934673366834171;0.8671328671328671;0.7468354430379747;0.7444444444444445;0.848314606741573;0.9556650246305419;0.85;0.7654320987654321;0.8923076923076924;0.9427312775330396;0.898876404494382;0.9130434782608695;0.8157894736842105;0.7866666666666666;0.963302752293578;0.88;1.0
ganjar;0.04714640198511166;0.3608490566037736;0.11016949152542373;0.09803921568627451;0.12181303116147309;0.2222222222222222;0.09342560553633218;0.27314814814814814;0.10300429184549356;0.06302521008403361;0.25125628140703515;0.06293706293706294;0.13924050632911392;0.17777777777777778;0.11235955056179775;0.014778325123152709;0.1125;0.1728395061728395;0.046153846153846156;0.039647577092511016;0.06741573033707865;0.043478260869565216;0.10526315789473684;0.18666666666666668;0.027522935779816515;0.12;0.0
imin;0.0;0.0;0.0;0.0;0.0;0.0;0.0;0.0;0.0;0.0;0.0;0.0;0.0;0.07692307692307693;0.0;0.0;0.0;0.0;0.0;0.0;0.0;0.0;0.0;0.0;0.0;0.0;0.0
gibran;0.5;0.8;0.3333333333333333;0.2826086956521739;0.42857142857142855;0.6666666666666666;0.21875;0.10416666666666667;0.6818181818181818;1.0;1.0;0.3333333333333333;0.03571428571428571;0.07692307692307693;0.0;1.0;0.2;0.3333333333333333;0.07317073170731707;0.14285714285714285;0.0;0.0;0.0;0.5;0.3333333333333333;0.75;0.0
mahfud;0.5;0.2;0.6666666666666666;0.717391304347826;0.5714285714285714;0.3333333333333333;0.78125;0.8958333333333334;0.3181818181818182;0.0;0.0;0.6666666666666666;0.9642857142857143;0.8461538461538461;1.0;0.0;0.8;0.6666666666666666;0.926829268292683;0.8571428571428571;1.0;1.0;1.0;0.5;0.6666666666666666;0.25;1.0
