;tribunnews;metrotv;detik;kompas;viva;pikiranrakyat;jawapos;tempo;bisnisindonesia;republika;tvone;antaranews;cnbcindonesia;kumparan;disway;suara;liputan6;sindo;cnnindonesia;detikx
anies;0.23226854358419058;0.5723793677204659;0.23092926490984744;0.277992277992278;0.24825523429710866;0.26138279932546377;0.20345744680851063;0.25760649087221094;0.2891566265060241;0.22807017543859648;0.26380368098159507;0.19101123595505617;0.26421404682274247;0.30935251798561153;0.3203125;0.248;0.13488372093023257;0.03600654664484452;0.25;0.3333333333333333
prabowo;0.39415268002165676;0.22129783693843594;0.4431345353675451;0.3947876447876448;0.452642073778664;0.41989881956155145;0.3377659574468085;0.4158215010141988;0.38795180722891565;0.5126705653021443;0.4110429447852761;0.3797752808988764;0.42474916387959866;0.48201438848920863;0.3828125;0.416;0.37209302325581395;0.06546644844517185;0.5357142857142857;0.6666666666666666
ganjar;0.37357877639415266;0.20632279534109818;0.3259361997226075;0.32722007722007723;0.29910269192422734;0.31871838111298484;0.4587765957446808;0.3265720081135903;0.3228915662650602;0.25925925925925924;0.32515337423312884;0.42921348314606744;0.3110367892976589;0.20863309352517986;0.296875;0.336;0.4930232558139535;0.8985270049099836;0.21428571428571427;0.0
imin;0.15526122148638705;0.33974358974358976;0.20797962648556875;0.2434052757793765;0.17580872011251758;0.13849765258215962;0.14014251781472684;0.13810741687979539;0.16129032258064516;0.1536643026004728;0.16101694915254236;0.11006289308176101;0.24742268041237114;0.17692307692307693;0.19230769230769232;0.11363636363636363;0.09574468085106383;0.028077753779697623;0.18181818181818182;0.0
gibran;0.5533480500367918;0.48717948717948717;0.5118845500848896;0.4352517985611511;0.5175808720112518;0.5492957746478874;0.44418052256532065;0.5754475703324808;0.535483870967742;0.6217494089834515;0.5254237288135594;0.48427672955974843;0.5154639175257731;0.6538461538461539;0.5480769230769231;0.4659090909090909;0.3617021276595745;0.14038876889848811;0.45454545454545453;1.0
mahfud;0.2913907284768212;0.17307692307692307;0.2801358234295416;0.3213429256594724;0.3066104078762307;0.31220657276995306;0.4156769596199525;0.2864450127877238;0.3032258064516129;0.22458628841607564;0.3135593220338983;0.4056603773584906;0.23711340206185566;0.16923076923076924;0.25961538461538464;0.42045454545454547;0.5425531914893617;0.8315334773218143;0.36363636363636365;0.0
