;tribunnews;metrotv;detik;kompas;viva;pikiranrakyat;antaranews;jawapos;tvone;bisnisindonesia;tempo;cnbcindonesia;disway;kumparan;republika;suara;sindo;liputan6;detikx;cnnindonesia
anies;0.2601593625498008;0.6742424242424242;0.2145922746781116;0.2585291887793783;0.2754901960784314;0.2665847665847666;0.19540229885057472;0.2079806529625151;0.31976744186046513;0.29124236252545826;0.2452504317789292;0.4028268551236749;0.4476744186046512;0.33624454148471616;0.25301204819277107;0.34615384615384615;0.032362459546925564;0.125;0.25;0.0
prabowo;0.33067729083665337;0.17297979797979798;0.3966891477621091;0.36239575435936316;0.5401960784313725;0.4312039312039312;0.3437826541274817;0.3808948004836759;0.40891472868217055;0.34623217922606925;0.36614853195164077;0.2826855123674912;0.38372093023255816;0.43231441048034935;0.4939759036144578;0.47115384615384615;0.05285868392664509;0.35714285714285715;0.25;0.5
ganjar;0.4091633466135458;0.1527777777777778;0.3887185775597793;0.37907505686125853;0.1843137254901961;0.3022113022113022;0.4608150470219436;0.4111245465538089;0.2713178294573643;0.3625254582484725;0.38860103626943004;0.31448763250883394;0.1686046511627907;0.2314410480349345;0.25301204819277107;0.18269230769230768;0.9147788565264293;0.5178571428571429;0.5;0.5
imin;0.22535211267605634;0.43670886075949367;0.22372881355932203;0.3089731729879741;0.19437939110070257;0.203125;0.17662682602921648;0.1795774647887324;0.1801566579634465;0.214123006833713;0.14935064935064934;0.21875;0.3184713375796178;0.22404371584699453;0.17587939698492464;0.20967741935483872;0.016474464579901153;0.1;0.0;0.2857142857142857
gibran;0.45254133496631965;0.39029535864978904;0.46779661016949153;0.4024051803885291;0.5538641686182669;0.43973214285714285;0.46215139442231074;0.4964788732394366;0.5117493472584856;0.46697038724373574;0.4696969696969697;0.4;0.5159235668789809;0.5737704918032787;0.5376884422110553;0.3387096774193548;0.08072487644151564;0.225;0.6666666666666666;0.23809523809523808
mahfud;0.32210655235762403;0.1729957805907173;0.30847457627118646;0.28862164662349676;0.25175644028103045;0.35714285714285715;0.3612217795484728;0.323943661971831;0.30809399477806787;0.31890660592255127;0.38095238095238093;0.38125;0.16560509554140126;0.20218579234972678;0.2864321608040201;0.45161290322580644;0.9028006589785832;0.675;0.3333333333333333;0.47619047619047616
