;tribunnews;kompas;cnnindonesia;viva;antaranews;suara;liputan6;tempo;idntimes;jawapos;republika;sindo;tvone;disway;detik;bisnisindonesia;mediaindonesia;cnbcindonesia;rri;tirto;kumparan;pikiranrakyat;katadata;metrotv;kontan;bloombergtechnoz;cna
anies;0.07467532467532467;0.09821428571428571;0.09198813056379822;0.08306709265175719;0.07975460122699386;0.07418397626112759;0.0945945945945946;0.045180722891566265;0.10344827586206896;0.07692307692307693;0.1643835616438356;0.05970149253731343;0.0728476821192053;0.04522613065326633;0.03305785123966942;0.03482587064676617;0.041916167664670656;0.016713091922005572;0.07142857142857142;0.030864197530864196;0.04672897196261682;0.0547945205479452;0.014705882352941176;0.008928571428571428;0.00641025641025641;0.010752688172043012;0.0
prabowo;0.7353896103896104;0.7886904761904762;0.6646884272997032;0.8753993610223643;0.9141104294478528;0.827893175074184;0.8513513513513513;0.8674698795180723;0.8551724137931035;0.8525641025641025;0.7397260273972602;0.8109452736318408;0.8410596026490066;0.9296482412060302;0.8057851239669421;0.9601990049751243;0.8802395209580839;0.9693593314763231;0.9285714285714286;0.9506172839506173;0.8785046728971962;0.8767123287671232;0.9558823529411765;0.9642857142857143;0.9935897435897436;0.967741935483871;0.9375
ganjar;0.18993506493506493;0.1130952380952381;0.2433234421364985;0.04153354632587859;0.006134969325153374;0.09792284866468842;0.05405405405405406;0.08734939759036145;0.041379310344827586;0.07051282051282051;0.0958904109589041;0.12935323383084577;0.08609271523178808;0.02512562814070352;0.16115702479338842;0.004975124378109453;0.07784431137724551;0.013927576601671309;0.0;0.018518518518518517;0.07476635514018691;0.0684931506849315;0.029411764705882353;0.026785714285714284;0.0;0.021505376344086023;0.0625
imin;0.0;0.0;0.0;0.14285714285714285;1.0;0.0;0.0;0.0;0.0;0.0;0.0;0.0;0.0;0.0;0.0;;;0.0;0.0;0.0;0.0;0.0;0.0;0.0;0.0;;
gibran;0.8;0.0;0.0;0.42857142857142855;0.0;0.5;0.05555555555555555;0.2222222222222222;0.047619047619047616;1.0;0.045454545454545456;1.0;0.09523809523809523;1.0;0.0;;;0.0;0.0;0.0;0.0;0.0;0.2;0.0;1.0;;
mahfud;0.2;1.0;1.0;0.42857142857142855;0.0;0.5;0.9444444444444444;0.7777777777777778;0.9523809523809523;0.0;0.9545454545454546;0.0;0.9047619047619048;0.0;1.0;;;1.0;1.0;1.0;1.0;1.0;0.8;1.0;0.0;;
