;tribunnews;metrotv;detik;kompas;pikiranrakyat;viva;antaranews;tvone;tempo;jawapos;cnbcindonesia;bisnisindonesia;disway;kumparan;suara;republika;sindo;liputan6;cnnindonesia;detikx
anies;0.26705653021442494;0.6417410714285714;0.2306540189715427;0.26596404215747055;0.2964169381107492;0.2630252100840336;0.2248995983935743;0.3436988543371522;0.272608125819135;0.21899441340782122;0.3839479392624729;0.28546712802768165;0.4715447154471545;0.3519736842105263;0.34448160535117056;0.27124183006535946;0.04741379310344827;0.16111111111111112;0.1875;0.16666666666666666
prabowo;0.3622482131254061;0.21763392857142858;0.4253619570644034;0.38313701177929327;0.4560260586319218;0.5680672268907563;0.3751004016064257;0.40425531914893614;0.3918741808650065;0.40558659217877097;0.36225596529284165;0.35813148788927335;0.3943089430894309;0.4407894736842105;0.411371237458194;0.4934640522875817;0.08405172413793104;0.37222222222222223;0.5;0.5
ganjar;0.37069525666016895;0.140625;0.3439840239640539;0.3508989460632362;0.247557003257329;0.1689075630252101;0.4;0.2520458265139116;0.33551769331585846;0.3754189944134078;0.25379609544468545;0.356401384083045;0.13414634146341464;0.20723684210526316;0.24414715719063546;0.23529411764705882;0.8685344827586207;0.4666666666666667;0.3125;0.3333333333333333
imin;0.2270168855534709;0.4725050916496945;0.21226740179186768;0.3253253253253253;0.2611464968152866;0.18663303909205547;0.17575757575757575;0.18933333333333333;0.1648590021691974;0.1796875;0.2229299363057325;0.21614583333333334;0.3310344827586207;0.23728813559322035;0.19298245614035087;0.18518518518518517;0.021207177814029365;0.14666666666666667;0.29411764705882354;0.0
gibran;0.45716072545340836;0.3645621181262729;0.4789800137835975;0.3983983983983984;0.40552016985138006;0.562421185372005;0.4678787878787879;0.4826666666666667;0.44685466377440347;0.490234375;0.39490445859872614;0.4453125;0.5310344827586206;0.5536723163841808;0.40350877192982454;0.5343915343915344;0.08972267536704731;0.24;0.35294117647058826;0.75
mahfud;0.3158223889931207;0.1629327902240326;0.3087525844245348;0.27627627627627627;0.3333333333333333;0.2509457755359395;0.3563636363636364;0.328;0.3882863340563991;0.330078125;0.3821656050955414;0.3385416666666667;0.13793103448275862;0.20903954802259886;0.40350877192982454;0.2804232804232804;0.8890701468189234;0.6133333333333333;0.35294117647058826;0.25
