;tribunnews;metrotv;detik;kompas;pikiranrakyat;viva;antaranews;tvone;tempo;jawapos;cnbcindonesia;bisnisindonesia;disway;kumparan;suara;republika;sindo;liputan6;cnnindonesia;detikx
anies;0.2650200267022697;0.6402714932126696;0.21876620010368067;0.2605905006418485;0.2824427480916031;0.2621527777777778;0.21810699588477367;0.3434343434343434;0.2657718120805369;0.21559633027522937;0.3811659192825112;0.274822695035461;0.463519313304721;0.34797297297297297;0.352059925093633;0.2671009771986971;0.04310344827586207;0.13450292397660818;0.1875;0.16666666666666666
prabowo;0.3604806408544726;0.2160633484162896;0.4282011404872991;0.38382541720154045;0.455470737913486;0.5677083333333334;0.3728395061728395;0.398989898989899;0.38791946308724834;0.40022935779816515;0.35874439461883406;0.3617021276595745;0.39914163090128757;0.44594594594594594;0.41198501872659177;0.495114006514658;0.08512931034482758;0.38011695906432746;0.5;0.5
ganjar;0.37449933244325767;0.1436651583710407;0.35303265940902023;0.355584082156611;0.26208651399491095;0.1701388888888889;0.4090534979423868;0.25757575757575757;0.34630872483221475;0.3841743119266055;0.2600896860986547;0.36347517730496454;0.13733905579399142;0.20608108108108109;0.23595505617977527;0.23778501628664495;0.8717672413793104;0.4853801169590643;0.3125;0.3333333333333333
imin;0.22715894868585731;0.4663951120162933;0.21041666666666667;0.3162134944612286;0.24891774891774893;0.19029850746268656;0.17581047381546136;0.1951219512195122;0.16738197424892703;0.17635658914728683;0.2229299363057325;0.21558441558441557;0.33793103448275863;0.24;0.20192307692307693;0.18041237113402062;0.0165016501650165;0.15584415584415584;0.29411764705882354;0.0
gibran;0.45807259073842305;0.3665987780040733;0.48541666666666666;0.4038267875125881;0.4134199134199134;0.5584577114427861;0.47256857855361595;0.48509485094850946;0.44420600858369097;0.4883720930232558;0.39490445859872614;0.45194805194805193;0.5241379310344828;0.5542857142857143;0.38461538461538464;0.5360824742268041;0.09570957095709572;0.23376623376623376;0.35294117647058826;0.75
mahfud;0.31476846057571967;0.1670061099796334;0.30416666666666664;0.2799597180261833;0.33766233766233766;0.2512437810945274;0.3516209476309227;0.31978319783197834;0.388412017167382;0.33527131782945735;0.3821656050955414;0.33246753246753247;0.13793103448275862;0.2057142857142857;0.41346153846153844;0.28350515463917525;0.8877887788778878;0.6103896103896104;0.35294117647058826;0.25
