;tribunnews;metrotv;detik;kompas;viva;pikiranrakyat;jawapos;tvone;antaranews;tempo;bisnisindonesia;cnbcindonesia;republika;disway;kumparan;suara;sindo;liputan6;detikx;cnnindonesia
anies;0.26913265306122447;0.6740837696335078;0.23234200743494424;0.29323899371069184;0.28205128205128205;0.27101769911504425;0.22956730769230768;0.3474576271186441;0.20492866407263294;0.275;0.3024193548387097;0.38127090301003347;0.2833333333333333;0.47058823529411764;0.33136094674556216;0.35;0.03337041156840934;0.14545454545454545;0.2;0.05555555555555555
prabowo;0.33843537414965985;0.18324607329842932;0.39343246592317227;0.3522012578616352;0.5213675213675214;0.4314159292035398;0.37259615384615385;0.3961864406779661;0.3203631647211414;0.38392857142857145;0.33669354838709675;0.3177257525083612;0.45666666666666667;0.35294117647058826;0.4378698224852071;0.5;0.06340378197997776;0.37575757575757573;0.4;0.3888888888888889
ganjar;0.3924319727891156;0.14267015706806283;0.3742255266418835;0.35455974842767296;0.19658119658119658;0.2975663716814159;0.39783653846153844;0.2563559322033898;0.47470817120622566;0.3410714285714286;0.36088709677419356;0.3010033444816054;0.26;0.17647058823529413;0.23076923076923078;0.15;0.9032258064516129;0.47878787878787876;0.4;0.5555555555555556
imin;0.23614775725593667;0.45077720207253885;0.2091363311920057;0.2997967479674797;0.1968408262454435;0.19556451612903225;0.16446124763705103;0.17847025495750707;0.15666666666666668;0.1792452830188679;0.21836228287841192;0.24203821656050956;0.16591928251121077;0.3617021276595745;0.22727272727272727;0.20689655172413793;0.019130434782608695;0.1206896551724138;0.0;0.28
gibran;0.44327176781002636;0.37823834196891193;0.4675231977159172;0.3882113821138211;0.543134872417983;0.4435483870967742;0.502835538752363;0.5269121813031161;0.44333333333333336;0.4669811320754717;0.45905707196029777;0.3885350318471338;0.5605381165919282;0.475177304964539;0.577922077922078;0.39655172413793105;0.09565217391304348;0.22413793103448276;0.75;0.16
mahfud;0.32058047493403696;0.17098445595854922;0.3233404710920771;0.3119918699186992;0.2600243013365735;0.36088709677419356;0.332703213610586;0.29461756373937675;0.4;0.35377358490566035;0.3225806451612903;0.36942675159235666;0.273542600896861;0.16312056737588654;0.19480519480519481;0.39655172413793105;0.8852173913043478;0.6551724137931034;0.25;0.56
