;tribunnews;metrotv;detik;kompas;viva;pikiranrakyat;jawapos;tempo;bisnisindonesia;republika;tvone;antaranews;cnbcindonesia;kumparan;disway;suara;sindo;liputan6;cnnindonesia;detikx
anies;0.0;0.0;0.0;0.0;0.0;0.0;0.0;0.0;0.0;0.0;0.0;0.0;0.0;0.0;0.0;0.0;0.0;0.0;0.0;0.0
prabowo;0.0;0.0;0.0;0.0;0.0;0.0;0.0;0.0;0.0;0.0;0.0;0.0;0.0;0.0;0.0;0.0;0.0;0.0;0.0;0.0
ganjar;0.0;0.0;0.0;0.0;0.0;0.0;0.0;0.0;0.0;0.0;0.0;0.0;0.0;0.0;0.0;0.0;0.0;0.0;0.0;0.0
imin;0.18580542264752792;0.39933993399339934;0.20098846787479407;0.26352128883774456;0.18311688311688312;0.1371308016877637;0.1425233644859813;0.14705882352941177;0.16358024691358025;0.17663817663817663;0.145985401459854;0.10875331564986737;0.22972972972972974;0.16546762589928057;0.24242424242424243;0.16417910447761194;0.02480916030534351;0.12658227848101267;0.32142857142857145;0.0
gibran;0.4960127591706539;0.42574257425742573;0.48599670510708404;0.4062140391254315;0.522077922077922;0.5084388185654009;0.4485981308411215;0.5374331550802139;0.4783950617283951;0.5555555555555556;0.5437956204379562;0.47480106100795755;0.44594594594594594;0.6330935251798561;0.5454545454545454;0.3582089552238806;0.09351145038167939;0.22784810126582278;0.21428571428571427;1.0
mahfud;0.3181818181818182;0.17491749174917492;0.3130148270181219;0.3302646720368239;0.2948051948051948;0.35443037974683544;0.4088785046728972;0.3155080213903743;0.35802469135802467;0.2678062678062678;0.3102189781021898;0.41644562334217505;0.32432432432432434;0.2014388489208633;0.21212121212121213;0.47761194029850745;0.8816793893129771;0.6455696202531646;0.4642857142857143;0.0
