;tribunnews;metrotv;detik;kompas;pikiranrakyat;viva;antaranews;tvone;tempo;jawapos;cnbcindonesia;bisnisindonesia;disway;kumparan;suara;republika;sindo;liputan6;cnnindonesia;detikx
anies;0.2698463508322663;0.639599555061179;0.23246689553702796;0.2682180036742192;0.29847144006436044;0.2623355263157895;0.22545168892380205;0.34134615384615385;0.27448453608247425;0.22259136212624583;0.38660907127429806;0.2891566265060241;0.4782608695652174;0.34951456310679613;0.34516129032258064;0.2706270627062706;0.04854368932038835;0.1793478260869565;0.17647058823529413;0.16666666666666666
prabowo;0.3626760563380282;0.22024471635150167;0.4261893084845513;0.38150642988364974;0.4569589702333065;0.5707236842105263;0.3786331500392773;0.40544871794871795;0.39304123711340205;0.40420819490586934;0.3650107991360691;0.35456110154905335;0.38735177865612647;0.44336569579288027;0.4096774193548387;0.5016501650165016;0.08522114347357065;0.375;0.5294117647058824;0.5
ganjar;0.3674775928297055;0.14015572858731926;0.3413437959784208;0.35027556644213104;0.24456958970233306;0.1669407894736842;0.39591516103692065;0.2532051282051282;0.3324742268041237;0.37320044296788485;0.24838012958963282;0.35628227194492257;0.13438735177865613;0.20711974110032363;0.24516129032258063;0.22772277227722773;0.866235167206041;0.44565217391304346;0.29411764705882354;0.3333333333333333
imin;0.2278401997503121;0.47443762781186094;0.21002059025394645;0.32936507936507936;0.2630480167014614;0.1861635220125786;0.17023809523809524;0.1868421052631579;0.16666666666666666;0.18181818181818182;0.2229299363057325;0.21705426356589147;0.32653061224489793;0.23595505617977527;0.18487394957983194;0.18518518518518517;0.0210016155088853;0.14666666666666667;0.29411764705882354;0.0
gibran;0.4550561797752809;0.36400817995910023;0.47975291695264244;0.3968253968253968;0.40083507306889354;0.5622641509433962;0.46785714285714286;0.48157894736842105;0.44372294372294374;0.48936170212765956;0.39490445859872614;0.4392764857881137;0.5306122448979592;0.5561797752808989;0.4117647058823529;0.5291005291005291;0.0888529886914378;0.24;0.35294117647058826;0.75
mahfud;0.317103620474407;0.16155419222903886;0.31022649279341113;0.27380952380952384;0.33611691022964507;0.25157232704402516;0.3619047619047619;0.33157894736842103;0.38961038961038963;0.3288201160541586;0.3821656050955414;0.34366925064599485;0.14285714285714285;0.20786516853932585;0.40336134453781514;0.2857142857142857;0.8901453957996769;0.6133333333333333;0.35294117647058826;0.25
