;tribunnews;metrotv;detik;kompas;viva;jawapos;pikiranrakyat;tempo;bisnisindonesia;republika;tvone;antaranews;cnbcindonesia;disway;kumparan;suara;liputan6;sindo;cnnindonesia;detikx
anies;0.23655323819978047;0.5886178861788618;0.2294402211472011;0.27926267281105993;0.2525458248472505;0.20794701986754968;0.2609427609427609;0.25925925925925924;0.27505827505827507;0.23553719008264462;0.28152492668621704;0.18029350104821804;0.25418060200668896;0.33070866141732286;0.3106060606060606;0.2719298245614035;0.13725490196078433;0.03458646616541353;0.2692307692307692;0.0
prabowo;0.38419319429198684;0.21138211382113822;0.43538355217691777;0.38341013824884795;0.45824847250509165;0.32980132450331123;0.4074074074074074;0.411522633744856;0.38461538461538464;0.48760330578512395;0.39002932551319647;0.3584905660377358;0.4180602006688963;0.4015748031496063;0.49242424242424243;0.40350877192982454;0.3382352941176471;0.06315789473684211;0.5;1.0
ganjar;0.3792535675082327;0.2;0.33517622667588115;0.33732718894009217;0.2892057026476578;0.46225165562913906;0.33164983164983164;0.3292181069958848;0.34032634032634035;0.2768595041322314;0.3284457478005865;0.4612159329140461;0.3277591973244147;0.2677165354330709;0.19696969696969696;0.32456140350877194;0.5245098039215687;0.9022556390977443;0.23076923076923078;0.0
imin;0.16462480857580397;0.339041095890411;0.21193771626297578;0.24766355140186916;0.175;0.13734939759036144;0.1352549889135255;0.13506493506493505;0.15673981191222572;0.15228426395939088;0.1557377049180328;0.11144578313253012;0.2073170731707317;0.21782178217821782;0.1640625;0.1111111111111111;0.10989010989010989;0.02748414376321353;0.22580645161290322;0.0
gibran;0.5444104134762634;0.4897260273972603;0.5060553633217993;0.4310747663551402;0.5263888888888889;0.4506024096385542;0.5543237250554324;0.5792207792207792;0.5297805642633229;0.6091370558375635;0.5368852459016393;0.4789156626506024;0.524390243902439;0.5643564356435643;0.671875;0.4305555555555556;0.31868131868131866;0.13107822410147993;0.3548387096774194;1.0
mahfud;0.29096477794793263;0.17123287671232876;0.2820069204152249;0.3212616822429907;0.2986111111111111;0.41204819277108434;0.31042128603104213;0.2857142857142857;0.31347962382445144;0.23857868020304568;0.3073770491803279;0.40963855421686746;0.2682926829268293;0.21782178217821782;0.1640625;0.4583333333333333;0.5714285714285714;0.8414376321353065;0.41935483870967744;0.0
