;tribunnews;metrotv;detik;kompas;viva;pikiranrakyat;jawapos;tempo;bisnisindonesia;republika;tvone;antaranews;cnbcindonesia;disway;kumparan;liputan6;sindo;suara;cnnindonesia;detikx
anies;0.23493975903614459;0.5853658536585366;0.22551724137931034;0.2795992714025501;0.2494949494949495;0.26791808873720135;0.2037533512064343;0.25157232704402516;0.2695035460992908;0.23554603854389722;0.27793696275071633;0.18421052631578946;0.25666666666666665;0.3076923076923077;0.3008130081300813;0.12;0.03566121842496285;0.19801980198019803;0.23076923076923078;0.0
prabowo;0.38608981380065716;0.216260162601626;0.4393103448275862;0.38160291438979965;0.4707070707070707;0.40273037542662116;0.3351206434316354;0.41509433962264153;0.38534278959810875;0.48394004282655245;0.3982808022922636;0.3623481781376518;0.4166666666666667;0.4230769230769231;0.4878048780487805;0.345;0.06240713224368499;0.43564356435643564;0.5;1.0
ganjar;0.37897042716319823;0.1983739837398374;0.3351724137931035;0.33879781420765026;0.2797979797979798;0.3293515358361775;0.46112600536193027;0.3333333333333333;0.34515366430260047;0.28051391862955033;0.3237822349570201;0.4534412955465587;0.32666666666666666;0.2692307692307692;0.21138211382113822;0.535;0.9019316493313522;0.36633663366336633;0.2692307692307692;0.0
imin;0.16921898928024504;0.3401360544217687;0.20668953687821612;0.25057736720554274;0.18068965517241378;0.14096916299559473;0.1383495145631068;0.13421052631578947;0.1557632398753894;0.15104166666666666;0.14901960784313725;0.11299435028248588;0.2125;0.22115384615384615;0.15873015873015872;0.10989010989010989;0.026476578411405296;0.1095890410958904;0.28125;0.0
gibran;0.5436447166921899;0.48639455782312924;0.5034305317324185;0.4226327944572748;0.5296551724137931;0.539647577092511;0.4587378640776699;0.5710526315789474;0.5295950155763239;0.6067708333333334;0.5450980392156862;0.4887005649717514;0.5125;0.5673076923076923;0.6587301587301587;0.31868131868131866;0.12627291242362526;0.4246575342465753;0.3125;1.0
mahfud;0.2871362940275651;0.17346938775510204;0.28987993138936535;0.32678983833718245;0.2896551724137931;0.31938325991189426;0.4029126213592233;0.29473684210526313;0.3146417445482866;0.2421875;0.3058823529411765;0.3983050847457627;0.275;0.21153846153846154;0.18253968253968253;0.5714285714285714;0.8472505091649695;0.4657534246575342;0.40625;0.0
