;tribunnews;antaranews;kompas;tempo;viva;cnnindonesia;bisnisindonesia;liputan6;suara;mediaindonesia;sindo;republika;tvone;disway;jawapos;detik;metrotv;idntimes;bloombergtechnoz;kontan;tirto;kumparan;cnbcindonesia;pikiranrakyat;rri;cna;katadata
anies;0.07962529274004684;0.09939759036144578;0.09701492537313433;0.07079646017699115;0.10849056603773585;0.09361702127659574;0.08547008547008547;0.06418918918918919;0.06808510638297872;0.08620689655172414;0.07291666666666667;0.23076923076923078;0.10714285714285714;0.06086956521739131;0.07608695652173914;0.041666666666666664;0.09859154929577464;0.07142857142857142;0.06896551724137931;0.03260869565217391;0.03125;0.06172839506172839;0.01646090534979424;0.05555555555555555;0.04;0.058823529411764705;0.0
prabowo;0.47540983606557374;0.858433734939759;0.8022388059701493;0.7817109144542773;0.7405660377358491;0.6;0.8632478632478633;0.8344594594594594;0.7787234042553192;0.7413793103448276;0.65625;0.5961538461538461;0.6190476190476191;0.8608695652173913;0.7717391304347826;0.7976190476190477;0.8169014084507042;0.8809523809523809;0.8275862068965517;0.9565217391304348;0.8125;0.6666666666666666;0.9423868312757202;0.7777777777777778;0.88;0.8823529411764706;0.9560439560439561
ganjar;0.4449648711943794;0.04216867469879518;0.10074626865671642;0.14749262536873156;0.1509433962264151;0.30638297872340425;0.05128205128205128;0.10135135135135136;0.15319148936170213;0.1724137931034483;0.2708333333333333;0.17307692307692307;0.27380952380952384;0.0782608695652174;0.15217391304347827;0.16071428571428573;0.08450704225352113;0.047619047619047616;0.10344827586206896;0.010869565217391304;0.15625;0.2716049382716049;0.0411522633744856;0.16666666666666666;0.08;0.058823529411764705;0.04395604395604396
imin;0.0;0.0;0.0;0.0;0.0;0.0;0.0;0.0;0.0;0.3333333333333333;0.0;0.0;0.058823529411764705;0.0;0.0;0.0;0.02631578947368421;0.0;0.5;0.0;0.0;0.0;0.0;0.0;0.0;;0.0
gibran;0.9473684210526315;0.5;0.14563106796116504;0.5555555555555556;1.0;0.08;1.0;0.21875;0.7222222222222222;0.6666666666666666;1.0;0.0;0.029411764705882353;0.3333333333333333;0.0;0.1044776119402985;0.0;0.07407407407407407;0.0;1.0;0.0;0.5;0.1;0.2727272727272727;0.0;;1.0
mahfud;0.05263157894736842;0.5;0.8543689320388349;0.4444444444444444;0.0;0.92;0.0;0.78125;0.2777777777777778;0.0;0.0;1.0;0.9117647058823529;0.6666666666666666;1.0;0.8955223880597015;0.9736842105263158;0.9259259259259259;0.5;0.0;1.0;0.5;0.9;0.7272727272727273;1.0;;0.0
