;tribunnews;metrotv;detik;kompas;viva;pikiranrakyat;jawapos;tvone;tempo;bisnisindonesia;antaranews;cnbcindonesia;republika;disway;kumparan;suara;sindo;liputan6;cnnindonesia;detikx
anies;0.26143497757847534;0.6283068783068783;0.23390036452004861;0.2726574500768049;0.2727272727272727;0.2692307692307692;0.22588235294117648;0.3162393162393162;0.25754884547069273;0.28714859437751006;0.18896321070234115;0.34967320261437906;0.26649746192893403;0.4315068493150685;0.3161290322580645;0.3181818181818182;0.04062126642771804;0.1329479768786127;0.09523809523809523;0.3333333333333333
prabowo;0.34618834080717487;0.20105820105820105;0.40643985419198053;0.3686635944700461;0.4982174688057041;0.4230769230769231;0.3517647058823529;0.38461538461538464;0.39431616341030196;0.3433734939759036;0.33277591973244147;0.3627450980392157;0.434010152284264;0.3561643835616438;0.432258064516129;0.42727272727272725;0.06212664277180406;0.35260115606936415;0.47619047619047616;0.3333333333333333
ganjar;0.3923766816143498;0.17063492063492064;0.3596597812879708;0.358678955453149;0.22905525846702318;0.3076923076923077;0.4223529411764706;0.29914529914529914;0.3481349911190053;0.36947791164658633;0.4782608695652174;0.2875816993464052;0.29949238578680204;0.21232876712328766;0.25161290322580643;0.2545454545454545;0.8972520908004779;0.5144508670520231;0.42857142857142855;0.3333333333333333
imin;0.2059064807219032;0.4253246753246753;0.20261437908496732;0.2765460910151692;0.18413978494623656;0.16110019646365423;0.1590909090909091;0.14487632508833923;0.1447721179624665;0.17391304347826086;0.11055276381909548;0.25333333333333335;0.17625899280575538;0.30851063829787234;0.1694915254237288;0.16326530612244897;0.024344569288389514;0.12307692307692308;0.23076923076923078;0.0
gibran;0.45447087776866285;0.4090909090909091;0.4550653594771242;0.3897316219369895;0.5309139784946236;0.46954813359528486;0.45;0.5265017667844523;0.5093833780160858;0.45962732919254656;0.45226130653266333;0.4266666666666667;0.5215827338129496;0.5319148936170213;0.6101694915254238;0.40816326530612246;0.07303370786516854;0.2153846153846154;0.23076923076923078;1.0
mahfud;0.33962264150943394;0.16558441558441558;0.3423202614379085;0.3337222870478413;0.2849462365591398;0.3693516699410609;0.39090909090909093;0.3286219081272085;0.34584450402144773;0.36645962732919257;0.4371859296482412;0.32;0.302158273381295;0.1595744680851064;0.22033898305084745;0.42857142857142855;0.9026217228464419;0.6615384615384615;0.5384615384615384;0.0
