;tribunnews;metrotv;detik;kompas;viva;pikiranrakyat;jawapos;tempo;bisnisindonesia;tvone;antaranews;cnbcindonesia;republika;disway;kumparan;suara;sindo;liputan6;cnnindonesia;detikx
anies;0.26632462686567165;0.6256756756756757;0.23764853033145716;0.27906976744186046;0.273308957952468;0.27395715896279593;0.2222222222222222;0.26199261992619927;0.2830957230142566;0.3115124153498871;0.19662921348314608;0.3432343234323432;0.2607594936708861;0.425531914893617;0.3263888888888889;0.30357142857142855;0.038944723618090454;0.12352941176470589;0.09523809523809523;0.3333333333333333
prabowo;0.33908582089552236;0.20270270270270271;0.40963101938711693;0.3656776263031275;0.4835466179159049;0.42164599774520856;0.34647550776583036;0.3892988929889299;0.35030549898167007;0.3792325056433409;0.3258426966292135;0.36633663366336633;0.44050632911392407;0.3546099290780142;0.4097222222222222;0.41964285714285715;0.05402010050251256;0.35294117647058826;0.47619047619047616;0.3333333333333333
ganjar;0.394589552238806;0.17162162162162162;0.3527204502814259;0.35525260625501204;0.24314442413162707;0.3043968432919955;0.43130227001194743;0.34870848708487084;0.3665987780040733;0.309255079006772;0.47752808988764045;0.29042904290429045;0.29873417721518986;0.2198581560283688;0.2638888888888889;0.2767857142857143;0.907035175879397;0.5235294117647059;0.42857142857142855;0.3333333333333333
imin;0.2048780487804878;0.41042345276872966;0.20649458784346378;0.2682080924855491;0.1810918774966711;0.16;0.15730337078651685;0.1523545706371191;0.16927899686520376;0.14705882352941177;0.112;0.2571428571428571;0.17406143344709898;0.29473684210526313;0.15966386554621848;0.1509433962264151;0.02462121212121212;0.12307692307692308;0.23076923076923078;0.0
gibran;0.45934959349593496;0.4234527687296417;0.45545378850957535;0.3884393063583815;0.5272969374167776;0.474;0.4449438202247191;0.5290858725761773;0.4702194357366771;0.5257352941176471;0.4613333333333333;0.42857142857142855;0.5324232081911263;0.5263157894736842;0.6218487394957983;0.39622641509433965;0.07765151515151515;0.23076923076923078;0.23076923076923078;1.0
mahfud;0.3357723577235772;0.16612377850162866;0.33805162364696084;0.34335260115606936;0.29161118508655126;0.366;0.39775280898876403;0.3185595567867036;0.3605015673981191;0.3272058823529412;0.4266666666666667;0.3142857142857143;0.2935153583617747;0.17894736842105263;0.2184873949579832;0.4528301886792453;0.8977272727272727;0.6461538461538462;0.5384615384615384;0.0
