;antaranews;tribunnews;kompas;tempo;viva;cnnindonesia;bisnisindonesia;liputan6;mediaindonesia;suara;sindo;republika;detik;disway;kontan;tvone;bloombergtechnoz;idntimes;metrotv;jawapos;tirto;cnbcindonesia;rri;kumparan;pikiranrakyat;cna;katadata
anies;0.07894736842105263;0.07142857142857142;0.08860759493670886;0.062162162162162166;0.1;0.08936170212765958;0.07335907335907337;0.06050955414012739;0.07731958762886598;0.06521739130434782;0.07142857142857142;0.140625;0.036036036036036036;0.05755395683453238;0.03940886699507389;0.08333333333333333;0.06382978723404255;0.0684931506849315;0.07042253521126761;0.06097560975609756;0.024096385542168676;0.016;0.06;0.038461538461538464;0.029411764705882353;0.06666666666666667;0.0
prabowo;0.8763157894736842;0.5665024630541872;0.8164556962025317;0.827027027027027;0.7739130434782608;0.6638297872340425;0.8648648648648649;0.8598726114649682;0.7371134020618557;0.8478260869565217;0.7091836734693877;0.71875;0.8558558558558559;0.8705035971223022;0.9458128078817734;0.7261904761904762;0.851063829787234;0.8904109589041096;0.8873239436619719;0.8414634146341463;0.8493975903614458;0.948;0.86;0.7692307692307693;0.8529411764705882;0.8666666666666667;0.95
ganjar;0.04473684210526316;0.3620689655172414;0.0949367088607595;0.11081081081081082;0.12608695652173912;0.24680851063829787;0.06177606177606178;0.07961783439490445;0.18556701030927836;0.08695652173913043;0.2193877551020408;0.140625;0.10810810810810811;0.07194244604316546;0.014778325123152709;0.19047619047619047;0.0851063829787234;0.0410958904109589;0.04225352112676056;0.0975609756097561;0.12650602409638553;0.036;0.08;0.19230769230769232;0.11764705882352941;0.06666666666666667;0.05
imin;0.0;0.0;0.0;0.0;0.0;0.0;0.0;0.0;0.2;0.0;0.0;0.0;0.0;0.0;0.0;0.06451612903225806;0.5;0.0;0.030303030303030304;0.0;0.0;0.0;0.0;0.0;0.0;;0.0
gibran;0.0;0.95;0.2376237623762376;0.5833333333333334;0.3333333333333333;0.09803921568627451;1.0;0.17647058823529413;0.4;0.8;1.0;0.03333333333333333;0.13333333333333333;0.3333333333333333;1.0;0.03225806451612903;0.0;0.1;0.0;0.5;0.0;0.14285714285714285;0.0;0.5555555555555556;0.3333333333333333;;1.0
mahfud;1.0;0.05;0.7623762376237624;0.4166666666666667;0.6666666666666666;0.9019607843137255;0.0;0.8235294117647058;0.4;0.2;0.0;0.9666666666666667;0.8666666666666667;0.6666666666666666;0.0;0.9032258064516129;0.5;0.9;0.9696969696969697;0.5;1.0;0.8571428571428571;1.0;0.4444444444444444;0.6666666666666666;;0.0
