;tribunnews;metrotv;detik;kompas;pikiranrakyat;viva;antaranews;tvone;tempo;jawapos;cnbcindonesia;bisnisindonesia;disway;kumparan;republika;suara;sindo;liputan6;cnnindonesia;detikx
anies;0.26461432030439297;0.6431014823261118;0.21568627450980393;0.25676567656765675;0.28645383951682485;0.2667844522968198;0.21676545300592717;0.3443478260869565;0.2640990371389271;0.2139588100686499;0.3880952380952381;0.28051001821493626;0.4652173913043478;0.3508771929824561;0.265993265993266;0.35294117647058826;0.04296455424274973;0.13609467455621302;0.1875;0.16666666666666666
prabowo;0.35351089588377727;0.20866590649942987;0.42236354001059884;0.38415841584158417;0.44779982743744606;0.5644876325088339;0.36494496189669773;0.38956521739130434;0.3810178817056396;0.39816933638443935;0.3476190476190476;0.3679417122040073;0.4;0.43859649122807015;0.49158249158249157;0.416289592760181;0.08270676691729323;0.3668639053254438;0.5;0.5
ganjar;0.3818747838118298;0.14823261117445838;0.36195018547959723;0.3590759075907591;0.2657463330457291;0.1687279151943463;0.4182895850973751;0.26608695652173914;0.35488308115543327;0.3878718535469107;0.2642857142857143;0.35154826958105645;0.13478260869565217;0.21052631578947367;0.24242424242424243;0.23076923076923078;0.874328678839957;0.4970414201183432;0.3125;0.3333333333333333
imin;0.22887767969735182;0.4672131147540984;0.21070931849791377;0.31431431431431434;0.24503311258278146;0.1903584672435105;0.17848101265822786;0.19293478260869565;0.1623931623931624;0.1751412429378531;0.2229299363057325;0.2128205128205128;0.348993288590604;0.23863636363636365;0.1702127659574468;0.23809523809523808;0.01694915254237288;0.14864864864864866;0.3157894736842105;0.0
gibran;0.4583858764186633;0.3729508196721312;0.4853963838664812;0.4034034034034034;0.41721854304635764;0.5636588380716935;0.46835443037974683;0.4891304347826087;0.4444444444444444;0.4896421845574388;0.39490445859872614;0.4666666666666667;0.5167785234899329;0.5397727272727273;0.5425531914893617;0.36904761904761907;0.09322033898305085;0.21621621621621623;0.2631578947368421;0.75
mahfud;0.31273644388398486;0.1598360655737705;0.303894297635605;0.2822822822822823;0.33774834437086093;0.24598269468479605;0.3531645569620253;0.3179347826086957;0.39316239316239315;0.3352165725047081;0.3821656050955414;0.32051282051282054;0.1342281879194631;0.2215909090909091;0.2872340425531915;0.39285714285714285;0.8898305084745762;0.6351351351351351;0.42105263157894735;0.25
