;tribunnews;metrotv;detik;kompas;viva;pikiranrakyat;antaranews;tvone;jawapos;tempo;bisnisindonesia;cnbcindonesia;disway;kumparan;republika;suara;sindo;liputan6;detikx;cnnindonesia
anies;0.26038781163434904;0.6838709677419355;0.21052631578947367;0.2530769230769231;0.2754195459032576;0.2621951219512195;0.18958333333333333;0.32751937984496127;0.20048899755501223;0.2402044293015332;0.29132231404958675;0.40425531914893614;0.4438202247191011;0.3377777777777778;0.248;0.35;0.03275109170305677;0.125;0.25;0.0
prabowo;0.33557578155916107;0.1703225806451613;0.4059286146400484;0.36846153846153845;0.5478775913129319;0.43902439024390244;0.35625;0.40310077519379844;0.38508557457212717;0.3679727427597956;0.34710743801652894;0.2872340425531915;0.39325842696629215;0.4266666666666667;0.504;0.47;0.05786026200873363;0.35714285714285715;0.25;0.4444444444444444
ganjar;0.4040364068064899;0.14580645161290323;0.3835450695704779;0.37846153846153846;0.17670286278381048;0.29878048780487804;0.45416666666666666;0.2693798449612403;0.41442542787286063;0.39182282793867124;0.3615702479338843;0.30851063829787234;0.16292134831460675;0.23555555555555555;0.248;0.18;0.9093886462882096;0.5178571428571429;0.5;0.5555555555555556
imin;0.23359901900674432;0.4337606837606838;0.22466666666666665;0.3045078196872125;0.19460726846424384;0.21568627450980393;0.17801047120418848;0.18441558441558442;0.17805755395683454;0.1535181236673774;0.2128146453089245;0.2222222222222222;0.3105590062111801;0.22950819672131148;0.17412935323383086;0.21311475409836064;0.018121911037891267;0.1125;0.0;0.2857142857142857
gibran;0.45309625996321273;0.4017094017094017;0.474;0.40754369825206993;0.5580304806565064;0.43790849673202614;0.468586387434555;0.5038961038961038;0.5;0.464818763326226;0.4691075514874142;0.4074074074074074;0.5279503105590062;0.5683060109289617;0.5422885572139303;0.32786885245901637;0.08401976935749589;0.225;0.6666666666666666;0.23809523809523808
mahfud;0.3133047210300429;0.16452991452991453;0.30133333333333334;0.28794848206071755;0.2473622508792497;0.3464052287581699;0.35340314136125656;0.3116883116883117;0.32194244604316546;0.3816631130063966;0.3180778032036613;0.37037037037037035;0.16149068322981366;0.20218579234972678;0.2835820895522388;0.45901639344262296;0.8978583196046128;0.6625;0.3333333333333333;0.47619047619047616
